locode,name,lat,lon
AEABU,Abu al Bukhoosh,25.4833,53.1333
AEAJP,Al Jeer Port,26.0333,56.05
AEAMF,Musaffah,24.3833,54.4833
AEAMU,Abu Musa,25.8667,55.0167
AEARP,Ahmed Bin Rashid Port,25.5333,55.55
AEAUH,Abu Dhabi,24.4667,54.3667
AEDAS,Das Island,24.3167,52.6
AEDBP,Dibba,25.6167,56.2667
AEDUJ,The Palm Jumeirah,40.4167,-75.5333
AEDXB,Dubai,25.25,55.2667
AEEND,Esnnad,24.3167,54.45
AEFJR,Al Fujayrah,25.1167,56.3333
AEFRP,Free Port,25.25,55.25
AEHSN,Hassyan,24.9,54.9
AEHTL,Hulaylah Terminal,25.9833,55.9333
AEHZP,Hamriya Free Zone Port,25.3,55.3167
AEJAZ,Al Jazeera Port,25.7167,55.8
AEJEA,Jebel Ali,25.0,55.05
AEJED,Jebel Dhanna,63.3167,12.5333
AEKHL,Mina Khalifa/Abu Dhabi,24.8333,54.6667
AEKLB,Kalba,25.0667,56.35
AEKLF,Khor al Fakkan,25.3333,56.35
AEMBS,Mubarras Island,24.5833,53.3167
AEMKH,Mina Khalid,25.35,55.3667
AEMRP,Mina Rashid Port,25.2667,55.2833
AEMSA,Mina Saqr,25.9667,56.0667
AEMUB,Mubarek Terminal,42.0833,19.0833
AEMZD,Mina Zayed/Abu Dhabi,24.5167,54.3667
AEPRA,Port Rashid,25.2667,55.2833
AEQIW,Umm al Quwain,25.5833,55.5833
AEQWE,Jebel Ali Free Zone,25.0,55.05
AERFA,Mirfa,25.4667,53.4833
AERKP,Rak Khor Port,25.8167,55.95
AERKT,Ras al Khaimah,25.7833,55.95
AERMC,Rak Maritime City,25.95,56.05
AERUW,Ar Ruways,24.1167,52.7333
AERWP,Ruwais Port,24.1,52.7167
AESHJ,Sharjah,25.35,55.3833
AESID,Sadiyat Island,24.5333,54.4
AEULR,Umm Al Nar,24.4333,54.5
AEYAS,Yas Island,24.3167,52.6
AEZUR,Zirku Island,24.8833,53.0667
AFDHD,Dehdadi,36.65,66.9833
AFQLT,Qalat,32.1,66.8833
AFRKH,Torkham,34.8833,71.9167
AGBBQ,Barbuda,42.0833,19.0833
AGFAM,Falmouth,17.0167,-61.7833
AGPHM,Parham,17.0833,-61.75
AGSJO,Saint John's,17.1167,-61.85
AIFOR,The Forest,43.1,-82.0
AIMBB,Meads Bay Beach,18.1667,-63.1333
AIRBY,Road Bay,18.2,-63.0833
AISOM,Sombrero,18.6,-63.4667
ALBUT,Butrint,39.75,20.0167
ALDRZ,Durres,59.4833,10.3667
ALHMR,Himare,40.1333,19.7167
ALROM,Romano Port,41.3667,19.4167
ALSAR,Sarande,39.8833,20.0
ALSHG,Shengjin,41.8,19.5667
ALVOA,Vlore,40.4667,19.4833
AOBAB,Baba,-14.8333,12.2333
AOBDD,Barra do Dande,-11.0833,-43.1333
AOBDT,Baia dos Tigres,-16.6,11.7333
AOCPO,Capulo,-7.9833,13.1667
AOCUI,Cuio,-12.9833,12.9833
AODAL,Dalia,-7.6833,11.7833
AOETN,Essungo Terminal,-6.3333,12.1667
AOFBY,Farta Bay,-12.6167,13.2
AOFLT,Futila Terminal,-5.45,12.1833
AOGIM,Gimboa,-7.5333,12.1667
AOGIR,Girassol Terminal,-7.6333,11.6833
AOGPO,Greater Plutonio,-7.8333,12.1167
AOLBT,Lombo Terminal,-6.9833,12.35
AOLOB,Lobito,-10.0833,-78.1833
AONQI,Noqui,-5.85,13.4333
AONTO,N'Zeto,-7.2333,12.8667
AOPAT,Palanca Terminal,61.2167,17.15
AOPBN,Porto Amboim,41.15,-8.6167
AOPLE,Tombua,-15.8167,11.85
AOPSA,Porto Saco (Portosalazar),-15.1333,12.1333
AORSN,River Sao Nicolau,-14.25,12.3333
AOSTL,Sazaire Terminal,-6.0833,12.3833
AQABA,Aboa,-73.05,-13.4167
AQAPT,Arturo Prat,-62.5,-59.6833
AQARC,Arctowski,-62.15,-58.4667
AQART,Artigas,-62.1833,-58.9
AQBHN,Bellingshausen,-62.1833,-58.95
AQCAS,Casey Station,-66.2833,110.5167
AQCFZ,Comandante Ferraz,-62.0833,-58.3833
AQDAV,Davis Station,-68.5667,77.9667
AQDDU,Dumont d'Urville Station,-66.65,140.0
AQESC,Escudero,-62.2,-58.95
AQESP,Esperanza,-63.3833,-56.9833
AQGWL,Great Wall,-62.2167,-58.9667
AQHLY,Halley,-75.5667,-26.5333
AQJBS,Jang Bogo Station,-74.6,164.2
AQJCP,Juan Carlos Primero,-62.65,-60.3833
AQJUB,Jubany,-62.2333,-58.65
AQKHN,Kohnen,-75.0,0.0667
AQKSG,King Sejong,-62.2167,-58.7833
AQLAW,Law Base,-69.3833,76.3833
AQMAW,Mawson Station,-67.6,62.8667
AQMCM,McMurdo,-77.8333,166.6667
AQMIR,Mirny,-66.55,93.0
AQMRB,Marambio,-64.2333,-56.65
AQMZU,Mario Zucchelli,-74.6833,164.1167
AQOHG,General Bernardo O'higgins,-63.3167,-57.9
AQORC,Orcadas,-60.7333,-44.7333
AQPFS,Port Foster,-63.0,-60.5667
AQPLM,Palmer,-64.7667,-64.05
AQPRO,Progress,-69.4,76.3833
AQROT,Rothera,-67.5667,-68.1167
AQSGN,Signy,-60.7167,-45.6
AQSMT,San Martin,-68.1167,-67.1
AQSYW,Syowa,-69.0,39.5833
AQVKY,Vernadsky,-65.2333,-64.25
AQWSA,Wasa,-73.05,-13.4167
AQZGN,Zhongshan,-69.3667,76.3833
ARACF,Arrecifes,-34.0833,-60.1167
ARASO,Arroyo Seco,-33.1333,-60.4333
ARBHI,Bahia Blanca,-38.7167,-62.2833
ARBQS,Barranqueras,-11.0833,-43.1333
ARBUE,Buenos Aires,-34.5833,-58.6667
ARBUI,Ingeniero Buitrago,-33.35,-60.1333
ARBVC,Bella Vista,-28.5,-59.05
ARCBS,Chimbas,-31.4833,-68.5333
ARCDL,Candelaria,-27.45,-55.75
ARCHO,Chilecito,-29.1667,-67.5
ARCLC,Caleta Cordoba,-45.7333,-67.0667
ARCMP,Campana,-34.15,-58.95
ARCOL,Colon,-32.2167,-58.1333
ARCOU,Concepcion del Uruguay,-32.4833,-58.2333
ARCRD,Comodoro Rivadavia,-33.1833,-68.4667
ARCRY,Colonia Caroya,-32.2167,-58.1333
ARCSA,Cabo San Antonio,-36.0333,-56.5667
ARCUA,Cuatreros/Bahia Blanca,-38.7167,-62.2833
ARDGU,Del Guazu,-33.9,-58.8667
ARDME,Diamante,-32.0667,-60.65
ARDSU,Dock Sur,-34.65,-58.3333
ARFMA,Formosa,60.1667,5.4667
ARGEO,Agrelo,-33.1167,-68.8833
ARGHU,Gualeguaychu,-33.0167,-58.5167
ARIBY,Ibicuy,-33.7333,-59.1667
ARINW,Ingeniero White/Bahia Blanca,-38.7833,-62.2667
ARIQO,Coquimbito,-32.9667,-68.75
ARJLS,Jose Leon Suarez,60.1667,5.4667
ARLAV,Lavalle,-28.2,-65.1333
ARLCU,Lujan de Cuyo,-33.05,-68.8667
ARLPG,La Plata,-34.85,-57.8833
ARLPM,La Paz,-33.4667,-67.55
ARLPS,Las Palmas,-34.0167,-59.1167
ARLUJ,Lujan,-34.5667,-59.1
ARLZG,Luzuriaga,-32.95,-68.8167
ARMDQ,Mar del Plata,-38.05,-57.5333
ARNOS,Molinos,-25.4167,-66.3167
AROVI,Olavarria,-36.8833,-60.3333
AROYA,Goya,35.2333,136.85
AROYO,Tres Arroyos,-38.3833,-60.2833
ARPAL,Puerto Alumbrera,-32.65,-60.75
ARPBG,Puerto Belgrano/Bahia Blanca,-38.7167,-62.2833
ARPCO,Punta Colorada,-41.7,-65.0
ARPCY,Pilcomayo,49.05,4.0
ARPEL,Puerto Eldorado,-26.35,-54.6833
ARPGV,Puerto Galvan/Bahia Blanca,-38.7167,-62.2833
ARPLA,Puerto Lavalle,-29.0167,-59.1833
ARPLO,Punta Loyola,1.0,15.9
ARPME,Punta Medanos,-36.8333,-56.6667
ARPMY,Puerto Madryn,-42.75,-65.0333
ARPNL,Puerto Nacional/Bahia Blanca,-38.7167,-62.2833
ARPP9,Pablo Podesta,-34.6,-58.5167
ARPRA,Parana,-31.7333,-60.5333
ARPRS,Puerto Rosales/Bahia Blanca,-38.9333,-62.0667
ARPSS,Posadas,60.1667,5.4667
ARPUD,Puerto Deseado,-47.75,-65.9
ARPWA,Puerto Wanda,-25.9667,-54.6
ARQBR,Quebracho/San Lorenzo,-32.65,-60.7167
ARQQN,Quequen,-38.5333,-58.7
ARRAM,Ramallo,12.15,-84.2167
ARRFO,Rosario de la Frontera,-25.8,-64.9667
ARRGA,Rio Grande,-53.7833,-67.7
ARRGL,Rio Gallegos,-51.6333,-69.2167
ARRIC,Rio Cullen,-52.8,-68.1833
ARRIV,Rivadavia,-33.1833,-68.4667
ARROC,Puerto Ingeniero M. Rocca,-34.85,-57.9333
ARROS,Rosario,-32.95,-60.65
ARRSF,Resinfor,-32.65,-60.7333
ARRWO,Rawson,-43.3,-65.1
ARRZA,Santa Cruz,-50.0167,-68.4167
ARSAE,San Antonio Este,-40.8,-64.7333
ARSAN,Santa Ana,-27.3333,-55.5833
ARSCA,San Carlos,-33.7667,-69.0333
ARSFE,San Fernando,36.4667,-6.2
ARSFN,Santa Fe,-31.6,-60.6833
ARSIG,San Ignacio,-27.2667,-55.5667
ARSLO,San Lorenzo,1.25,-78.8333
ARSMA,San Martin,-32.7167,-60.7333
ARSMR,San Martin,-33.0667,-68.4667
ARSNS,San Nicolas de los Arroyos,-33.3333,-60.2333
ARSPD,San Pedro,-33.6833,-59.1667
ARSSJ,San Salvador de Jujuy,-24.1833,-65.3
ARSSN,San Sebastian,-53.3,-68.4667
ARSTA,Santa Rosa,-33.25,-68.15
ARTIM,Timbues,-32.6333,-60.7833
ARTUC,Tucuman,-26.8167,-65.2167
ARTUN,Tunuyan,-33.5667,-69.0167
ARULA,San Julian,-49.3,-67.7167
ARURD,Urdurrain,-32.6833,-58.8833
ARUSH,Ushuaia,-54.8,-68.3
ARVCN,Villa Constitucion,-33.2333,-60.3333
ARVHE,Villa Hernandarias,-31.2333,-59.9833
ARVLO,Vicente Lopez,-34.5167,-58.4833
ARXPD,San Pedro,-33.6833,-59.1667
ARZAE,Zarate,-34.1,-59.0333
ASPPG,Pago Pago,14.2667,-170.7
AT7PZ,Prinzersdorf,48.2,15.5167
ATATK,Paternion,46.7,13.6333
ATATN,Asten,48.2167,14.4
ATAWH,Altenworth,48.3833,15.85
ATBFS,Bischofshofen,47.4167,13.2167
ATBNN,Hobersbrunn,48.5,16.5667
ATBOE,Bohlerwenk,47.9833,14.75
ATBRI,Engabrunn,48.45,15.75
ATBRZ,Bregenz,47.5,9.7667
ATDFC,Engerwitzdorf,48.35,14.45
ATDKZ,Deutschkreutz,47.6,16.6333
ATDOF,Hadersdorf,48.45,15.7167
ATDRA,Drasenhofen,48.75,-16.65
ATDRO,Dross,48.45,15.5667
ATDUE,Durnstein,48.3833,15.5167
ATDWA,Deutsch Wagram,48.3,16.5667
ATEBR,Ebreichsdorf,47.95,16.4
ATEIN,Hoflein,48.0667,16.7833
ATEPD,Erpersdorf,48.3333,15.9
ATERL,Erl,47.6667,12.1667
ATERM,Vordernberg,47.4667,15.0
ATERO,Engelmannsbrunn,48.45,15.8833
ATERR,Dobermannsdorf,48.6,16.8167
ATETZ,Rietz,47.2833,11.05
ATEWD,Eibiswald,46.6833,15.8333
ATFBZ,Sankt Stefan ob Stainz,46.9167,15.25
ATFG7,Achau,48.6667,-162.5
ATFHR,Fehring,46.9333,16.0
ATFNA,Freudenau,48.1833,16.4333
ATFPS,Fulpmes,47.15,11.35
ATFSU,Faistenau,47.7667,13.2167
ATGA6,Gamlitz,46.7167,15.55
ATGDN,Gmunden,47.9167,13.8
ATGFS,Greifenstein,48.3333,16.2333
ATGGU,Oggau,47.8333,16.6667
ATGHH,Haugsdorf,48.7,16.0667
ATGHJ,Krustetten,48.3667,-154.0
ATGRN,Grein,48.2167,14.8333
ATGSN,Gutenstein,47.8667,15.8833
ATHKM,Hadersdorf-Kammern,48.45,15.7167
ATIEG,Limberg,48.5833,15.8667
ATITN,Hausleiten,48.3833,16.1
ATJDD,Judendorf,47.1167,15.35
ATJPS,Japons,48.7833,15.5667
ATKAM,Kammern im Liesingtal,47.4,14.9
ATKFD,Knittelfeld,47.2,14.8167
ATKMB,Krummnussbaum,48.2167,15.1667
ATKTT,Kematen in Tirol,47.25,11.2667
ATLKN,Falkenstein,48.7167,13.5833
ATLTS,Leutschach,46.6667,15.4667
ATLTX,Hainfeld,48.0333,15.7667
ATLUA,Lembach,48.4833,13.8833
ATLZD,Langenzersdorf,48.3,16.35
ATMAB,Marbach an der Donau,48.2167,15.15
ATMAN,Manning,48.0833,13.6667
ATMBS,Morbisch am See,47.75,16.6667
ATMKA,Markt Allhau,47.2333,16.0833
ATMKC,Mitterkirchen,48.1833,14.7
ATNAD,Neuhofen an der Ybbs,48.05,14.85
ATND2,Nickelsdorf,47.9333,17.0667
ATNFN,Neufelden,48.4833,13.9833
ATNGG,Neudegg,48.4833,15.8833
ATNNN,Donnerskirchen,47.9,16.6333
ATNT9,Muthmannsdorf,47.8333,16.1
ATNUZ,Nuziders,47.1833,9.8
ATOSH,Ottensheim,48.3333,14.1833
ATPAS,Podersdorf am See,47.85,16.8333
ATPBU,Persenbeug,48.1833,15.0667
ATPET,Petzenkirchen,48.1333,15.15
ATRAD,Radstadt,47.3833,13.45
ATREG,Regau,48.0833,14.1333
ATRHN,Ranshofen,48.2333,13.0
ATRHR,Rohrau,48.0667,16.85
ATRRF,Ruhrsdorf,48.4,15.5
ATSAG,Schutzen am Gebirge,47.85,16.6167
ATSAK,Sankt Aegidi,48.4833,13.75
ATSFT,Senftenberg,48.4333,15.55
ATSGS,Sankt Georgen bei Salzburg,47.9833,12.8833
ATSK3,Sankt Margrethen,46.6333,14.3833
ATSMK,Schonau im Muhlkreis,48.3833,14.7333
ATSMR,Sankt Margarethen an der Raab,47.05,15.75
ATSPG,Spannberg,48.45,16.7333
ATSPZ,Spitz,48.3667,15.4167
ATSSS,Steinberg,47.4833,16.4833
ATST6,Straden,46.8,15.8667
ATSTD,Steeg,47.6,13.6333
ATSUH,Sankt Ulrich,48.6,16.7667
ATSUS,Steinhaus,48.1167,14.0167
ATSVM,Sankt Veit im Muhlkreis,48.4667,14.15
ATSWH,Gross-Schweinbarth,48.4,16.6167
ATSXA,Bernhardsthal,48.6833,16.8667
ATTAM,Tamsweg,47.1333,13.8
ATTEN,Hausmannstatten,46.9833,15.5
ATTFS,Terfens,47.3167,11.65
ATTHS,Theiss,48.3833,15.6833
ATTKP,Taufkirchen an der Pram,48.4167,13.5333
ATTMR,Traismauer,48.3333,15.7333
ATTTL,Schrattenthal,48.7,15.9
ATVEL,Velden,46.6167,14.05
ATWDF,Weitendorf,46.8833,15.4667
ATWEU,Weinburg,48.1,15.5167
ATWSE,Wallsee,48.1667,14.7167
ATWUL,Wulkaprodersdorf,47.8,16.5
ATXAE,Oehling,48.1,14.8
ATXXX,RIS Inland waterways,-38.0,145.1167
ATZIN,Inzersdorf an der Traisen,48.3167,15.6667
ATZLF,Jetzelsdorf,48.7,16.05
ATZNG,Zobing,48.4833,15.6833
ATZRF,Ketzelsdorf,48.65,16.65
AU5CI,Selby,-37.9167,145.3833
AUABP,Abbot Point,-19.9,148.0833
AUADL,Adelaide,-34.9167,138.5833
AUAGS,Augusta,-34.3167,115.1667
AUALD,Aldgate,-35.0167,138.7333
AUALI,Australind,-33.2833,115.7167
AUALP,Abell Point,-20.2667,148.7167
AUAMR,Amrun,-12.9167,141.6167
AUANN,Annandale,-33.8833,151.1667
AUAPP,Applecross,-32.0167,115.8333
AUARD,Ardrossan,55.6167,-4.8167
AUASB,Ashburton,-21.6833,115.0
AUASH,Ashton,-34.9333,138.7333
AUATT,Attadale,-32.0167,115.7833
AUBAA,Balhannah,-34.9833,138.8333
AUBAE,Baerami,-32.4,150.4833
AUBAL,Balnarring,-38.3667,145.1333
AUBAR,Barry Beach,-38.7,146.3833
AUBBG,Bing Bong,-15.6,136.35
AUBBL,Beelbangera,-34.2667,146.1
AUBBY,Bremer Bay,-34.3833,119.3667
AUBDY,Bomaderry,-34.85,150.6167
AUBE9,Belrose,-33.7333,151.2167
AUBEL,Bell Bay,49.05,4.0
AUBFD,Beresfield,-32.8,151.65
AUBIC,Bicheno,-41.8667,148.2833
AUBKE,Berkeley Vale,-33.35,151.4333
AUBLP,Black Point,-11.15,132.15
AUBNE,Brisbane,-27.4667,153.0167
AUBNK,Ballina,54.1167,-9.1667
AUBNN,Bannockburn,-38.05,144.1667
AUBNY,Blayney,-33.5333,149.25
AUBOB,Bobin,-31.7167,152.2833
AUBOD,Boondall,-27.3333,153.05
AUBOL,Bridgewater-on-Loddon,-36.6,143.95
AUBOO,Booby Island,-10.6,141.9167
AUBOT,Boort,-36.1167,143.7167
AUBOU,Boundary Bend,-34.7,143.15
AUBOV,Blacktip Terminal,-14.4,129.35
AUBOY,Boyer,-42.8333,147.3
AUBPO,Bridport,-41.0,147.4
AUBRR,Berrys Creek,-38.4167,146.0667
AUBRT,Bathurst Island,50.6167,3.7667
AUBSA,Brighton-Le-Sands,-33.95,151.15
AUBTB,Botany Bay,49.05,4.0
AUBUC,Burketown,-17.7333,139.5333
AUBUL,Bulli,-34.3,150.9167
AUBUS,Busselton,59.4667,17.3833
AUBUV,Buffalo Venture,59.4833,10.3667
AUBUY,Bunbury,50.9,-0.5667
AUBVD,Belvidere,-35.3,138.9333
AUBWB,Barrow Island,42.0833,19.0833
AUBWI,Bulwer,-27.0667,153.3667
AUBYY,Bushy Park,-37.8667,147.0333
AUC8R,Cromer,-34.7667,139.0
AUCAP,Capalaba,-27.5167,153.1833
AUCAR,Carina Heights,-27.5,153.0833
AUCBA,Corio Bay,-38.1167,144.4333
AUCBO,Carboor,-36.6333,146.55
AUCDN,Clarendon,-35.1167,138.6333
AUCHB,Catherine Hill Bay,50.6167,3.7667
AUCHE,Chermside,-27.3833,153.1667
AUCHV,Challis Venture (oil terminal),-12.1167,125.0167
AUCLF,Carlingford,-33.7833,151.05
AUCLL,Collan Islands,56.6167,-6.5167
AUCLM,Claremont,-31.9833,115.7833
AUCLR,Clarence River,-33.8333,138.6
AUCMB,Cambridge,-42.8333,147.45
AUCMO,Como,-34.0,151.0667
AUCMP,Camperdown,-33.8833,151.1667
AUCN6,Chinderah,-28.2333,153.55
AUCNW,Coonawarra,-37.3,140.8167
AUCOO,Coomera,-27.8833,153.3
AUCOP,Cossack Pioneer (oil terminal),-19.5833,116.45
AUCOU,Coolum,-26.55,153.0833
AUCOW,Cowaramup,-33.8667,115.0833
AUCPN,Cape Preston,53.75,-2.7167
AUCPR,Coorparoo,-27.5,153.05
AUCRF,Crafers,-35.0,138.7
AUCRL,Coral Bay,-23.1333,113.7667
AUCRS,Coral Sea,-19.0833,150.9
AUCRU,Cronulla,-34.05,151.15
AUCRV,Coromandel Valley,-35.05,138.6167
AUCST,Coldstream,-37.7167,145.3667
AUCTE,Cottesloe,-32.0,115.7667
AUCTH,Thevenard Island,-21.45,114.9833
AUCTI,Cockatoo Island,-16.1,123.6167
AUCTN,Cooktown,30.8833,-98.4667
AUCTT,Cottles Bridge,-37.6333,145.2167
AUCUN,Caufield North,-37.8667,14.85
AUCVL,Clovelly,-33.9,151.25
AUCVN,Cleveland,-27.5333,153.2667
AUCVQ,Carnarvon,59.4667,17.3833
AUCVS,Caversham,-31.8833,115.9667
AUDA5,Twowells,-34.6,138.5
AUDAL,Dalton,-34.7167,149.1833
AUDAR,Dardanup,-33.4,115.75
AUDFE,Longwood,59.4667,17.3833
AUDGA,Tea Gardens,-32.6667,152.15
AUDHI,Dhipirrinjura,-12.25,135.0833
AUDIA,Diamond Creek,-37.6667,145.15
AUDIL,Cowandilla,-34.9167,138.55
AUDIT,Dalrymple Islet,-9.6,143.3
AUDLP,Arndell Park,-33.7833,150.8667
AUDON,Cape Don,-11.3167,131.75
AUDPO,Devonport,50.3667,-4.1833
AUDRB,Derby,52.9333,-1.5
AUDRW,Darwin,-12.45,130.8333
AUDRY,Drysdale,-38.1667,144.5667
AUDSW,Padstow,-33.95,151.0333
AUEDE,Eden Valley,-34.65,139.1
AUELB,Elizabeth Bay,-11.9,136.55
AUELE,Electrona,59.4667,17.3833
AUELT,Eltham,-37.7333,145.15
AUEVL,Evans Landing,-12.6667,141.85
AUEXM,Exmouth Gulf,50.5833,-3.4
AUFIN,Findon,-34.9,138.5333
AUFLD,Frankland,-34.3667,114.0667
AUFLN,Flynn,-38.1667,146.6833
AUFRE,Fremantle,59.4833,10.3667
AUFRY,Port Fairy,-38.3667,142.2333
AUFWT,Freshwater,-33.7667,151.2833
AUGBT,Garbutt,-19.2667,146.7667
AUGEE,George Town,13.2667,-61.1167
AUGEM,Gembrook,-37.95,145.55
AUGET,Geraldton,59.4667,17.3833
AUGEX,Geelong,51.1667,5.0
AUGLL,Glebe Island,0.8333,128.3167
AUGLT,Gladstone,42.8333,17.7
AUGOA,Goolwa,-35.5,138.7833
AUGOH,Gove Harbour,-12.2167,136.6667
AUGOR,Gordon,-37.5833,144.1
AUGOV,Gove,-12.2167,136.6667
AUGRB,Gravelly Beach,-41.3,146.9667
AUGRH,Greenhead,59.4833,10.3667
AUGRK,Greenock,-34.4667,138.9167
AUGRU,Gruyere,-37.7333,145.45
AUGRV,Griffin Venture (oil terminal),-21.2167,114.6333
AUGTW,Great Western,-37.15,142.85
AUGUM,Gumeracha,-34.8333,138.8833
AUGUR,The Gurdies,-38.3667,145.55
AUHAH,Hahndorf,-35.0333,138.8
AUHAM,Hampton,-38.3333,145.25
AUHAS,Hastings,-38.3,145.25
AUHBA,Hobart,-42.8667,147.3
AUHBE,Heatherbrae,-32.7833,151.7333
AUHDD,Hoddles Creek,-37.8333,145.5833
AUHFR,Henderson,-32.1667,115.7667
AUHNK,Hinchinbrook Island,-18.3833,146.2833
AUHPP,Happy Valley,-35.0833,138.5333
AUHPT,Hay Point,49.05,4.0
AUHTH,Heathcote,-36.9167,144.7167
AUHTT,Halletts Cove,-35.0667,138.5
AUHWD,Hanwood,-34.3333,146.0333
AUHYI,Hardy Island,-53.0833,73.7167
AUIGF,Ingle Farm,-34.8333,138.6333
AUIPS,Ipswich,42.7333,-71.85
AUIRY,Irymple,-34.25,142.1667
AUJML,Laurieton,-31.65,152.8
AUKAN,Kangarilla,-35.15,138.65
AUKAY,Kayena,-41.1833,146.8833
AUKEI,Keith,-36.1,140.35
AUKIB,King Bay,49.05,4.0
AUKIT,Kingston,13.1333,-61.2167
AUKJH,Welland,-34.9,138.5333
AUKLL,Maryknoll,-38.9167,145.6
AUKNG,Kensington Gardens,-35.5333,139.1
AUKRB,Karumba,-17.4833,140.8333
AUKTR,Katherine,50.6167,3.7667
AUKUR,Kurnell,51.2167,5.8
AULAB,Lady Barron,42.0833,19.0833
AULAN,Langarra,-12.0833,135.35
AULEN,Lakes Entrance,-37.8833,147.9833
AULKU,Torrensville,59.4833,10.3667
AULME,Bangholme,58.9,-2.9
AULMQ,Lake Macquarie,-33.0667,151.6
AULOW,Lisarow,-33.3833,151.3667
AULST,Launceston,42.8333,17.7
AULUB,Lucky Bay,-33.6833,136.9167
AULYD,Lilydale,-37.75,145.3667
AUMAR,Marrickville,-33.9167,151.1667
AUMBY,Maribyrnong,-37.7833,144.8833
AUMDC,Mordialloc,-38.0167,145.0833
AUMEL,Melbourne,-37.8167,144.9667
AUMHW,Mount Hawthorn,-31.9167,115.8333
AUMIB,Milner Bay,49.05,4.0
AUMID,Midland,31.8833,-115.9833
AUMKY,Mackay,-21.15,149.2
AUMLI,Melville Island,-11.55,130.9333
AUMLL,Mooloolaba,-26.6833,153.1333
AUMOK,Moorook,-34.2833,140.35
AUMON,Montara Field,-13.0833,124.0833
AUMOW,Mowbray Heights,-41.3833,147.1333
AUMQI,Macquarie Island,-54.4833,158.9333
AUMRK,Macquarie Park,-33.7667,151.1167
AUMRS,Melrose,60.1667,5.4667
AUMWA,Mulwala,-36.0,146.0
AUNB2,North Bridge,-33.8,151.2167
AUNEQ,Nericon,-34.2,146.0333
AUNGH,Nganhurra,-21.4833,114.0
AUNHU,Nhulunbuy,-12.1833,136.7833
AUNIV,Ningaloo Vision,-21.4,114.0833
AUNLK,New Norfolk,-42.7833,147.0667
AUNSB,Broke,-32.75,151.1
AUNTL,Newcastle,54.2167,-5.9
AUOKF,Oak Flats,-34.55,150.8167
AUONS,Onslow,-21.65,115.1
AUOSB,Osborne Island,51.0333,5.8167
AUP6D,Aspendale,-38.0333,145.1
AUPAE,Port Adelaide,-34.9167,138.5833
AUPAG,Paddington,-33.8833,151.2167
AUPAL,Palmerston,-12.4667,130.8333
AUPAU,Port Arthur,29.8833,-93.9167
AUPBN,Port of Brisbane,-27.3833,153.1667
AUPBT,Port Botany,42.2667,8.75
AUPBY,Port Bonython,59.4667,17.3833
AUPDI,Port Denison,-29.2667,114.9333
AUPEN,Pendle Hills,-33.8,150.95
AUPER,Perth,-31.95,115.85
AUPEX,Exmouth,50.5833,-3.4
AUPHP,Point Henry Pier/Melbourne,-38.1167,144.4333
AUPHR,Prahran,-37.85,145.0
AUPHU,Port Huon,42.9667,-82.4167
AUPIC,Picton,-34.1833,150.6
AUPIS,Phillip Island,-38.4833,145.2333
AUPJK,Port Jackson,51.5,5.5
AUPKY,Port Kenny,-33.1667,134.6833
AUPMK,Palm Island,40.4167,-75.5333
AUPOR,Port Melbourne,-37.8333,144.9333
AUPRB,Proper Bay,49.05,4.0
AUPRC,Price,34.9,-87.4667
AUPSM,Point Samson,50.4667,4.9833
AUPTI,Port Douglas,54.1667,-4.4833
AUPTJ,Portland,-35.8,174.3167
AUPTL,Port Alma,44.3167,-91.9167
AUPTW,Port Willunga,-35.2667,138.45
AUPUG,Port Augusta,-34.3167,115.1667
AUPWI,Point Wilson,51.5,5.5
AUPWR,Port Warrender,59.4833,10.3667
AUPYE,Pyrenees,-37.0833,143.4833
AUPYR,Pyrmont,-33.8667,151.1833
AUPYT,Pleystowe,-21.15,149.0167
AUQDN,Eden,44.7,-72.5333
AURAB,Rapid Bay,49.05,4.0
AURAF,Raffles Bay,-11.2667,132.3833
AURCM,Richmond,37.55,-77.45
AURDN,Risdon,59.4667,17.3833
AURDS,Rhodes,-33.8333,151.0833
AUREV,Revesby,-33.95,151.0
AURLL,Reynella,-36.1,138.5333
AURNB,Rosslyn Bay,-23.1667,150.7833
AUROB,Robe,-37.1833,139.75
AUROK,Rockhampton,-38.3333,145.25
AUROZ,Rozelle,-33.85,151.1667
AURTS,Rottnest Island,53.05,5.85
AURYP,Rocky Point,-33.5,123.9833
AUSBN,South Brisbane,-27.4667,153.0167
AUSCL,Clare,-33.8333,138.6
AUSCY,Scoresby,-37.9,145.2167
AUSGT,Sandgate,-32.8667,151.7
AUSHB,Shark Bay,49.05,4.0
AUSHC,Crux,-12.95,124.4333
AUSKA,Skardon River,-11.75,142.0167
AUSKY,Skye,57.05,-5.9
AUSMR,Seventeen Mile Rocks/Brisbane,-27.55,152.95
AUSMT,Saladin Marine Terminal,61.2167,17.15
AUSOL,Shea Oak Log,-34.5167,138.8167
AUSPB,Spring Bay,49.05,4.0
AUSPO,Spreyton,-41.2167,146.35
AUSRN,Strahan,57.8833,19.0167
AUSSH,Sellicks Hill,51.2167,5.8
AUSTR,South Trees,-23.9,151.2833
AUSUH,Surry Hills,-33.8833,151.2167
AUSWR,South West Rocks,50.5333,-4.9
AUSYD,Sydney,-33.85,151.2
AUSYL,Sylvania,-34.0167,151.1
AUT3P,Port Hacking,-34.0667,151.1333
AUTHE,Thevenard,-21.45,114.9833
AUTHS,Tweed Heads South,-28.2,153.5333
AUTIS,Thursday Island,49.05,4.0
AUTOB,Towford Bay,49.05,4.0
AUTOL,Toombul,-27.4,153.05
AUTOR,Toronto,-33.0,151.6
AUTRB,Trial Bay,49.05,4.0
AUTRD,Tooradin,-38.2167,145.3833
AUTRI,Troughton Island,-13.75,126.1333
AUTSV,Townsville,42.0667,-74.9833
AUTTS,Blackmans Bay,-42.9833,147.3167
AUULA,Ulladulla,-35.35,150.4167
AUUMB,Umbakumba,-13.85,136.8
AUURN,Urangan,18.8833,72.9333
AUVGH,Van Gogh Terminal,-21.4,114.0833
AUVIB,Boronia,59.4667,17.3833
AUVIC,Newtown,-37.7,143.65
AUWAL,Wallaroo,55.2667,9.75
AUWBT,Woollybutt (Oil facility),-21.05,114.8667
AUWHL,Welshpool,-38.6667,146.4333
AUWIH,Wingham,-31.8667,152.3667
AUWNB,Withnell Bay,-20.5833,116.7833
AUWOO,Woolloomooloo,-33.8667,151.2167
AUWOT,Wonthaggi,59.4667,17.3833
AUWRB,Werribee,-37.9,144.65
AUWSI,Whitsunday Island,-20.25,149.0167
AUWSN,Warners Bay,-32.9667,151.65
AUWTN,Webberton,-28.75,114.6167
AUWTW,Waterways,-38.0,145.1167
AUWWP,Wentworth Point,-33.8333,151.0667
AUYRR,Yarra Junction,-37.7833,145.6167
AUZBO,Bowen,49.3667,-123.3333
AWAUA,Aruba,12.5,-69.9667
AWBAR,Barcadera,12.4833,-69.9833
AWBUS,Bushiribana,12.55,-69.9667
AWSNL,Sint Nicolaas,50.3,2.7667
AXMHQ,Maarianhamina (Mariehamn),60.1,19.95
AXMHQ,Mariehamn (Maarianhamina),60.1,19.95
AZALA,Alat,39.95,49.4
AZBAK,Baku,-13.85,136.8
AZKMZ,Khachmaz,41.9833,47.5833
AZQDG,Qaradag,40.25,49.6
AZSHI,Shirvan,39.9167,48.9167
AZSUQ,Sumqayit,40.5833,49.6667
BA4CA,Cazin,44.9667,15.9333
BADOJ,Domaljevac,45.05,18.5667
BAFOJ,Fojnica,43.95,17.9
BAJBA,Jablanica,43.65,17.75
BAMAG,Maglaj,44.5333,18.0833
BANEM,Neum,42.9167,17.6167
BASMT,Sanski Most,44.7667,16.6667
BAVGS,Vogosca,43.9,18.35
BAZNK,Zvornik,44.3833,19.1
BBBGI,Bridgetown,30.8833,-98.4667
BBSTM,Saint Michael,13.1167,-59.6
BDASJ,Ashuganj,24.0333,91.0167
BDBNP,Benapole,23.05,88.9
BDBZL,Barisal,41.1333,16.85
BDCGP,Chattogram,22.3333,91.8333
BDMGL,Mongla,59.4667,17.3833
BDMUN,Munshiganj,23.55,90.5333
BDNAR,Narayanganj,49.05,4.0
BDPAY,Payra Port,21.9333,90.2667
BDPCR,Panchashar,23.5667,90.5
BDPGN,Pangaon,23.65,90.45
BE7PD,Athis,50.3667,3.7667
BE9IR,Eben-Emael,50.8,5.6667
BEAAB,Aalst,50.9333,4.0333
BEAAL,Aalter,51.0833,3.45
BEADK,Adinkerke,51.0667,2.6
BEAEJ,Arendonk,51.3167,5.0833
BEAFN,Afsnee,51.0333,3.6667
BEAGT,Argenteau,50.7,5.7
BEAHE,Antheit,50.55,5.2167
BEAMY,Amay,50.55,5.3167
BEANB,Angleur,50.6167,5.5833
BEAND,Andenne,50.4833,5.1
BEANH,Anhee,50.3167,4.8833
BEANR,Antwerpen,51.2167,4.4167
BEAPL,Appels,51.0333,4.0667
BEAPS,Ampsin,50.5333,5.2833
BEAPT,Appelterre-Eichem,50.8167,3.9667
BEASP,Asper,50.9167,3.65
BEASR,Anseremme,50.25,4.9
BEAST,Astene,50.9833,3.55
BEATH,Ath,50.6167,3.7667
BEATO,Antoing,50.5667,3.45
BEAVE,Annevoie,50.3333,4.8333
BEAVL,Avelgem,50.7667,3.4333
BEAVS,Auvelais,50.45,4.6167
BEBAI,Baillonville,50.2833,5.3333
BEBAN,Ben-Ahin,50.5167,5.1667
BEBAT,Battel,51.05,4.45
BEBAZ,Bazel,51.15,4.3
BEBBG,Blankenberge,51.3167,3.1333
BEBCM,Berchem,50.7833,3.5
BEBCR,Bellecourt,50.4833,4.25
BEBDU,Baudour,50.4833,3.8167
BEBER,Beerse,51.3167,4.8667
BEBGK,Balgerhoek,51.2,3.5167
BEBGN,Briegden,50.8667,5.6167
BEBGS,Brugge (Bruges),51.2167,3.2333
BEBHE,Boekhoute,51.25,3.7167
BEBHR,Bleharies,50.5167,3.4
BEBHU,Buggenhout,51.0167,4.2
BEBLE,Balen,51.1667,5.15
BEBLO,Beloeil,50.55,3.7167
BEBLT,Blaton,50.5,3.65
BEBMB,Boortmeerbeek,50.9833,4.5667
BEBNU,Berneau,50.75,5.7333
BEBO2,Bougnies,50.3833,3.9333
BEBOA,Bas-Oha,50.5167,5.1833
BEBOC,Bocholt,51.1667,5.5833
BEBOM,Boom,51.0833,4.3667
BEBON,Bornem,51.1,4.2333
BEBOO,Boorsem,50.9333,5.7167
BEBRE,Bree,51.1333,5.6
BEBRM,Beernem,51.15,3.3333
BEBRT,Berendrecht,51.3333,4.3167
BEBRU,Brussel (Bruxelles),50.8333,4.3333
BEBRU,Bruxelles (Brussel),50.8333,4.3333
BEBRY,Bruyelle,50.55,3.4167
BEBSE,Bissegem,50.8167,3.2167
BEBSI,Labuissiere,50.3167,4.1667
BEBSR,Baasrode,51.0333,4.1667
BEBSU,Bossuit,50.75,3.4
BEBTX,Bertrix,49.85,5.25
BEBUD,Burcht,51.2,4.35
BEBVE,Bever,50.7167,3.9333
BEBVM,Bouvignes-sur-Meuse,50.2667,4.9
BEBVO,Beverlo,51.0833,5.2
BEBWN,Warneton,50.75,2.95
BECBQ,Clabecq,50.6833,4.2167
BECCS,Courcelles,50.4667,4.3667
BECLN,Calonne,50.5667,3.4333
BECOM,Comines,50.7667,2.9833
BECOU,Couillet,50.3833,4.45
BECRA,Cheratte,50.6833,5.6667
BECRL,Charleroi,50.4167,4.4333
BECRQ,Chercq,50.5833,3.4
BECTA,Chertal,50.6833,5.6667
BECTL,Chatelineau,50.4167,4.5167
BEDDR,Dendermonde,51.0333,4.1167
BEDEG,Deurne,51.2167,4.4667
BEDEL,Doel,51.3167,4.2667
BEDEZ,Deinze,50.9833,3.5333
BEDGN,Drongen,51.05,3.6667
BEDIA,Dinant,50.2667,4.9167
BEDIK,Diksmuide,51.0333,2.8667
BEDKN,Daknam,51.1333,3.9833
BEDLS,Dilsen,51.0333,5.7333
BEDNB,Denderbelle,51.0,4.0833
BEDPE,De Pinte,51.0,3.65
BEDPK,Diepenbeek,50.9,5.4
BEDPY,Dampremy,50.4167,4.4
BEDRW,Denderleeuw,50.8833,4.0667
BEDSE,Dessel,51.2333,5.1167
BEDSL,Desselgem,50.8833,3.35
BEDUF,Duffel,51.1,4.5167
BEDXN,Deux-Acren,50.7333,3.85
BEEAM,Ename,50.85,3.6333
BEEBM,Emblem,51.1667,4.6
BEEBZ,Eigenbilzen,50.8667,5.5833
BEECH,Mechelen,51.0333,4.4667
BEEEK,Eeklo,51.1833,3.5667
BEEET,Ethe,49.5833,5.5833
BEEFS,Escanaffles,50.75,3.4333
BEEHT,Eindhout,51.1,5.0
BEEIN,Eine,50.8667,3.6167
BEEKE,Ekeren,51.2833,4.4167
BEEKS,Eksaarde,51.15,3.9667
BEELS,Melsen,50.9667,3.7
BEEMP,Estaimpuis,50.7,3.25
BEENG,Engis,50.5833,5.4167
BEEQE,Eke,50.95,3.6333
BEEQM,Esquelmes,50.6667,3.3333
BEERE,Ertvelde,51.1833,3.75
BEESD,Eisden,50.9833,5.7167
BEEVM,Evergem,51.1167,3.7
BEFCS,Farciennes,50.4333,4.55
BEFEY,Feluy,50.5667,4.25
BEFFX,Floriffoux,50.45,4.7667
BEFLN,Flone,50.5667,5.3333
BEFLO,Floreffe,50.4333,4.7833
BEFMA,Flemalle,50.6,5.4667
BEFNR,Franiere,50.4333,4.7333
BEFRM,Fortem,51.0167,2.7333
BEFVT,Fontaine-Valmont,50.3167,4.2
BEFWI,Flawinne,50.4667,4.8
BEGBB,Grobbendonk,51.2,4.7167
BEGBH,Genenbos,51.0167,5.2333
BEGBU,Gentbrugge,51.05,3.75
BEGDE,Godsheide,50.9333,5.3833
BEGDN,Godinne,50.35,4.8667
BEGEA,Geraardsbergen,50.7667,3.8667
BEGEL,Geel,51.1667,5.0
BEGGM,Grembergen,51.05,4.1
BEGHI,Saint-Ghislain,50.45,3.8167
BEGHL,Ghlin,50.4667,3.8833
BEGLK,Gellik,50.8833,5.6
BEGNE,Gent (Ghent),51.05,3.7167
BEGNK,Genk,50.9667,5.5
BEGOS,Gosselies,50.4667,4.4167
BEGRB,Grimbergen,50.9333,4.3833
BEGRO,Groot Bijgaarden,50.8667,4.2667
BEGVR,Gavere,50.9333,3.6667
BEHAM,Hamsehoeven,51.1167,5.1833
BEHAR,Haren,50.8833,4.4167
BEHBE,Hansbeke,51.0667,3.5333
BEHBN,Hoboken,51.1667,4.35
BEHCS,Harchies,50.4833,3.6833
BEHCT,Haccourt,50.7333,5.6667
BEHDK,Heindonk,51.0667,4.4
BEHEE,Heer,50.1667,4.8333
BEHEJ,Harelbeke,50.85,3.3
BEHER,Herentals,51.1833,4.8333
BEHET,Herent,51.2,5.45
BEHEX,Hemiksem,51.15,4.35
BEHFB,Halle,50.7333,4.2333
BEHGA,Houdeng-Aimeries,50.4833,4.1333
BEHGG,Houdeng-Goegnies,50.4833,4.15
BEHKN,Helkijn,50.7333,3.3833
BEHLU,Halluin,50.7833,3.1333
BEHMB,Ham-sur-Sambre,50.4333,4.6667
BEHMH,Hermalle-sous-Huy,50.55,5.3667
BEHMM,Hamme,51.0833,3.5333
BEHNA,Handzame,51.0167,3.0
BEHNS,Hensies,50.4333,3.6667
BEHOL,Hollain,50.5333,3.4167
BEHPD,Hastiere-par-dela,50.2167,4.8333
BEHRE,Havre,50.4667,4.0333
BEHRP,Hourpes,50.3667,4.2833
BEHRS,Herstal,50.6667,5.6333
BEHSD,Hofstade,50.9667,4.0333
BEHSL,Sint-Huibrechts-Lille,51.2167,5.4833
BEHSS,Hasselt,50.9333,5.3333
BEHTJ,Hautrage,50.4833,3.75
BEHTM,Hermeton-sur-Meuse,50.2,4.8167
BEHUM,Humbeek,50.9667,4.3833
BEHUX,Houx,50.3,4.9
BEHUY,Huy,50.5167,5.2333
BEHVE,Hever,51.0,4.55
BEHYB,Herdersem,50.9667,4.0667
BEIGE,Ingelmunster,50.9167,3.25
BEISR,Isieres,50.6667,3.8167
BEITR,Itter (Ittre),50.65,4.2667
BEITR,Ittre (Itter),50.65,4.2667
BEIZG,Izegem,50.9167,3.2
BEJAK,Jupille-sur-Meuse,50.65,5.6333
BEJAM,Jambes,50.45,4.8833
BEJAV,Java,50.5167,5.15
BEJKP,Sint-Jacobs-Kapelle,51.0,2.8167
BEJPS,Jemeppe-sur-Sambre,50.4667,4.6667
BEKAI,Kain,50.6333,3.3667
BEKAN,Canne (Kanne),50.8167,5.6667
BEKAN,Kanne (Canne),50.8167,5.6667
BEKCT,Kachtem,50.9333,3.1833
BEKDE,Kieldrecht,51.2833,4.1667
BEKEK,Kruibeke,51.1667,4.3167
BEKHN,Kerkhove,50.8,3.5
BEKJK,Kortrijk,50.8333,3.2667
BEKLE,Kaulille,51.1833,5.5167
BEKMH,Kampenhout,50.95,4.55
BEKNS,Knesselaere,51.1333,3.4167
BEKOU,Kallo,51.25,4.2833
BEKPB,Kapelle-op-den-Bos,51.0167,4.3667
BEKRN,Kuringen,50.95,5.3
BEKRO,Kinrooi,51.15,5.75
BEKSN,Kessenich,51.15,5.8167
BEKSR,Kluisbergen,50.7833,3.5167
BEKUU,Kuurne,50.85,3.2833
BEKVE,Klein Veerle,51.3333,4.6667
BEKWA,Kwaadmechelen,51.1,5.1333
BELAN,Lanaken,50.8833,5.65
BELAW,Lauwe,50.8,3.1833
BELBE,Lembeek,50.7167,4.2167
BELBS,Lobbes,50.35,4.25
BELDS,Landelies,50.3833,4.35
BELES,Lessines,50.7167,3.8333
BELEU,Leuven,50.8833,4.7
BELFE,Leffinge,51.1667,2.8833
BELGB,Langerbrugge,51.1167,3.7333
BELGG,Liege,50.6333,5.5667
BELGM,Landegem,51.05,3.5667
BELGO,Langerlo,50.95,5.5
BELHK,Liefkenshoek,51.0167,3.8833
BELIE,Lier,51.1333,4.5667
BELIL,Lillo,51.3,4.3
BELIX,Lixhe,50.75,5.6667
BELML,Lommel,51.2333,5.3
BELNK,Lanklaar,51.0167,5.7167
BELNY,Lanaye (Ternaaien),50.7833,5.6833
BELNY,Ternaaien (Lanaye),50.7833,5.6833
BELOK,Lokeren,51.1,3.9833
BELOT,Lot,50.7667,4.2667
BELOZ,Lozen,51.2,5.5667
BELPG,Leopoldsburg,51.1167,5.25
BELPI,Laplaigne,50.5167,3.4333
BELQA,Lanquesaint,50.65,3.8
BELRG,Ledeberg,51.0333,3.75
BELSG,Lissewege,51.3,3.1833
BELUI,Lustin,50.3833,4.9
BELUM,Lummen,50.9833,5.2
BELUZ,Ladeuze,50.5667,3.7667
BEMAN,Manage,50.5,4.2167
BEMAP,Marchienne-au-Pont,50.4,4.3833
BEMBY,Maubray,50.55,3.5
BEMEE,Meer,51.45,4.7333
BEMEG,Meilegem,50.9,3.7
BEMEH,Meerhout,51.1333,5.0833
BEMEL,Melle,51.0,3.8
BEMEN,Menen,50.8,3.1167
BEMEW,Moerbeke-Waas,51.1667,3.9333
BEMFF,Maffle,50.6167,3.8
BEMGM,Meigem,51.0167,3.5333
BEMGN,Moignelee,50.45,4.5833
BEMGS,Montignies-sur-Sambre,50.4,4.5
BEMHN,Massenhoven,51.2,4.6167
BEMLD,Marche-les-Dames,50.4833,4.9667
BEMLO,Mol,51.1833,5.1
BEMLY,Marly,50.8833,4.3833
BEMMN,Maasmechelen,50.8167,5.6667
BEMNO,Moen,50.7667,3.4
BEMQS,Mons,50.45,3.9333
BEMRB,Moerbrugge,51.1667,3.2667
BEMRD,Merendree,51.0833,3.5833
BEMRG,Maurage,50.45,4.0833
BEMRK,Merksem,51.25,4.45
BEMRL,Merelbeke,51.0,3.75
BEMRM,Merkem,50.95,2.85
BEMRO,Mornimont,50.45,4.7
BEMSI,Monsin,50.6667,5.6333
BEMSJ,Molenbeek-Saint-Jean (Sint-Jans-Molenbeek)/Brussel (Bruxelles),50.85,4.3167
BEMSJ,Sint-Jans-Molenbeek (Molenbeek-Saint-Jean)/Brussel (Bruxelles),50.85,4.3167
BEMSK,Maaseik,51.1,5.8
BEMSP,Mespelare,51.0,4.0667
BEMSR,Maisieres,50.4833,3.95
BEMSS,Monceau-sur-Sambre,50.4167,4.3667
BEMUI,Muizen,51.0167,4.5167
BEMZK,Moerzeke,51.0667,4.15
BENAM,Namur,50.4667,4.8667
BENBA,Nimy,50.4667,3.95
BENFE,Neffe,50.2333,4.9167
BENHA,Neerharen,50.9167,5.6833
BENHY,Neuville-sous-Huy,50.5333,5.2833
BENIE,Nieuwpoort,51.1333,2.75
BENIL,Niel,51.1167,4.3333
BENMC,Nameche,50.4667,5.0
BENNV,Ninove,50.8333,4.0167
BENRP,Neerpelt,51.2167,5.4167
BENRT,Neeroeteren,51.0833,5.7
BENRY,Renory,50.6,5.55
BENVH,Neder-Over-Heembeek,50.9,4.3833
BENVL,Nevele,51.0333,3.55
BENVN,Noeveren,51.1,4.35
BENYL,Nijlen,51.1667,4.65
BEOBG,Oudenburg,51.1833,3.0
BEOBR,Obourg,50.4667,4.0
BEOBT,Ombret-Rawsa,50.55,5.3333
BEODE,Auderghem (Oudergem)/Brussel (Bruxelles),50.8167,4.4333
BEODE,Oudergem (Auderghem)/Brussel (Bruxelles),50.8167,4.4333
BEOEL,Oelegem,51.2167,4.5833
BEOEV,Oevel,51.1333,4.8833
BEOGS,Ollignies,50.6833,3.85
BEOHN,Ophoven,51.1167,5.8
BEOKG,Okegem,50.85,4.05
BEOKP,Oostkamp,51.15,3.2333
BEOLE,Overboelare,50.75,3.85
BEOLN,Olen,51.15,4.85
BEOOG,Ooigem,50.8833,3.3333
BEOPI,Opitter,51.1167,5.65
BEOPY,Oupeye,50.7,5.65
BEOQC,Oisquercq,50.6667,4.2167
BEORR,Orroir,50.75,3.4667
BEOSG,Oeselgem,50.9333,3.4333
BEOST,Oostende (Ostend),51.2,2.9167
BEOST,Ostend (Oostende),51.2,2.9167
BEOTH,Oud-Turnhout,51.3167,4.9833
BEOTK,Oostkerke,51.2833,3.2833
BEOTL,Oosterlo,51.1167,4.9667
BEOUD,Oudenaarde,50.85,3.6
BEOUG,Ougree,50.6,5.5333
BEOVE,Overpelt,51.2167,5.4167
BEOZL,Onkerzele,50.7833,3.9
BEPAL,Paal,51.0333,5.1833
BEPCL,Pont-a-Celles,50.5,4.35
BEPCQ,Pecq,50.6833,3.3333
BEPES,Peronnes,50.55,3.4333
BEPFE,Profondeville,50.3833,4.8667
BEPKH,Pollinkhove,50.9667,2.7333
BEPLB,Peronnes/Binche,50.4333,4.1333
BEPLO,Pont-de-Loup,50.4167,4.5333
BEPLY,Petit-Lanaye,50.7833,5.6833
BEPME,Pommeroeul,50.45,3.7
BEPML,Pamel,50.8333,4.0667
BEPTP,Pijp Tabak,51.2333,4.35
BEPTS,Pottes,50.7333,3.4
BEPUU,Puurs,51.0833,4.2833
BERAR,La Roche-en-Ardenne,50.1833,5.5833
BERBE,Roesbrugge,50.9167,2.6167
BERBX,Rebaix,50.65,3.7833
BERCI,Ramegnies-Chin,50.65,3.3167
BERCL,Richelle,50.7167,5.6833
BERCT,Roucourt,50.5333,3.5833
BEREK,Rekkem,50.8333,3.6167
BEREQ,Erquelinnes,50.3,4.1167
BERGE,Reninge,50.95,2.7833
BERHA,Roesbrugge-Haringe,50.9167,2.6167
BERIE,Rieme,51.1667,3.7833
BERIJ,Rijkevorsel,51.35,4.7667
BERIN,Beringen,51.05,5.2167
BERJT,Rocourt,50.6833,5.55
BEROE,Roeselare,50.95,3.1333
BEROS,Roselies,50.4333,4.5833
BEROU,Le Roeulx,50.5,4.1
BEROX,Roux,50.4333,4.3833
BERPM,Rupelmonde,51.1333,4.2833
BERQS,Ronquieres,50.6,4.2167
BERTI,Retie,51.2667,5.0667
BERUE,Ruien,50.7667,3.4833
BERUI,Ruisbroek,50.7833,4.3
BERUS,Rumst,51.0833,4.4167
BERVE,Riviere,50.35,4.8667
BERVS,Ravels,51.3667,5.0
BESAN,Sint-Andries,51.1833,3.1833
BESAS,Sint-Amands,51.05,4.2
BESBE,Steenbrugge,51.1833,3.2333
BESBG,Stambruges,50.5,3.7167
BESCE,Schilde,51.2333,4.5667
BESCT,Schoten,51.25,4.5
BESDP,Steendorp,51.1333,4.2667
BESDT,Soudromont,50.5167,4.25
BESEN,Seneffe,50.5167,4.25
BESES,Seilles,50.5,5.0667
BESGM,Stasegem,50.8333,3.3
BESGX,Sclaigneaux,50.5,5.0
BESHB,Schellebelle,51.0167,3.9333
BESHL,Schelle,51.1333,4.3333
BESHR,Schelderode,50.9667,3.7167
BESJG,Sint-Job-in-'t-Goor,51.3,4.5667
BESJO,Sint-Jozef-Olen,51.1833,4.8833
BESJR,Sint-Joris,51.1333,2.7667
BESKR,Stokrooie,50.9667,5.2667
BESLJ,Sas-Slijkens,51.2167,2.95
BESLN,Sint-Lenaarts,51.35,4.6833
BESLS,Salles,50.05,4.25
BESLY,Sclayn,50.4833,5.0333
BESML,Sint-Martens-Latem,51.0167,3.6333
BESNE,Schoonaarde,51.0,4.0167
BESPE,Scheepsdale,51.2167,3.2
BESPI,Espierres (Spiere),50.7167,3.35
BESPI,Spiere (Espierres),50.7167,3.35
BESSB,Solre-sur-Sambre,50.3,4.1333
BESSK,Snaaskerke,51.1833,2.9333
BESSN,Sclessin,50.6167,5.55
BESSO,Samson,50.4667,4.9833
BESTT,Statte,50.5333,5.2167
BESVG,Ruisbroek,51.0833,4.3333
BESVN,Stevensvennen,51.2167,5.2333
BETBE,Tournebride,50.9,5.6833
BETDK,Terdonk,51.15,3.7833
BETER,Ternat,50.8667,4.1833
BETES,Tessenderlo,51.0667,5.0833
BETET,Tertre,50.4667,3.8
BETFN,Teralfene,50.9,4.1
BETGE,Tergnee,50.4333,4.55
BETGL,Tongerlo,51.1333,5.6667
BETGN,Terhagen,51.0833,4.4
BETHE,Thieu,50.4667,4.0833
BETHG,Tihange,50.5333,5.2667
BETHU,Thuin,50.3333,4.2833
BETIL,Tielrode,51.1167,4.1833
BETIS,Tisselt,51.0333,4.3667
BETLK,Tildonk,50.95,4.6333
BETLR,Tilleur,50.6167,5.5333
BETMS,Tamines,50.4333,4.6
BETOB,Thorntonbank,51.6333,2.9167
BETRG,Thorembais-les-Beguines,50.8667,1.8667
BETRN,Doornik (Tournai),50.6,3.3833
BETRN,Tournai (Doornik),50.6,3.3833
BETSE,Temse,51.1333,4.2167
BETSL,Tourinnes-St-Lambert,50.6333,4.7167
BETUR,Turnhout,51.3167,4.95
BEUIT,Uitbergen,51.0167,3.95
BEVBG,Verbrande Brug,50.95,4.4167
BEVEU,Veurne,51.0667,2.6667
BEVGL,Virginal-Samme,50.6333,4.1833
BEVHN,Vroenhoven,50.8167,5.6333
BEVIL,Vilvoorde,50.9333,4.4333
BEVIT,Sankt Vith,50.6667,6.7
BEVLX,Vaulx,50.0667,4.3667
BEVSB,Val Saint-Lambert,50.5833,5.4833
BEVSH,Ville-sur-Haine,50.4667,4.05
BEVSL,Viersel,51.1833,4.6333
BEVVI,Viesville,50.4833,4.4
BEVWZ,Veldwezelt,50.8667,5.6333
BEVZI,Vezin,50.5,5.0167
BEW5R,Awirs,50.6,5.4
BEWAA,Waasmunster,51.1,4.0833
BEWAH,Hoves,55.9167,10.25
BEWAN,Wanze,50.5333,5.2167
BEWAR,Waregem,50.8833,3.4167
BEWBR,Maransart,50.6667,4.45
BEWCG,Warcoing,50.7,3.3333
BEWDG,Wondelgem,51.0833,3.7167
BEWDM,Waardamme,51.1167,3.2167
BEWEE,Wingene,51.0667,3.2667
BEWEL,Wellen,50.85,5.3167
BEWER,Wervik,50.7833,3.0333
BEWET,Wetteren,51.0,3.8833
BEWEV,Wevelgem,50.8,3.1667
BEWGL,Wijgmaal,50.9333,4.7
BEWHT,Blaregnies,50.35,3.8833
BEWIH,Wichelen,51.0,3.9833
BEWIP,Wepion,50.4167,4.8667
BEWIR,Wiers,50.5,3.5333
BEWJG,Wijnegem,51.2333,4.5333
BEWLB,Willebroek,51.0667,4.3667
BEWLM,Walem,51.0667,4.4667
BEWLP,Wulpen,51.1,2.7
BEWLT,Waulsort,50.2167,4.8667
BEWND,Wandre,50.6667,5.65
BEWTH,Wintham,51.1,4.3
BEXXX,RIS Inland waterways,-38.0,145.1167
BEYRT,Ivoz-Ramet,50.5833,5.4333
BEYVO,Yvoir,50.3333,4.8833
BEZBR,Zandbergen,50.8,3.9667
BEZEE,Zeebrugge,51.3333,3.2
BEZEL,Zelzate,51.2,3.8167
BEZER,Seraing,50.6,5.4833
BEZET,Zemst,50.9833,4.4667
BEZGM,Zingem,50.9,3.65
BEZLE,Zele,51.0667,4.0333
BEZOD,Zolder,51.0167,5.3
BEZRM,Zomergem,51.1167,3.55
BEZTL,Zutendaal,50.9333,5.5667
BEZUL,Zulte,50.9167,3.4333
BEZUN,Zuen (Zuun),50.7833,4.2667
BEZUN,Zuun (Zuen),50.7833,4.2667
BEZVD,Zandvoorde,51.2,2.9667
BEZVT,Zandvliet,51.3667,4.3
BEZWE,Zwevegem,50.8,3.3333
BEZWL,Zwijndrecht,51.2167,4.3333
BEZWN,Zwijnaarde,51.0,3.7167
BFOB2,Ziniare,12.5833,-1.3
BG4IG,Ignatievo,43.25,27.7667
BGAKH,Akhtopol,42.1,27.95
BGBAL,Balchik,43.4167,28.1667
BGBSL,Byala Slatina,43.4667,23.95
BGGUR,Gurkovo,42.65,25.7833
BGKUK,Kuklen,42.0333,24.7833
BGMAB,Marchevo,41.6,23.8
BGNES,Nessebar,42.65,27.7333
BGNPO,Nikopol,43.6833,24.8833
BGOKH,Oryakhovo,43.7333,23.95
BGPOD,Podayva,49.05,4.0
BGRDU,Ruse,43.85,25.9667
BGS3W,Straldzha,42.6,26.6833
BGSLS,Silistra,44.2667,14.7667
BGSOZ,Sozopol,42.4167,27.7
BGSVI,Svistov,44.2667,14.7667
BGVID,Vidin,60.3667,-1.1333
BGVT4,Byala Cherkva,43.2,25.3
BGXXX,RIS Inland waterways,-38.0,145.1167
BHAHD,Al Hidd,26.2333,50.65
BHGBQ,Al Muharraq,26.25,50.6
BHKBS,Khalifa Bin Salman Port,26.2,50.6167
BHMIN,Mina Sulman Port,26.2,50.6167
BHSIT,Sitrah,26.1333,50.6167
BICBK,Cibitoke,-3.3333,29.3667
BJCOO,Cotonou,59.4667,17.3833
BJPTN,Porto-Novo,6.4833,2.6167
BLSBH,Saint-Barthelemy,17.9,-62.85
BMBDA,Hamilton,35.9333,-77.2
BMFPT,Freeport,10.45,-61.4167
BMHBI,Harbour Island,25.5,-76.6333
BMSAN,Sandys,32.3,-64.8667
BMSEV,Devonshire,32.3,-64.75
BMSGE,Saint George,32.3833,-64.6833
BMSOU,Southampton,32.25,-64.85
BNBWN,Bandar Seri Begawan,4.8833,114.9333
BNKUB,Kuala Belait,61.2167,17.15
BNMUA,Muara,0.4,103.7833
BNTAS,Tanjong Selirong,4.9,115.1167
BOCPB,Copacabana,-16.15,-69.0833
BOGUQ,Guaqui,-16.5833,-68.8667
BOHTJ,Huatajata,-16.1667,-68.7333
BOPBU,Puerto Busch,-20.0333,-57.9667
BOPPR,Puerto Perez,-16.2667,-68.6333
BOPSZ,Puerto Suarez,-18.95,-57.8
BOPTC,Puerto Carabuco,-15.75,-69.0667
BOPUR,Puerto Rico,-11.0833,-67.6333
BOQJR,Puerto Quijarro,-17.7833,-57.7667
BORBQ,Rurrenabaque,-14.4667,-67.5667
BORIB,Riberalta,-10.9833,-66.1
BOTDD,Trinidad,-14.8333,-64.9
BQBON,Bonaire,12.1167,-68.2667
BQEUX,Sint Eustatius,17.4833,-62.9667
BQGOT,Goto,12.2167,-68.3833
BQKRA,Kralendijk,12.15,-68.2667
BQRIN,Dorp Rincon,12.2333,-68.3333
BQSAB,Saba,17.6333,-63.2333
BRAAR,Acara,-1.95,-48.2
BRABZ,Armacao dos Buzios,-22.75,-41.8833
BRACT,Alcantara,-2.4,-44.4167
BRACX,Acu Pt / Sao Joao da Barra,-21.8167,-41.0167
BRADR,Angra dos Reis,-23.0,-44.3167
BRAFU,Afua,-0.15,-50.3833
BRAJU,Aracaju,-10.9,-37.0333
BRALT,Alenquer,-1.95,-54.7333
BRAMM,Almeirim,-1.5167,-52.5667
BRANA,Ananindeua,-1.3667,-48.3667
BRANH,Anhembi,-22.7833,-48.1167
BRANS,Araguatins,-5.65,-48.1167
BRANT,Antonina,-25.4167,-48.7
BRARB,Aratu Pt / Candeias,-12.7833,-38.5
BRARE,Areia Branca,-4.95,-37.1167
BRARU,Aracatuba,-21.2,-50.4333
BRATM,Altamira,-3.2,-52.2
BRAUN,Aruana,-14.9,-51.0667
BRAUS,Autazes,-3.5667,-59.1333
BRBAC,Balneario Camboriu,-26.9833,-48.6333
BRBAR,Barra dos Coqueiros,-10.9,-37.0333
BRBAZ,Barcelos,-0.9667,-62.9167
BRBCE,Bacabeira,-2.9833,-44.3
BRBCT,Benjamin Constant,-4.3667,-70.0167
BRBEA,Barreirinha,-2.7833,-57.0667
BRBEI,Beruri,-3.8833,-61.3667
BRBEL,Belem,-1.45,-48.4833
BRBIR,Bariri,-22.0667,-48.7333
BRBLE,Belmonte,-15.85,-38.8667
BRBOB,Borba,-4.3833,-59.5833
BRBQQ,Barra,-11.0833,-43.1333
BRBSS,Balsas,-7.5167,-46.0333
BRBVI,Benevides,-1.35,-48.2333
BRBVR,Boa Vista do Ramos,-2.9667,-57.5833
BRBVS,Breves,-1.6833,-50.4667
BRCAN,Canoas,-29.9167,-51.1667
BRCAR,Coari,-4.0833,-63.1333
BRCCS,Conchas,-23.0,-48.0
BRCCX,Caceres,-16.0667,-57.6667
BRCCY,Caracarai,1.8,-61.1333
BRCDA,Codajas,-3.8333,-62.05
BRCDO,Cabedelo Pt / Joao Pessoa,-6.9667,-34.8333
BRCFO,Cabo Frio,-22.8667,-42.0167
BRCGA,Conceicao do Araguaia,-8.25,-49.25
BRCGZ,Campos dos Goytacazes,-21.75,-41.3167
BRCHE,Chaves,-0.15,-49.9833
BRCHI,Cachoeira do Arari,-1.0,-48.95
BRCLN,Carolina,-7.3167,-47.4667
BRCMA,Cameta,-2.2333,-49.4833
BRCMG,Corumba,-19.0,-57.6333
BRCPR,Cachoeira do Piria,-1.75,-46.5333
BRCQD,Charqueadas,-29.95,-51.6167
BRCRL,Caravelas,-17.7333,-39.25
BRCRY,Carauari,-4.8667,-66.8833
BRCSL,Cachoeira do Sul,-30.0333,-52.8833
BRCTM,Canutama,-6.5167,-64.3833
BRCUO,Cubatao,-23.8833,-46.4167
BRCVZ,Careiro da Varzea,-3.1833,-59.8167
BRCZS,Cruzeiro do Sul,-7.6167,-72.6667
BRDCS,Duque de Caxias,-22.7833,-43.3
BRERN,Eirunepe,-6.6667,-69.85
BRETA,Estrela,-29.5,-51.9667
BRFBA,Fonte Boa,-2.5,-66.0833
BRFEN,Fernando de Noronha,-3.85,-32.4333
BRFNO,Forno Pt / Arraial do Cabo,-22.9667,-42.0167
BRFOR,Fortaleza,-3.7167,-38.5833
BRGIA,Guaira,-24.0833,-54.2333
BRGIB,Guaiba,-30.1,-51.3
BRGJM,Guajara-Mirim,-10.7667,-65.3167
BRGJR,Guajara,-7.5333,-72.5667
BRGNS,Galinhos,-5.0833,-36.2667
BRGRP,Gurupa,-1.4,-51.6333
BRGUA,Guamare,-5.1,-36.3167
BRGUJ,Guaruja,-23.9833,-46.2333
BRHMA,Humaita,-7.5,-63.0167
BRIAR,Itacoatiara,-3.1333,-58.4333
BRIBB,Imbituba,-28.2333,-48.6667
BRIBE,Ilhabela,-23.7833,-45.35
BRIBT,Ibotirama,-12.1833,-43.2167
BRIGU,Foz do Iguacu,-25.5333,-54.5833
BRIIM,Itapemirim,-21.0,-40.8333
BRIMP,Imperatriz,-5.5167,-47.4667
BRIOA,Itapoa,-26.0,-48.6
BRIOS,Ilheus,-14.7833,-39.0333
BRIPG,Itapiranga,-2.7333,-58.0333
BRIQI,Itaqui Pt / Sao Luis,-2.5667,-44.3667
BRIRB,Iranduba,-3.2667,-60.1833
BRISA,Ilha Solteira,-20.4167,-51.3333
BRITB,Itaituba,-4.25,-55.9833
BRITJ,Itajai,-26.9,-48.65
BRITQ,Itaqui,-29.1167,-56.55
BRIXA,Ipixuna,-7.05,-71.6833
BRJAG,Jaguarao,-32.55,-53.3667
BRJAU,Jau,-22.2833,-48.55
BRJUR,Juruti,-2.15,-56.0833
BRJZO,Juazeiro,-9.4,-40.5
BRLDR,Ladario,-19.0,-57.6
BRLJI,Laranjal do Jari,-0.85,-52.5333
BRLRS,Linhares,-19.3833,-40.05
BRMAB,Maraba,-5.35,-49.1333
BRMAO,Manaus,-3.1333,-60.0167
BRMAR,Maragogipe,-12.7667,-38.9167
BRMAS,Maues,-3.3833,-57.7
BRMCP,Santana Pt / Macapa,-0.05,-51.1667
BRMCU,Macau,-5.1,-36.6333
BRMCZ,Maceio,-9.65,-35.7
BRMDD,Madre de Deus,-12.7333,-38.6
BRMEA,Macae,-22.3667,-41.7667
BRMGT,Mangaratiba,-22.95,-44.0333
BRMNV,Mundo Novo,-23.9333,-54.2667
BRMNX,Manicore,-5.8,-61.2833
BRMOS,Mossoro,-5.1833,-37.35
BRMOU,Moju,-1.8833,-48.7667
BRMPR,Manacapuru,-3.2833,-60.6167
BRMQR,Manaquiri,-3.4167,-60.45
BRMRC,Marica,-22.9167,-42.8167
BRMTE,Monte Alegre,-2.0,-54.0667
BRNAA,Nhamunda,-2.1833,-56.7167
BRNAO,Novo Airao,-2.6167,-60.9333
BRNAT,Natal,-5.75,-35.25
BRNON,Nova Olinda do Norte,-3.8833,-59.0833
BRNOR,Praia Norte,-5.3833,-47.8
BRNTR,Niteroi,-22.8833,-43.0667
BRNVP,Novo Aripuana,-5.1167,-60.3667
BRNVT,Navegantes,-26.8833,-48.6333
BROBI,Obidos,-1.9,-55.5
BRORX,Oriximina,-1.75,-55.85
BRPBD,Pato Bragado,-24.6167,-54.2167
BRPBO,Porto Belo,-27.1333,-48.6
BRPDM,Porto de Moz,-1.7333,-52.2333
BRPEC,Pecem Pt / Sao Goncalo do Amarante,-3.5167,-38.8667
BRPEO,Presidente Epitacio,-21.7667,-52.1
BRPET,Pelotas,-31.7167,-52.3333
BRPIN,Parintins,-2.6167,-56.7333
BRPIP,Pirapora,-17.3333,-44.95
BRPKY,Presidente Kennedy,-21.1,-41.05
BRPMA,Ponta da Madeira Pt / Sao Luis,-2.5333,-44.35
BRPMH,Porto Murtinho,-21.7,-57.8833
BRPNG,Paranagua,-25.5,-48.5167
BRPNS,Pederneiras,-22.35,-48.7667
BRPNX,Panorama,-21.35,-51.85
BRPNZ,Petrolina,-9.3833,-40.4833
BRPOA,Porto Alegre,-30.0167,-51.2167
BRPOL,Portel,-1.9333,-50.8167
BRPOU,Ponta do Ubu Pt / Anchieta,-20.7667,-40.5667
BRPPN,Pontal do Parana,-25.5833,-48.4333
BRPRH,Prainha,-1.8,-53.4667
BRPRM,Praia Mole Pt / Vitoria,-20.3,-40.2167
BRPRU,Paracuru,-3.4,-39.0167
BRPVH,Porto Velho,-8.7667,-63.8167
BRPWA,Porto Acre,-9.6,-67.5333
BRPWR,Porto Walter,-8.25,-72.7333
BRRBR,Rio Branco,-9.9667,-67.8
BRRCH,Barra do Riacho Pt / Aracruz,-19.85,-40.0333
BRREC,Recife,-8.05,-34.8833
BRRGC,Araguacema,-8.8,-49.55
BRRIG,Rio Grande,-32.05,-52.0833
BRRIO,Rio de Janeiro,-22.8667,-43.2167
BRRPO,Rio Pardo,-29.9833,-52.3667
BRSEF,Senador Jose Porfirio,-2.5833,-51.95
BRSER,Serra,-20.15,-40.2667
BRSFS,Sao Francisco do Sul,-26.2333,-48.6333
BRSGM,Sao Miguel do Guama,-1.6167,-47.4667
BRSGO,Sao Goncalo,-22.8167,-43.0167
BRSIR,Santa Isabel do Rio Negro,-0.4167,-65.0167
BRSLV,Salvaterra,-0.75,-48.5
BRSMS,Sao Mateus,-18.7167,-39.85
BRSNH,Santa Helena,-24.85,-54.3333
BRSPB,Itaguai Pt = Sepetiba Pt / Itaguai,-22.8667,-43.7667
BRSPD,Sao Pedro,-22.5333,-47.9
BRSPV,Sao Paulo de Olivenca,-3.45,-68.9333
BRSSA,Salvador,-13.0,-38.4833
BRSSB,Sao Sebastiao do Uatuma,-2.5667,-57.8667
BRSSI,Sao Simao,-18.9833,-50.5333
BRSSO,Sao Sebastiao,-23.8,-45.4
BRSSR,Santa Maria da Serra,-22.5667,-48.15
BRSSZ,Santos,-23.9333,-46.3167
BRSTM,Santarem,-2.4333,-54.7167
BRSTU,Santa Terezinha de Itaipu,-25.4333,-54.3833
BRSUA,Suape Pt / Ipojuca,-8.4,-34.9667
BRSUE,Soure,-0.7167,-48.5
BRSVP,Santa Vitoria do Palmar,-33.5167,-53.3667
BRTAQ,Taquari,-29.8,-51.85
BRTBT,Tabatinga,-4.2167,-69.9333
BRTFF,Tefe,-3.3333,-64.7
BRTFO,Triunfo,-29.9333,-51.7
BRTLD,Tailandia,-2.9333,-48.95
BRTLG,Tres Lagoas,-20.7833,-51.7
BRTMT,Porto Trombetas / Oriximina,-1.4667,-56.3833
BRTNS,Tonantins,-2.85,-67.7667
BRTPW,Tapaua,-5.6167,-63.1833
BRTRM,Tramandai,-29.9833,-50.1167
BRTRO,Terra Roxa,-24.1667,-54.0833
BRTST,Terra Santa,-2.1,-56.4833
BRTUB,Tubarao Pt / Vitoria,-20.2667,-40.2167
BRUBT,Ubatuba,-23.4333,-45.0667
BRURT,Urucurituba,-3.1333,-58.15
BRVDC,Vila do Conde Pt / Barcarena,-1.5167,-48.7167
BRVDX,Vitoria do Xingu,-2.8833,-52.0
BRVGR,Varzea Grande,-15.65,-56.1333
BRVIE,Vila Bela da Santissima Trindade,-15.0,-59.95
BRVIX,Vitoria,-20.3167,-40.3167
BRVVE,Vila Velha,-20.3333,-40.2833
BRXAA,Xambioa,-6.4,-48.5167
BRXQI,Xique-Xique,-10.8167,-42.7167
BRYTR,Itamarati,-6.4333,-68.2333
BSASD,"Andros Town, Andros Island",37.8333,24.9333
BSBKC,Bock Cay,23.8167,-76.1667
BSCBT,Cockburn Town,24.0333,-74.5167
BSCEL,Cape Eleuthera,24.8167,-76.35
BSCLP,Clifton Point,25.0,-77.5333
BSCOC,Little Stirrup Cay,25.8167,-77.9333
BSCOX,Congo Town,24.15,-77.5333
BSEXU,Great Exuma Island,23.5333,-75.8333
BSFPO,"Freeport, Grand Bahama",10.45,-61.4167
BSGGT,"George Town, Great Exuma Island",23.5333,-75.8333
BSGHC,Great Harbour Cay,25.75,-77.8333
BSGOC,Gorda Cay,26.0833,-77.5333
BSGSC,Great Stirrup Cay,25.8333,-77.9
BSGTC,Green Turtle Cay,26.75,-77.3333
BSHBI,Harbour Island,25.5,-76.6333
BSHMC,Little San Salvador,24.5833,-75.9167
BSLUC,Lucaya,26.5167,-78.6333
BSMAT,Matthew Town,30.8833,-98.4667
BSMHH,Marsh Harbour,26.5333,-76.9667
BSMYG,Mayaguana Island,49.05,4.0
BSNAS,Nassau,25.0833,-77.35
BSOCE,Ocean Cay,49.05,4.0
BSRSD,Rock Sound,24.9,-76.2
BSSAQ,San Andros,25.0667,-78.05
BSSML,Stella Maris,23.6,-75.3
BSTBI,The Bight,24.3167,-75.4
BSWKR,Walker's Cay,49.05,4.0
BSWTD,West End,26.6833,-78.9667
BSZSA,San Salvador Island,-13.0,-38.4833
BWDUK,Dukwi,-20.5833,26.5333
BWMAH,Mahalapye,-23.1,26.8333
BYKLK,Kletsk,53.05,26.6167
BYKYC,Kostyukovichi,53.35,32.05
BYPIK,Pinsk,52.1167,26.0833
BYRYA,Rechytsa,52.35,30.4
BYSNM,Slonim,53.1,25.3167
BYVAW,Vawkavysk,53.15,24.4333
BZBAR,Barranco,16.0,-88.9167
BZBGK,Big Creek,16.5167,-88.4
BZDGA,Dangriga,16.9667,-88.2167
CAAAB,Lac La Biche,54.7667,-111.95
CAAAL,Alert Bay,49.05,4.0
CAABL,Amberly,44.05,-81.7167
CAABR,Rocky View County,51.1833,-113.9333
CAAGU,Aguathuna,48.55,-58.7667
CAALK,Adlavik,54.9167,-58.9167
CAALO,L'Anse-au-Loup,51.5167,-56.8333
CAALV,Atholville,47.9833,-66.7167
CAANB,Andys Bay,49.05,4.0
CAANZ,Anzac,56.4333,-111.0333
CAARB,Arctic Bay,73.0333,-85.1667
CAARC,Arnold's Cove,47.7667,-53.9833
CAARI,Arichat,45.5167,-61.0167
CAASQ,Asquith,52.1167,-107.2167
CAAVO,Avondale,47.4167,-53.2
CAAVP,Avonport,45.1,-64.25
CABAA,Bala,45.0,-79.6
CABAM,Bamberton,59.4667,17.3833
CABAN,Barrington,43.5667,-65.5667
CABAT,Bathurst,50.6167,3.7667
CABAY,Bayside (St Roberts),-37.1833,139.75
CABBB,Blubber Bay,49.05,4.0
CABBU,Bay Bulls,47.3333,-52.8333
CABBY,Blind Bay,49.05,4.0
CABC2,Bow City,50.4167,-112.2667
CABCK,Brockville,37.7167,-77.6667
CABCV,Beale Cove,55.9333,-2.35
CABDF,Bedford,44.7167,-63.6833
CABDR,Bald Rock,44.4667,-63.5667
CABEA,Beaver Cove,50.5167,-126.8667
CABEC,Becancour,46.3333,-72.4333
CABEL,Belledune,51.2167,5.8
CABFR,Beresford,47.6833,-65.7
CABIN,Burrard Inlet,49.3,-123.1833
CABJO,Baie-Johan-Beetz,50.3,-62.8333
CABKA,Brocket,49.55,-113.7667
CABKN,Brooklyn,41.7833,-71.95
CABLC,Bella Coola,51.2167,5.8
CABLD,Belwood,43.7667,-80.3333
CABLK,Baker Lake,64.3167,-96.0333
CABLL,Beloeil,50.55,3.7167
CABLR,Blind River,46.9667,-118.6
CABLV,Belleville,51.2167,5.8
CABNI,Bowen Island,49.3667,-123.3333
CABOB,Bobcaygeon,44.5333,-78.55
CABOJ,Saint-Bruno-Lac-Saint-Jean,48.4667,-71.6667
CABOR,Borden,46.25,-63.7
CABPO,Beach Point,46.0167,-62.4833
CABRD,Brentwood Bay,48.5833,-123.45
CABRI,Britannia Beach,63.3167,12.5333
CABRL,Burlington,39.0333,-84.7167
CABRT,Broughton Is,53.1667,-3.0
CABRW,Bridgewater,43.55,-97.5
CABSK,Blackstock,44.1,-78.7833
CABST,"Bayside, Charlotte",45.1333,-67.1167
CABTF,Butterfly Bay,49.05,4.0
CABTH,Bath,35.4667,-76.8
CABUA,Bull Arm,47.8333,-53.8667
CABUE,Bouctouche,46.4667,-64.7167
CABUI,Burin,47.05,-55.1833
CABUK,Burks Falls,45.6333,-79.45
CABUO,Burgeo,47.6,-57.6333
CABUS,Burnside,48.7,-53.8
CABVE,Baie Verte,49.9167,-56.1833
CABWD,Botwood,49.15,-55.3667
CABYR,Bay Roberts,47.5833,-53.3
CACAC,Cap-Chat,49.0833,-66.6833
CACAH,Canso,45.3333,-61.0
CACAM,Campbell River,50.0167,-125.25
CACAT,Catalina,48.5167,-53.0833
CACAU,Coal Harbour,50.6,-127.5833
CACBC,Come By Chance,47.85,-53.9833
CACBF,Campbellford,44.3,-77.7833
CACBG,Cobourg,43.9667,-78.1667
CACBK,Corner Brook,48.95,-57.9333
CACBY,Carberry,49.8667,-99.35
CACCB,Cowichan Bay,49.05,4.0
CACCI,Crystal City,49.1333,-98.95
CACCV,Comfort Cove,49.3333,-54.8667
CACHA,Charlottetown,46.2333,-63.1333
CACHN,Chatham,41.6667,-69.9333
CACHR,Chandler,35.5333,-82.7
CACHT,Cheticamp,46.6167,-61.0167
CACHV,Churchill,58.7667,-94.1833
CACIL,Change Islands,49.6667,-54.4167
CACLB,Colborne,51.0333,5.8167
CACLE,Clarenville,48.15,-53.9667
CACLH,Clark's Harbour,43.45,-65.6333
CACLT,Carleton,59.4667,17.3833
CACMV,Carmanville,49.3667,-54.2667
CACOC,Contrecoeur,59.4833,10.3667
CACOL,Collingwood,56.6167,-6.5167
CACOM,Campbellton,55.4333,-5.6333
CACOU,Courtenay,49.05,4.0
CACPB,Campobello,51.2167,5.8
CACPY,Cape Ray,47.6333,-59.3
CACQ5,Preissac,48.4,-78.3667
CACQT,Conquitlam,49.2333,-122.8167
CACRA,Cranford,49.75,-112.35
CACRB,Carbonear,47.7333,-53.25
CACRO,Crofton,59.4667,17.3833
CACSC,Cote-Sainte-Catherine,45.4,-73.5833
CACSI,Cap-St-Ignace,47.0333,-70.45
CACSJ,Coniston,46.4833,-80.85
CACSN,Clarkson,51.5,5.5
CACST,Chester,40.6167,-80.5667
CACTR,Chestermere,51.0333,-113.8167
CACUM,Cumberland Bay,36.9667,-82.9833
CACVA,Cleveland,44.65,-64.0
CACWH,Cow Head,49.9,-57.7833
CACWL,Cornwall,50.1167,-5.7
CACWT,Clearwater,51.65,-120.0333
CACYP,Coley's Point,47.5833,-53.2667
CADCS,Dorchester,42.9833,-81.0667
CADDS,Saint-Davids,51.8833,-5.2667
CADEB,Deception Bay,49.05,4.0
CADEI,Deer Island,44.9667,-66.9667
CADEL,Delta,49.0833,-123.0
CADIL,Dildo,47.55,-53.55
CADLN,Dublin,43.5,-81.2833
CADSA,Denman Island,49.55,-124.8
CADWL,Dingwall,46.9,-60.4667
CAEBY,English Bay,49.2667,-123.1667
CAEDC,Edwards Cove,56.8333,-62.5
CAEDI,Grande-Digue,46.2833,-64.55
CAEEK,Belleisle Creek,51.2167,5.8
CAEIW,Wellington,-41.2667,174.7833
CAEND,Endako,54.0833,-125.0167
CAENE,Erieau,40.05,-105.05
CAESQ,Esquimalt,4.2167,7.3833
CAETA,East Angus,45.4833,-71.6667
CAETN,Etang-du-Nord,47.3667,-61.9333
CAETZ,Etzikom,49.4833,-111.1
CAEWT,Newton,49.9333,-98.0667
CAFAP,Father Point,50.6167,3.7667
CAFCM,Kuujjuaq,58.1,-68.4
CAFFS,Fort Frances,48.6,-93.4
CAFKN,Fort Franklin,65.1833,-123.4167
CAFLR,Fall River,44.8167,-63.6167
CAFLY,Fort Langley,49.1667,-122.5667
CAFMA,Fort MacKay,57.1833,-111.6333
CAFOG,Fogo,49.7167,-54.2833
CAFOR,Fortune,47.0667,-55.8333
CAFRE,Fredericton,45.95,-66.65
CAFRV,Forestville,38.4667,-122.8833
CAFSD,Fraser-Surrey Docks,49.1167,-122.7333
CAFSI,Fort Simpson,51.5,5.5
CAFWL,Fort William,48.4,-89.2333
CAFWS,Fraser Wharves,50.9667,-119.2
CAGAN,Gander,48.95,-54.55
CAGBT,Godbout,47.7,19.1333
CAGCA,Gros Cacouna,60.1667,5.4667
CAGGS,Ganges,62.5167,15.6167
CAGLB,Glace Bay,46.2,-59.9667
CAGLT,Galt,43.35,-80.3
CAGMA,Grand Manan,44.7,-66.8
CAGNN,Rockport,44.55,-76.2667
CAGOH,Goderich,47.7,19.1333
CAGOO,Goose Bay,53.4,-60.1667
CAGOR,Gold River,38.6,-121.2667
CAGPD,Port-Daniel - Gascons,48.1667,-64.9167
CAGPE,Gaspe,48.8333,-64.4833
CAGRB,Grand Bank,47.1,-55.7833
CAGRS,Grindstone,42.8333,17.7
CAHAM,Hamilton,35.9333,-77.2
CAHAR,Harriet Harbour,52.3,-131.4
CAHBN,Hebron,58.2,-62.6333
CAHBR,Harbour Breton,47.4833,-55.8333
CAHCC,Hacketts Cove,44.5667,-63.9333
CAHEB,Hebertville,48.3833,-71.6833
CAHHB,Hants Harbour,48.0167,-53.2667
CAHIB,Hibernia,44.3333,-64.9833
CAHLI,Herschel Island,69.5667,-139.0667
CAHMM,Hemmingford,45.05,-73.6
CAHMP,Hampden,49.5333,-56.8667
CAHOD,Holyrood,47.3833,-53.1333
CAHON,Harwood,44.1333,-78.1833
CAHOP,Hopedale,55.45,-60.2167
CAHRE,Harbour Grace,47.6833,-53.25
CAHRF,Horsefly,52.3333,-121.4167
CAHSP,Havre-Saint-Pierre,50.4667,4.0333
CAHVR,Hanover,44.1333,-81.0167
CAIAM,Indian Arm,49.3667,-122.8667
CAIGL,Igloolik,69.3667,-81.8167
CAIKM,Inkerman,45.0333,-75.4
CAILS,L'Ile-des-Soeurs (Nuns Island),45.3,-74.0333
CAIOC,Ioco,39.0667,8.45
CAION,Iona,56.3333,-6.4
CAIQL,Iqaluit,63.7333,-68.5
CAISL,Island Lake,53.8667,-94.6667
CAIVM,Invermere,50.5167,-116.0333
CAIVN,Irvine,49.95,-110.2667
CAJAC,Jackson Arm,49.8667,-56.8
CAJEG,Jemseg,45.8167,-66.1
CAJEI,Jervis Inlet,43.05,16.1667
CAKEE,Keene,44.25,-78.1667
CAKHO,Key Harbour,45.8833,-80.7333
CAKIN,Kingston,13.1333,-61.2167
CAKKR,Kinkora,5.05,-64.0
CAKLO,Kaslo,49.9,-116.9167
CAKNE,Kinnear's Mills,46.2167,-71.3833
CAKOV,Kovik Bay,61.55,-77.7333
CAKTM,Kitimat,4.2167,7.3833
CAKWI,King William Is,37.6833,-77.0
CALAC,Lachine/Montreal,59.4833,10.3667
CALAD,Ladysmith,45.45,-91.1
CALAY,Lower Argyle,43.7333,-65.8333
CALB3,L'Anse-a-Beaufils,48.4667,-64.3
CALCO,Lacolle,56.6167,-6.5167
CALCP,Lockeport,43.7,-65.1167
CALCV,Lower Cove,48.5167,-59.0
CALDS,Lansdowne,52.2167,-87.8833
CALDT,Lac-Drolet,45.7167,-70.85
CALEV,Levis,46.8,-71.1667
CALIC,Little Current,59.4833,10.3667
CALIV,Liverpool,53.4167,-3.0
CALLF,Clifford,43.9667,-80.9667
CALMD,Lomond,49.45,-57.7667
CALMN,Leamington,59.4667,17.3833
CALMW,La Salle,49.7,-97.2667
CALNG,Langley,49.1667,-122.5667
CALOB,Lobo,43.0,-81.4167
CALOH,Long Harbour,47.4333,-53.8
CALOP,Long Pond,48.0,-55.9167
CALOU,Louisbourg,45.9167,-59.9833
CALSE,Lakeshore,42.2833,-82.7333
CALVH,Laverlochere,47.4167,-79.2833
CALWB,Lowbanks,42.8667,-79.45
CALWH,Lower Woods Harbour,43.5167,-65.7333
CALWP,Lewisporte,49.2333,-55.0667
CALZV,Lantzville,49.25,-124.0833
CAMAB,Mabou,46.0667,-61.3833
CAMAG,Magog,45.2667,-72.15
CAMAR,Marathon,50.6167,3.7667
CAMBR,Main Brook,51.1833,-56.0167
CAMDB,Meldrum Bay,49.05,4.0
CAMEB,Menzies Bay,49.05,4.0
CAMFD,Meaford,44.6,-80.6
CAMGD,Magdalen Is,61.3667,5.4167
CAMGH,Merigomish,45.6167,-62.4167
CAMHB,Mahone Bay,49.05,4.0
CAMHN,Les Mechins,49.0,-66.9667
CAMIB,Mission,49.1333,-122.3
CAMID,Midland,31.8833,-115.9833
CAMLK,Millbank,47.05,-65.45
CAMNI,Milne Inlet Port,71.8833,-80.9167
CAMNT,Moncton,59.4667,17.3833
CAMOL,Mont-Louis,49.2167,-65.75
CAMOU,Moosonee,2.8333,8.0
CAMRE,Montreal-Est,45.6333,-73.5
CAMSV,Minesville,44.6833,-63.3667
CAMSW,Metiskow,52.4,-110.6333
CAMTI,Malartic,48.1333,-78.1167
CAMTN,Marystown,47.1667,-55.1667
CAMTO,Minto,46.0833,-66.0667
CAMTR,Montreal,45.6333,-73.5
CAMUS,Musquodoboit Harbour,44.7833,-63.1333
CAMYO,Mindemoya,45.7333,-82.1667
CANAI,Nain,56.55,-61.6833
CANAK,Nakusp,50.2333,-117.8
CANAN,Nanticoke,42.8,-80.0667
CANBC,Notre-Dame-du-Bon-Conseil,46.0,-72.35
CANCT,Newcastle,54.2167,-5.9
CANCV,Norman's Cove,47.55,-53.6667
CANDL,Notre-Dame-de-Lourdes,49.5333,-98.55
CANGL,New Glasgow,55.8333,-4.25
CANLS,Nelson,49.4833,-117.3
CANMT,Naramata,49.6,-119.5833
CANNE,Nanoose Bay,49.05,4.0
CANOL,Niagara-on-the-Lake,43.25,-79.0667
CANON,Shannon,52.7,-8.85
CANRB,North Bend,49.8833,-121.4667
CANRC,New Richmond,59.4667,17.3833
CANS3,Neil's Harbour,46.25,-60.55
CANSY,North Sydney,-33.85,151.2
CANTR,Bantry,50.4833,-111.7333
CANWP,Argentia,47.3,-54.0
CAOAJ,Oakville,49.9167,-98.0
CAOAK,Oakville,49.9167,-98.0
CAODE,Odessa,44.2667,-76.7167
CAOLS,Orleans,45.45,-75.5333
CAOON,Halton Hills,43.6167,-79.95
CAOSH,Oshawa,60.1667,5.4667
CAOTT,Ottawa,41.75,-83.7333
CAOVR,Oliver,49.1667,-119.55
CAPAF,Port-Alfred,48.3333,-70.8833
CAPAP,Port au Port,48.55,-58.7167
CAPAR,Parrsboro,50.35,-4.7167
CAPBQ,Channel-Port aux Basques,47.5667,-59.15
CAPCA,Port-Cartier,50.0167,-66.8667
CAPCO,Port Colborne,51.0333,5.8167
CAPCR,Port Credit,59.4833,10.3667
CAPDI,Pond Inlet,59.4667,17.3833
CAPDL,Port-Daniel,48.1833,-64.9833
CAPDO,Saint-Pierre-de-l'Ile-d'Orleans,45.45,-75.5333
CAPEL,Port Elgin,46.0333,-64.0833
CAPEW,Point Edward,43.0,-82.4
CAPFT,Pointe-Fortune,45.5667,-74.3667
CAPHL,Philipsburg,45.0333,-73.0667
CAPHM,Pohenegamook,47.4833,-69.2833
CAPHW,Port Hawkesbury,50.9,-0.5667
CAPIC,Picton,-34.1833,150.6
CAPMA,Port McNeill,50.5833,-127.1
CAPME,Port-Menier,49.8167,-64.35
CAPML,Port Mellon,51.2167,5.8
CAPNE,Port Nelson,-41.2667,173.2667
CAPNO,Pointe Noire,50.15,-66.4833
CAPOA,Port Arthur,29.8833,-93.9167
CAPOI,Pointe-Claire,45.4333,-73.7333
CAPOW,Powell River,51.2167,5.8
CAPPT,Prospect,44.4667,-63.7833
CAPRE,Prescott,59.4833,10.3667
CAPRS,Parry Sound,50.35,-4.7167
CAPSI,Port Simpson,51.5,5.5
CAPSV,Pleasantville,44.3333,-64.4333
CAPTB,Patricia Bay,49.05,4.0
CAPTD,Portugal Cove,47.6333,-52.85
CAPTE,Port Edward,-31.05,30.2167
CAPTH,Penetanguishene,44.7667,-79.9333
CAPTU,Point Tupper,45.6,-61.3667
CAPWE,Port Weller,43.2167,-79.2167
CAPXT,Pointe-aux-Trembles,45.65,-73.4833
CAQCH,Queen Charlotte,53.25,-132.0667
CAQLE,Les Escoumins,48.35,-69.4167
CARAM,Ramea,47.5167,-57.4167
CARBN,Robinsons,48.25,-58.7833
CARBY,Red Bay,51.7333,-56.4167
CARCD,Rockwood,43.6167,-80.1333
CARDL,Riviere-du-Loup,47.8333,-69.5333
CAREB,Resolute Bay,49.05,4.0
CAREL,La Relance,50.15,-66.45
CARIT,Rankin Inlet,62.8167,-92.0667
CAROD,Roddickton,50.85,-56.1167
CARPO,Rossport,48.8333,-87.5167
CARRC,Red Rock,48.95,-88.2833
CARRE,Chateau-Richer,46.9667,-71.0167
CARSV,Robertsonville,46.1333,-71.2167
CARTB,Robert's Bank,49.0667,-123.1667
CAS8A,Saint Albert,53.6333,-113.6333
CASAD,Saint-Andrews,59.4833,10.3667
CASAG,Saguenay,48.4167,-71.0667
CASAT,Saint-Anthony,51.3833,-55.6
CASAU,Saint-Augustin,51.2333,-58.65
CASBH,Sandy Beach,48.8167,-64.4167
CASBU,Shelburne,44.0667,-80.2
CASCA,Saint-Catharines,43.1667,-79.2333
CASCP,Saint-Christophe-d'Arthabaska,46.0333,-71.9167
CASCT,Sainte-Catherine,45.4,-73.5833
CASDM,Sainte-Anne-des-Monts,49.1167,-66.4833
CASDN,Saint-Damien-de-Brandon,46.3333,-73.4833
CASDY,Sidney,37.6167,-82.35
CASEB,Seven Islands Bay,59.4167,-63.75
CASED,Sedgewick,52.7667,-111.6833
CASEI,Sept-Iles,50.2,-66.3833
CASEM,Seldom,49.6,-54.1667
CASEU,Saint-Eustache,45.5667,-73.9
CASF2,Sanford,49.6667,-97.4333
CASFI,Sainte-Famille,46.9667,-70.9667
CASFR,Saint-Francois-du-Lac,46.0667,-72.8333
CASFX,Saint-Felix-de-Valois,46.1667,-73.4
CASHH,Sheet Harbour,44.9333,-62.5333
CASHV,Shannonville,52.7,-8.85
CASID,Saint-Isidore,45.2667,-71.5167
CASIM,Imperial,51.3333,-105.4333
CASIO,Sicamous,50.8333,-118.9833
CASJB,Saint-John,45.2667,-66.0667
CASJF,Saint-John's,47.5667,-52.7333
CASKE,Saint-Anne-de-Kent,63.3167,12.5333
CASKI,Charlotte (Skidegate),50.7667,4.2667
CASKL,Lower Sackville,46.5833,-41.7333
CASLB,Shelburne,44.0667,-80.2
CASLK,Split Lake,56.25,-96.1
CASLT,Saint-Lambert,45.4833,-73.5
CASLW,Saint-Lawrence,46.9,-55.4
CASMS,Saint-Marys,46.9167,-53.5833
CASMT,Stormont,45.2167,-61.7333
CASNV,Shaunavon,49.65,-108.4
CASOM,Sombra,42.75,17.6167
CASOO,Sooke,58.7167,27.1167
CASOR,Sorel,46.0,-73.1667
CASPA,Saint-Pascal,47.5333,-69.8
CASPD,Springdale,49.4833,-56.1
CASPI,Saint-Pierre,45.45,-73.6333
CASPN,Spaniards Bay,47.6167,-53.3
CASRA,Saint-Roch-de-l'Achigan,45.85,-73.5833
CASRO,Saint-Romuald-d'Etchemin,46.75,-71.2333
CASRS,Saint-Peters,45.65,-60.8667
CASSP,Sandspit,60.2167,-1.3833
CASST,Saint-Shotts,46.6333,-53.6
CAST3,Saint-Felix-de-Kingsey,45.8,-72.1833
CAST6,Sorel-Tracy,59.4833,10.3667
CASTC,Stoney Creek,42.8333,17.7
CASTD,Saint-Armand,45.0167,-73.0333
CASTH,Saint-Thomas,39.9167,-77.7833
CASTK,Stockton,49.5833,-99.45
CASTS,Saint-Stephen,48.45,-96.8667
CASTV,Stephenville,48.55,-58.5667
CASTW,Stewart,55.1833,-6.7167
CASUD,Sudbury,50.9,-0.5667
CASUY,Surrey,49.1167,-122.7333
CASVD,Sainte-Victoire-de-Sorel,46.0,-73.1667
CASYD,Sydney,-33.85,151.2
CASYI,Stoney Island,43.4667,-65.5667
CASYL,Sylvan Lake,52.3167,-114.0833
CASYW,Sayward,50.35,-125.9167
CASZT,Saint-Zotique,45.2333,-74.25
CATAS,Tasu,36.3167,33.8667
CATBY,Thornbury,44.55,-80.45
CATCV,Tilt Cove,49.8833,-55.6167
CATHA,Thamesford,43.05,-80.9833
CATHH,Three Hills,51.7,-113.2667
CATHL,Thornhill,53.35,-1.7
CATHU,Thunder Bay,49.05,4.0
CATJN,Tring Jonction,46.2667,-71.0
CATLB,Tilbury Is,50.9,-0.5667
CATOR,Toronto,-33.0,151.6
CATRB,Trinity Bay,49.05,4.0
CATRC,Tracy,47.3167,2.8833
CATRO,Trochu,51.8333,-113.2333
CATRR,Trois-Rivieres (Three Rivers),50.35,4.8667
CATTC,Trenton,59.4833,10.3667
CATTL,Thetis Island,48.9833,-123.6833
CATWI,Twillingate,49.65,-54.75
CATWN,Thawwassen,49.0,-123.0667
CAUCL,Ucluelet,48.9333,-125.5167
CAUPT,Upton,45.6333,-72.6833
CAVAN,Vancouver,49.3333,-123.15
CAVCH,Vercheres,45.7667,-73.35
CAVIC,Victoria,48.4333,-123.35
CAVIH,Victoria Harbour,44.75,-79.7667
CAVLF,Valleyfield,45.25,-74.1333
CAVOB,Voisey's Bay,56.25,-61.85
CAVOS,Prevost,45.8667,-74.0833
CAW4C,Saint-Gedeon,48.4833,-71.7833
CAWAI,Watson Is,51.5,5.5
CAWDR,Windsor,44.9833,-64.1333
CAWEL,Welland,-34.9,138.5333
CAWEP,Welshpool,-38.6667,146.4333
CAWHH,Whiffen Head,47.75,-54.0333
CAWHI,Whitby,54.4833,-0.6167
CAWIG,Wingham,-31.8667,152.3667
CAWND,Windsor,44.9833,-64.1333
CAWOO,Woodfibre,59.4833,10.3667
CAWTN,Walton,45.2167,-64.0167
CAWTO,Westport,44.6833,-76.4
CAWVR,West Vancouver,49.3333,-123.15
CAWWO,Wildwood,53.6167,-115.2333
CAXJH,Saint-Joseph-de-Beauce,46.3,-70.8667
CAXVX,Emerald Park,50.7333,-104.6333
CAXZC,Saint-Isidore d'Auckland,45.2667,-71.5167
CAYCB,Cambridge Bay,69.1167,-105.0833
CAYCS,Chesterfield Inlet,63.3333,-90.7
CAYDH,Daniels Harbour,50.2333,-57.5833
CAYEK,Arviat,61.1,-94.05
CAYGZ,Grise Fiord,76.4167,-82.95
CAYHK,Gjoa Haven,68.6167,-95.8333
CAYMD,Mould Bay,76.2333,-119.35
CAYMH,Mary's Harbour,52.3167,-55.8333
CAYRH,Yarmouth,50.7,-1.5
CAYWM,Williams Harbour,52.55,-55.7833
CAYXN,Whale Cove,62.1667,-92.5833
CAYZS,Coral Harbour,64.1333,-83.1667
CAZCR,Saint-Charles-sur-Richelieu,45.6833,-73.1833
CAZEB,Zeballos,60.1667,5.4667
CAZFT,Forest,43.1,-82.0
CAZTI,Saint-Tite,46.7333,-72.5667
CAZYE,Yamachiche,46.2833,-72.8333
CCCCK,Cocos Islands,-12.0,96.8333
CDBNW,Banana,6.0167,12.4
CDBOA,Boma,-34.85,150.6167
CDMHB,Moho Bilondo,-5.9167,10.25
CDMKL,Makala,2.8167,24.7167
CFTOG,Togo,5.5,21.7167
CGMOS,Mossaka,-1.2167,16.8
CGNKO,N'Kossa Terminal,-5.2333,11.6
CGOYO,Oyo,1.0,15.9
CGPNR,Pointe Noire,-4.8,11.85
CGYOM,Yombo,-2.9333,12.7
CHBA8,Ballwil,47.15,8.3167
CHBIB,Biberist,47.1833,7.5667
CHBIR,Birrwil,47.2833,8.2
CHBLY,Blonay,46.4667,6.9
CHBRU,Brunnen,46.9833,8.6
CHBRZ,Bad Ragaz,47.0,9.5
CHBSM,Bretigny-sur-Morrens,46.6,6.6333
CHBTT,Brutten,47.4667,8.6667
CHBUR,Bursinel,46.4333,6.2833
CHCBL,Collonge-Bellerive,46.25,6.2
CHCHE,Chevenez,47.3833,7.0
CHCHS,Chesieres,46.3,7.05
CHCOP,Coppet,46.3167,6.2
CHCVT,Couvet,46.9167,6.6333
CHDOT,Dottingen,47.5667,8.25
CHDSF,Epalinges,46.55,6.6667
CHEPS,Epesses,46.4833,6.7333
CHERB,Erlenbach,47.3,8.6
CHFEM,Feldmeilen,47.2833,8.6167
CHFLA,Flasch,47.0167,9.5167
CHGEL,Lancy,46.1833,6.1333
CHGRG,Gorgier,46.9,6.7667
CHGTT,Guttingen,47.6,9.2833
CHHBG,Herrliberg,47.2833,8.6167
CHHHM,Cham,47.1833,8.4667
CHHTE,Hauterive,47.0167,6.9667
CHK3L,Kollbrunn,47.45,8.7833
CHKPP,Koppigen,47.1333,7.6
CHKRZ,Kreuzlingen,59.4833,10.3667
CHLDO,Le Landeron,47.05,7.0667
CHLLU,Le Lieu,46.65,6.2667
CHMAU,Maur,47.3333,8.6667
CHMDF,Mannedorf,47.4167,9.1333
CHMIG,Miege,46.3167,7.55
CHMLN,Meilen,47.2833,8.6333
CHMWA,Meisterschwanden,47.2833,8.2333
CHN66,Choindez,47.3167,7.3833
CHNDB,Niederbipp,47.2667,7.6833
CHNEF,Nafels,47.1,9.0667
CHODB,Oberried am Brienzersee,46.7333,7.95
CHPOR,Porto Ronco,46.1333,8.7333
CHRGT,Rougemont,46.4833,7.2167
CHRGU,Klingnau,47.5833,8.25
CHRMH,Romanshorn,47.5667,9.3833
CHRNB,Reichenbach,46.6167,7.6833
CHRRN,Raron,46.3,7.8
CHSAS,Saint-Aubin-Sauges,46.8833,6.7667
CHSEN,Schenkon,47.1667,8.1333
CHSMK,Schmerikon,47.2333,8.9333
CHSSV,Saint-Sulpice,46.5167,6.5667
CHSTA,Stansstad,46.9667,8.3333
CHSTI,Steinhausen,47.2,8.4667
CHTAN,Twann,47.1,7.15
CHTTG,Salenstein,47.6667,9.05
CHTZE,Utzenstorf,47.1333,7.55
CHUKS,Uetikon am See,47.2667,8.6667
CHVAU,Vaumarcus,46.8667,6.75
CHVS5,Villaz-Saint-Pierre,46.7167,6.9667
CHVSX,Versoix,46.2833,6.1667
CHVZU,Vitznau,47.0167,8.4833
CHWCW,Walchwil,47.1,8.5167
CHWLO,Wurenlos,47.45,8.3667
CHXRE,Aeugst am Albis,47.2667,8.4833
CHXXX,RIS Inland waterways,-38.0,145.1167
CHXZX,Ibach,47.0167,8.65
CIABJ,Abidjan,5.3333,-4.0167
CIASS,Assinie-Mafia,5.1167,-3.2833
CIBAO,Baobab Terminal,4.95,-4.55
CIDAB,Dabou,5.3167,-4.3667
CIESP,Espoir,5.0667,-4.3833
CIFRE,Fresco,5.0833,-5.5667
CIGBA,Gbabam,5.4667,-5.5833
CIGLU,Grand Lahou,5.1333,-5.0167
CIJAC,Jacqueville,5.2,-4.4167
CIKOS,Kosagi,8.2167,-8.1
CIPBT,Port-Bouet,5.25,-3.9667
CISPY,San-Pedro,4.7333,-6.6167
CIZSS,Sassandra,60.2167,-1.3833
CKAIU,Atiu,17.4833,-62.9667
CKMGS,Mangaia,43.8333,28.5833
CKMOI,Mitiaro Island,55.2667,9.75
CKRAR,Rarotonga,55.2667,9.75
CLACH,Achao,-42.45,-73.5167
CLANF,Antofagasta,-23.6333,-70.3833
CLARA,Arauco,-37.25,-73.3167
CLARI,Arica,-18.4833,-70.3167
CLAYA,Ayacara,-42.3,-72.7833
CLBAG,Bahia San Gregorio,-52.6167,-70.1333
CLBAR,Barquito,-26.35,-70.6333
CLBLR,Bahia Laredo,-52.9667,-70.8
CLCAA,Calderilla,-27.0833,-70.85
CLCAL,Caleta Patillos,-20.75,-70.2
CLCBC,Calbuco,-41.75,-73.1333
CLCCA,Chacao,-41.8333,-73.5333
CLCCP,Concepcion,-36.8167,-73.05
CLCDV,Curaco de Velez,-42.4333,-73.5667
CLCGR,Cruz Grande,-29.45,-71.3
CLCHB,Chacabuco,-45.4833,-72.8167
CLCHI,Chiguayante,-36.9167,-73.0167
CLCHO,Chonchi,-42.6,-73.8
CLCHR,Cabo de Hornos,-55.9667,-67.2
CLCIS,Puerto Cisnes,-44.7333,-72.7
CLCLD,Caldera,-27.0333,-70.8
CLCLR,Caleta Clarencia,-52.8833,-70.1
CLCNL,Coronel,-37.0167,-73.15
CLCNR,Chanaral,-26.35,-70.6167
CLCNX,Cabo Negro,-52.9667,-70.85
CLCOL,Caleta Coloso,-23.75,-70.4667
CLCPO,Copiapo,-27.35,-70.3333
CLCQQ,Coquimbo,-29.9667,-71.3333
CLCRH,Carahue,-43.0,-73.55
CLCRR,Corral,-39.8667,-73.4333
CLCST,Constitucion,-35.3333,-72.4167
CLDCH,Dalcahue,-42.3833,-73.6667
CLEDE,Puerto Eden,-49.15,-74.45
CLGUA,Guaitecas,-43.7333,-73.9
CLGYC,Guayacan,-29.9833,-71.3667
CLHSO,Huasco,-28.45,-71.2167
CLHUH,Hualaihue,-42.0167,-72.6833
CLIPC,Isla de Pascua,-27.15,-109.4167
CLIQQ,Iquique,-20.2167,-70.1333
CLISG,Isla Guarello,-52.6667,-73.6833
CLJFZ,Juan Fernandez,-33.6667,-79.7833
CLKNA,Vina del Mar,-32.9833,-71.55
CLLEB,Lebu,-37.6,-73.65
CLLIA,Llanquihue,-41.25,-73.0
CLLLI,Llico,-37.2,-73.5667
CLLOH,Paso Lago O'Higgins/O'Higgins,-48.8667,-72.6667
CLLOS,Los Vilos,-31.9,-71.5
CLLQN,Lirquen,-36.7,-72.9833
CLLSC,La Serena,-29.8833,-71.2333
CLLTA,Lota,-37.0833,-73.15
CLLVT,Los Vientos,-24.6833,-69.7667
CLMIC,Michilla,-22.7333,-70.2667
CLMJS,Mejillones,-23.1,-70.45
CLMLI,Melinka,-43.8667,-73.75
CLMLL,Maullin,-41.6167,-73.5833
CLNAL,Nueva Aldea,-36.65,-72.45
CLOHI,O'Higgins,-48.4667,-72.5667
CLOVL,Ovalle,-30.5833,-71.2
CLPAG,Puerto Angamos,-23.0833,-70.45
CLPAN,Panguipulli,-39.6333,-72.3333
CLPAT,Puerto Patache,-20.8,-70.2
CLPCH,Puerto Chacabuco,-45.4833,-72.8333
CLPCK,Pecket,-52.95,-71.1833
CLPEO,Penco,-36.7167,-72.9833
CLPGA,Pargua,-41.8,-73.4333
CLPIS,Pisagua,-19.6,-70.2
CLPMC,Puerto Montt,-41.4667,-72.95
CLPNT,Puerto Natales,-51.7167,-72.5
CLPOC,Puerto Octay,-40.9667,-72.9
CLPOS,Posesion,-29.9,-70.0667
CLPPD,Punta Padrones,53.05,5.85
CLPPY,Puerto Percy,-52.9,-70.2667
CLPQD,Puqueldon,-42.5833,-73.6333
CLPTC,Punta Chungo,-31.8667,-71.5
CLPTE,Quellon (Puerto Quellon),-43.1,-73.6167
CLPTI,Patillos,-20.75,-70.1833
CLPUQ,Punta Arenas,-53.1333,-70.9333
CLPVS,Puerto Varas,-41.3167,-72.9833
CLQCO,Quinchao,-42.5167,-73.4
CLQLN,Queilen,-42.8667,-73.4667
CLQMC,Quemchi,-42.1333,-73.4833
CLQTV,Quintero,-32.7667,-71.5333
CLQUV,Quellon Viejo,-43.1333,-73.6667
CLRAF,Rauco,-42.5333,-73.7833
CLSAA,Saavedra,-38.7833,-73.4
CLSAI,San Antonio,-33.6,-71.6
CLSVE,San Vicente,-36.7,-73.1333
CLTAL,Talcahuano,-36.7333,-73.1167
CLTLX,Talca,-35.4167,-71.65
CLTOM,Tome,-36.6,-72.95
CLTON,Tongoy,-30.25,-71.4833
CLTOQ,Tocopilla,-22.0833,-70.1833
CLTOR,Tortel,-47.8333,-73.5667
CLTPT,Tres Puentes,-53.1167,-70.8833
CLTTC,Taltal,-25.4,-70.4667
CLVAP,Valparaiso,-33.0333,-71.6333
CLVIL,Villarrica,-39.2667,-72.2167
CLVNT,Ventanas,-32.7333,-71.4833
CLWCA,Castro,-42.4667,-73.7667
CLWCH,Chaiten,-42.9167,-72.7
CLWPA,Puerto Aisen,-45.3833,-72.7
CLWPU,Puerto Williams,-54.9167,-67.6167
CLZAL,Valdivia,-39.8167,-73.2167
CLZOS,Osorno,-40.5667,-73.15
CLZUD,Ancud,-41.85,-73.8333
CMDLA,Douala,61.2167,17.15
CMGOU,Garoua,9.3,13.4
CMKUM,Kumba,4.6333,9.4333
CMLIM,Limbe,4.0167,9.2167
CMMOU,Moudi Terminal,4.1167,8.4833
CMTKC,Tiko,47.2667,8.6667
CNAIN,Huaiyin,33.6333,119.0167
CNAJG,Aojiang Pt,27.5833,120.45
CNANG,Huangxian,29.55,121.5667
CNANQ,Anqiu,36.4167,119.1833
CNANT,Anting,31.3,121.15
CNAPP,Anpu,21.3833,109.8333
CNAQG,Anqing,30.5167,117.0333
CNASW,Aoshanwei,36.35,120.6667
CNBCG,Baiceng,25.4333,105.8
CNBCO,Bacao,25.4667,105.7833
CNBDG,Badong,31.0333,110.3833
CNBEI,Beilun,29.9333,121.8833
CNBHX,Binhai,33.7167,119.6167
CNBIH,Beihai Pt,21.4667,109.1167
CNBIJ,Beijiao,22.9167,113.2
CNBLG,Beilun Pt,29.9333,121.8833
CNBLI,Bali,25.15,121.4
CNBLX,Honghai Pt,23.1667,114.2667
CNBMJ,Baimajing,19.7,109.2167
CNBSD,Baoshan Pt,31.4167,121.4833
CNBSE,Baise,44.25,0.2833
CNBSP,Basuo Pt,19.0,108.6167
CNBYA,Bayan,46.0833,127.4
CNBYG,Baiyang,30.4333,111.5167
CNBYN,Binyang,27.25,120.3333
CNBYQ,Bayuquan,49.05,4.0
CNBZG,Bozhong,38.45,118.4333
CNCBG,Chen Barag,42.0833,19.0833
CNCDH,Changdianhekou,40.4167,124.8
CNCFD,Caofeidian Pt,38.95,118.5333
CNCFF,Suidong,59.4667,17.3833
CNCGM,Chongming,31.6333,121.4
CNCGS,Changshu Pt,31.65,120.7167
CNCGW,Cangwu,23.4833,111.3167
CNCGZ,Chongzuo,59.4667,17.3833
CNCHE,Chengaogang,32.3,119.85
CNCHI,Chizhou,30.65,117.4667
CNCHQ,Chongqing Pt,29.5833,106.55
CNCHU,Chaohu,31.6,117.85
CNCHX,Chengxi,31.9167,120.2333
CNCHY,Chaoyang Pt,23.2667,116.6
CNCHZ,Chuzhou,32.3167,118.2833
CNCIV,Civet / Guandong,22.2667,113.0667
CNCIX,Cixi,30.1667,121.2333
CNCJA,Congjiang,59.4667,17.3833
CNCJG,Caojing,30.7833,121.4
CNCLJ,Chenglingji Pt,29.4333,113.15
CNCNG,Chengde,40.9667,117.9333
CNCOZ,Chaozhou,23.6667,116.6333
CNCQI,Chongqing,29.5833,106.55
CNCSH,Changsha,28.2,112.9833
CNCUN,Chencun,22.95,113.2333
CNCWN,Chiwan Pt,22.4833,113.8833
CNCYH,Haimen,28.6667,121.4333
CNCZX,Changzhou,31.7833,119.9667
CNDAG,Dalian Pt,-7.6833,11.7833
CNDAL,Dalian,38.9167,121.6
CNDAN,Daan,43.95,129.85
CNDAS,Dashihuagang,38.9,121.6
CNDAX,Daxie Pt,29.8833,121.95
CNDAY,Dayawan,22.6667,114.6667
CNDBG,Dongbang,59.4667,17.3833
CNDBX,Bohe,21.5167,111.0
CNDCB,DA CHAN BAY,22.5333,113.8667
CNDDD,Dadeng I.,24.5333,118.3167
CNDDG,Dandong,40.1333,124.3667
CNDDW,Dongdaiwan,26.2333,119.6167
CNDDZ,Dandong,40.1333,124.3667
CNDEF,Defeng,26.2167,109.1167
CNDEZ,Dezhou,37.4333,116.2833
CNDFA,Dongfang,19.05,108.9333
CNDFG,Dafeng,33.1833,120.4667
CNDFN,Dongfeng,59.4667,17.3833
CNDGG,Dongguan,23.0333,113.75
CNDGN,Donggang,39.8833,124.1333
CNDGP,Dongping,21.7167,112.2167
CNDGU,Donggu,59.4667,17.3833
CNDHU,Danzhou,25.3667,109.4333
CNDJA,Dongjiakou,35.6,119.7667
CNDJK,Dongjiangkou,35.5833,119.7833
CNDJT,Dongjiaotou Pt,20.3333,110.4167
CNDLD,Dalu Island,39.7333,123.7167
CNDLI,Dongliu,58.2833,24.2667
CNDMY,Damaiyu,28.0833,121.15
CNDNG,Donghai,22.95,115.6333
CNDOP,Donglian Port,23.25,115.0167
CNDOU,Doumen Pt,22.2,113.2833
CNDOX,Dongxing,21.4833,107.9833
CNDOZ,Dongzhang,59.4667,17.3833
CNDPG,Dapeng,22.6,114.5
CNDSB,Dongsunba,59.4667,17.3833
CNDSH,Dongshi,24.6667,118.4667
CNDSI,Dongshi,24.6667,118.4667
CNDSN,Dongshan Pt,59.4667,17.3833
CNDSO,Dasong,51.5,5.5
CNDWN,Dawan,-2.5333,110.2
CNDYI,Dayi,49.05,4.0
CNDYN,Dongying,37.4167,118.6833
CNDYW,Dayaowan,22.6667,114.6667
CNDZM,Danzhimatou,4.2167,7.3833
CNEBA,Erba,49.4667,8.9833
CNENP,Hengban,22.2,112.3167
CNEZH,Ezhou,30.4,114.8167
CNFAN,Fangcheng Pt,21.7667,108.35
CNFCH,Fengcheng,36.7,121.2333
CNFKI,Fengkai,23.05,112.45
CNFKJ,Jiangkou,23.45,111.5
CNFLG,Fuling,29.7,107.3333
CNFNG,Fuyong,22.65,113.7833
CNFQX,Xialong,25.7,119.3833
CNFRT,Foshan New Pt,60.1667,5.4667
CNFUJ,Fujin,47.25,132.0333
CNFUY,Fuyuan,48.35,134.3
CNFZG,Fuzhou Pt,26.0833,119.3
CNFZH,Fuzhou,26.0833,119.3
CNFZX,Fuzhouxingang,50.3,4.9
CNGAO,Gaogang,32.3,119.85
CNGBT,Guangbaotong,59.4667,17.3833
CNGGK,Gongkou,23.6333,117.2333
CNGGN,Gongan,59.4667,17.3833
CNGGU,Gongguan,59.4667,17.3833
CNGGZ,Guangzhou,23.1333,113.2333
CNGHI,Guanghai Pt,21.9667,112.8
CNGIS,Guishan,22.1333,113.8167
CNGLG,Gaoleng,51.15,4.85
CNGLN,Gaolan,36.3167,103.9333
CNGNA,Guang'ao,23.2333,116.7667
CNGOG,Gongming,22.7833,113.8667
CNGOM,Gaoming Pt,22.8833,112.8333
CNGON,Gaolan,21.9167,113.25
CNGSA,Cangshan,34.85,118.05
CNGSH,Gaosha,60.1667,5.4667
CNGUG,Guigang,23.1,109.6
CNGUI,Guilin,25.2667,110.2833
CNGUT,Guangdong Terminal,22.5667,114.4333
CNGZC,Guangzhouchuanchang,23.1333,113.2333
CNGZE,Guzhen,22.6,113.1667
CNGZG,Guangzhou Pt,23.1333,113.2333
CNHAS,Heshan,22.7667,112.95
CNHBG,Harbin Pt,45.7333,126.6
CNHCN,Huachuan,47.0167,130.7
CNHEK,Heihe,50.2333,127.4833
CNHGA,Honghua,59.4667,17.3833
CNHGG,Hongguang Pt,59.4667,17.3833
CNHGJ,Huangjiang,25.1,107.3333
CNHHT,Haitian Terminal/ Xiamen,27.1,120.3
CNHID,Huidong Pt,22.9833,114.7
CNHIG,Haikou Pt,20.0333,110.1667
CNHIJ,Huaiji,23.05,112.45
CNHIK,Huikou,22.2333,110.9333
CNHJI,Huangjiang,25.1,107.3333
CNHKO,Haikou,20.0333,110.3333
CNHKU,Hukou,24.9,121.05
CNHLI,Huailai,40.3667,115.5
CNHLJ,Jinghai,23.0333,116.3
CNHLW,Heliwei,54.6,18.8
CNHME,Haimen,28.6667,121.4333
CNHMN,Humen Pt,22.8333,113.6667
CNHNH,Huanghua,38.35,117.35
CNHNI,Hengli,23.1667,114.6167
CNHOD,Hongdu,59.4667,17.3833
CNHOH,Honghu,59.4667,17.3833
CNHOQ,Hongqi,29.5833,106.55
CNHOU,Houjie,22.9333,113.6333
CNHRN,Harbin,45.7333,126.6
CNHSC,Shaoguan New Pt,24.8,113.6167
CNHSI,Huangshi Pt,30.2,115.1
CNHSN,Heshan Pt,22.7667,112.95
CNHST,Heishantou,50.2,119.3833
CNHTG,Hetang,22.65,113.1333
CNHUD,Huludao,40.75,120.85
CNHUH,Huanghua Pt,38.35,117.35
CNHUI,Huizhou,23.0833,114.3667
CNHUL,Hulin,45.7833,132.95
CNHUM,Huma,51.7,126.65
CNHUN,Huangpu New Port,23.0833,113.5
CNHUY,Huayang,49.05,4.0
CNHXA,Hengxian,34.2833,108.95
CNHXG,Haikou New Pt,20.25,108.8333
CNHYN,Huangyan,28.6333,121.25
CNHZH,Huzhou,30.8667,120.1
CNHZU,Houzhu,24.8833,118.6667
CNIMA,Baimao,35.0167,118.6
CNING,Xinyang,32.1333,114.05
CNJAX,Jiaxing,30.7667,120.75
CNJAY,Jiayin,48.8667,130.3667
CNJDR,Quxi,23.5833,116.4333
CNJGU,Jinguzhou,22.5167,113.0167
CNJGY,Jiangyin,25.4667,119.3
CNJHA,Jinhua,29.1167,119.65
CNJIA,Jiangyin Pt,31.9,120.2833
CNJIJ,Jingjiang,32.0333,120.2833
CNJIS,Jiangshan Pt,21.6333,108.2667
CNJIU,Jiujiang,29.7167,115.9667
CNJIZ,Jiazi,22.8667,116.05
CNJKO,Jiangkou,23.45,111.5
CNJLP,Jiulongpo Pt,59.4667,17.3833
CNJMN,Jiangmen,22.5833,113.0667
CNJMS,Jiamusi Pt,43.7333,4.2
CNJMU,Jimusi,43.7333,4.2
CNJNZ,Jinzhou Pt,41.1167,121.15
CNJOG,Jinghong,22.0167,100.8
CNJRG,Jurong,31.9167,119.1667
CNJSG,Jiaoshan Pt,60.1667,5.4667
CNJUJ,Jiujiang,22.8333,113.0
CNJUZ,Jiuzhen,24.0333,117.7
CNJZK,Jingzhou Pt,30.3,112.2667
CNJZU,Jiuzhou Pt,41.1167,121.15
CNKFG,Kaifeng,34.7833,114.3333
CNLAL,Laolong,58.2333,24.1167
CNLDK,Laodukou,58.2333,24.1167
CNLFN,Lufeng,22.95,115.6333
CNLGA,Long'an,59.4667,17.3833
CNLGI,Longhai,26.4667,113.2667
CNLGU,Longguan,40.7667,115.5667
CNLGW,Longwu,59.4667,17.3833
CNLGY,Longyan Pt,37.4333,122.6333
CNLIH,Lianhuashan Pt,23.0167,115.2667
CNLIU,Liuyang,58.2833,24.2667
CNLIZ,Lianzhou,24.7667,112.35
CNLJD,Liujiadu,58.2833,24.2667
CNLJN,Liujing,58.2833,24.2667
CNLJP,Liujia Pt,58.2833,24.2667
CNLJQ,Qianyu,26.2,119.5167
CNLJY,Yingzai,21.6167,110.2833
CNLKP,Liukou Pt,58.2833,24.2667
CNLKU,Longkou Pt,37.65,120.35
CNLLI,Liling,27.6667,113.4833
CNLMG,Wenling Longmen Port,28.4167,121.9833
CNLMN,Longmen,49.8,6.7833
CNLNH,Linhai,28.85,121.1167
CNLOZ,Longzhou,59.4667,17.3833
CNLPP,Longping Pt,59.4667,17.3833
CNLSH,Lushun New Pt,38.6833,121.1833
CNLSN,Lanshan Pt,35.0667,119.3667
CNLSX,Xincun,18.5,110.0167
CNLUB,Luobei,47.5667,130.8167
CNLUD,Liudu,23.0667,112.0
CNLUH,Lu-hua Shan,30.8167,122.6167
CNLUI,Lisui,40.0667,116.75
CNLUN,Lu'an,31.7333,116.4833
CNLUS,Lusi,32.05,121.6167
CNLUZ,Luzhou,28.9,105.4
CNLXH,Laoxiahe,58.2333,24.1167
CNLXI,Lanxi,29.2,119.4667
CNLYG,Lianyungang,34.7167,119.4333
CNLZH,Liuzhou,23.3167,109.4
CNLZL,Liusha,20.9,110.0667
CNLZO,Laizhou Pt,37.1667,119.95
CNLZP,Liuzuo Pt,58.2833,24.2667
CNMAA,Ma'anshan,31.7167,118.4667
CNMAC,Macun,19.95,110.0167
CNMAJ,Majistan/Zhoushan,30.0167,122.1
CNMAW,Mawei Pt,25.9833,119.45
CNMAY,Mayong,49.05,4.0
CNMBI,Mabian Island,23.1167,115.0833
CNMIY,Miyun,40.3667,116.8333
CNMJS,Maji Shan,30.6667,122.4
CNMOG,Maogang,23.05,112.7333
CNMOH,Mohe,53.0167,122.45
CNMSA,Meisha Pt,24.7,117.0667
CNMSG,Meishan Pt,24.7,117.0667
CNMSP,Maoshan Pt,31.4167,121.4833
CNMWN,Mawan Pt,22.45,113.8833
CNNAH,Nanhai Pt,23.0167,113.15
CNNAN,Nanao Pt,23.4333,117.6833
CNNBG,Ningbo Pt,29.9167,121.6667
CNNBO,Ningbo,29.8667,121.55
CNNDS,Shacheng,26.65,119.5167
CNNEG,Neigang,23.1,113.4167
CNNHN,Wuhan,30.5833,114.2833
CNNHS,Sanshan pt,35.0667,119.3667
CNNIG,Nanning Pt,22.8,108.3167
CNNIN,Nanning,22.8,108.3167
CNNJG,Nanjing Pt,32.05,118.7667
CNNJI,Nanjing,32.05,118.7667
CNNJK,Nanjiangkou,23.1167,111.8
CNNSA,Nansha Pt,22.75,113.5833
CNNTG,Nantong,32.0167,120.85
CNNUD,Nudao,36.3833,120.8667
CNNXI,Nanxiang,34.2833,108.95
CNPAJ,Panjin,41.1167,122.05
CNPDG,Pudong/Shanghai,31.2333,121.5
CNPDX,Pudongxinqu Pt,59.4667,17.3833
CNPGZ,Pingzhou,23.0333,113.2
CNPHB,Bijia,22.6167,114.85
CNPJS,Pizhou,34.3333,118.0167
CNPLI,Penglai Pt,37.8,120.75
CNPNT,Pantang,9.45,8.4667
CNPNY,Shiqiao,22.95,113.3667
CNPSH,Pingsha,22.1,113.1667
CNPTJ,Jinjing,25.5,119.7833
CNPTN,Pingtan,25.5,119.7167
CNPTS,Sanjiangkou,23.1167,111.8
CNPUT,Putian,24.4333,119.0167
CNPXM,Pingshaxinmatou,22.1,113.1667
CNPYG,Puyang,35.7,115.0
CNPZO,Paizhou,34.3333,118.0167
CNQAW,Qianwan,36.05,120.2167
CNQDG,Qingdao Pt,36.05,120.3167
CNQGS,Qingshi,41.3667,126.5167
CNQGY,Qingyuan,23.7,113.0167
CNQIG,Qingguji / Shangqiu,34.6833,115.7667
CNQIN,Qingdao,36.05,120.3167
CNQLN,Qinglan Pt,19.55,110.8167
CNQNH,Tanmen,19.2333,110.4667
CNQSA,Qisha Pt,21.5833,108.4667
CNQSE,Qingshuihe/Shenzhen,22.55,114.1167
CNQSN,Qianshan/Zhuhai,22.2333,113.5167
CNQUG,"Quangang,Quanzhou",25.1333,118.9167
CNQZC,Chongwu,59.4667,17.3833
CNQZL,Quanzhou,24.9333,118.6
CNRCG,Rongcheng,37.15,122.3833
CNRCH,Rongcheng,37.15,122.3833
CNRGA,Rong'an,-4.1833,115.1
CNRGC,Rongcheng,37.15,122.3833
CNRJG,Rongjiang,59.4667,17.3833
CNROH,Raohe,46.8,134.0
CNROQ,Rongqi Pt,22.7833,113.2667
CNRPG,Raoping,23.6667,117.0
CNRSI,Rongshui,59.4667,17.3833
CNRZH,Rizhao,35.3833,119.5333
CNSAM,Sanming / Shanming Shi,26.2333,117.6167
CNSAN,Shiwan,23.0,113.0833
CNSAT,Shadi,21.6,112.7833
CNSAW,Shanwai,28.05,121.2
CNSBN,Suibin,47.3,131.85
CNSDG,Shuidong Pt,21.5167,111.0
CNSDP,Sandouping,60.2167,-1.3833
CNSEY,Sheyang,33.7667,120.25
CNSGH,Shanghai,31.2333,121.4833
CNSGJ,Songjiang,31.0167,121.2333
CNSGU,Shangyu,30.0,120.8667
CNSHD,Shidao Pt,36.8667,122.4333
CNSHG,Shanghai Pt,30.6333,122.0667
CNSHH,Shishi,24.7333,118.6333
CNSHK,Shekou Pt,22.4833,113.9167
CNSHL,Shuolong,22.8,106.8
CNSHM,Mafang,23.35,112.6833
CNSHP,Qinhuangdao Pt,39.9167,119.5833
CNSHT,Shating,23.05,113.4333
CNSIJ,Shijing,24.6167,118.4333
CNSIK,Shuikou,22.2333,110.9333
CNSIQ,Saiqi,26.9667,119.6833
CNSIZ,Suizhong,59.4667,17.3833
CNSJJ,Shijingjiaoxin,24.6167,118.4333
CNSJQ,Sanshui,23.1667,112.8667
CNSJU,Shijiu Pt,36.3667,119.55
CNSKS,Sikuaishi,39.2833,122.5667
CNSLG,Shiliugang,58.2833,24.2667
CNSLO,Shilou,23.0167,113.5
CNSMN,Songmen,51.5,5.5
CNSNH,Shenhu,24.6167,118.6667
CNSNN,Suining,30.5333,105.5333
CNSNS,Sansha,26.9333,120.2167
CNSNZ,Shenzhen,22.55,114.1167
CNSOG,Songgai,51.5,5.5
CNSON,Songxia Pt,25.6833,119.5833
CNSPA,Shapa,21.5,111.4833
CNSPI,Shipai,30.3167,116.65
CNSRG,Sanrong,59.4667,17.3833
CNSSN,Shashan,42.8667,90.1667
CNSTB,Shitoubu Pt,21.5833,109.55
CNSTG,Shantou,23.4167,116.7667
CNSTI,Shatian,22.9167,113.6
CNSUD,Shunde Pt,22.8333,113.25
CNSUW,Sunwu,49.4167,127.3167
CNSWE,Shanwei,22.7833,115.35
CNSWI,Shiwei,51.3,119.9167
CNSXB,Beitan,21.3667,110.25
CNSXJ,Shanshan,42.8667,90.1667
CNSYA,Sanya Pt,33.7833,120.25
CNSYC,Shayuchong,49.05,4.0
CNSYM,Simao,22.8,100.9667
CNSZA,Sanzao,22.05,113.35
CNSZG,Suzhou Pt,31.3167,120.6167
CNSZH,Suzhou,31.3167,120.6167
CNSZK,Songzikou,51.5,5.5
CNSZP,Shenzhen Pt,22.5,113.8833
CNTAC,Taicang Pt,31.45,121.1
CNTAP,Taiping,21.0333,110.1667
CNTAZ,Taizhou Pt,32.4833,119.9
CNTBS,Tianjinbaoshuiqu,39.0333,117.2
CNTGG,Tanggu,39.0167,117.65
CNTGS,Tangshan Pt,39.6,118.1833
CNTID,Tiandong,59.4667,17.3833
CNTJG,Taijiang,26.0833,119.5
CNTNG,Tianjin Pt,38.9833,117.75
CNTNJ,Tianjin,39.0333,117.2
CNTNO,Tanggou,39.0167,117.65
CNTOH,Tonghe,37.5333,129.1
CNTOJ,Tongjiang,47.65,132.5
CNTOL,Tongling,30.9333,117.8
CNTOX,Tongxing,30.6333,120.5667
CNTOZ,Tongzhao,59.4667,17.3833
CNTPW,Taipingwan,37.2667,119.8333
CNTSG,Gongyi,22.25,112.8
CNTXG,Tianjin Xingang Pt,38.9833,117.7
CNTXI,Tengxian,34.2833,108.95
CNTXZ,Tongxiang,30.6333,120.5667
CNTZO,Taizhou,32.4833,119.9
CNTZU,Taizhou,32.5,119.9
CNUBU,Lubu,0.7667,117.7333
CNUIA,"Hui'an,Quanzhou",25.0333,118.9333
CNWAS,Wanshan Pt,21.9333,113.7167
CNWAX,Wanxian,34.2833,108.95
CNWAZ,Wanzai,22.1833,113.5167
CNWEF,Weifang,36.7167,119.1
CNWEG,Weihai Pt,37.5,122.1667
CNWEH,Weihai Dashuipo Apt,37.5167,122.1167
CNWEI,Weihai,37.5167,122.1167
CNWHG,Wuhan Pt,30.5833,114.2833
CNWHI,Wuhu,31.3167,118.3667
CNWHU,Wuchuan,21.45,110.75
CNWHZ,Zhangjiabu,6.1167,105.2833
CNWIH,Waihai,22.5833,113.1333
CNWIT,Weitou,24.5333,118.6
CNWNZ,Wenzhou,28.0167,120.65
CNWSH,Wenshan,23.3667,104.25
CNWSN,Wushan,30.5833,114.2833
CNWUC,Wu Chong Kou,23.0833,113.4167
CNWUG,Wusong Pt,3.2,121.4833
CNWUK,Wukan,22.85,115.65
CNWUZ,Wuzhou,23.4833,111.3333
CNWXS,Wuxi,31.5667,120.3
CNWZO,Wenzhou Pt,28.0167,120.65
CNXAG,Xianguojilugang,34.2833,108.95
CNXAM,Xiamen,24.45,118.1
CNXAN,"Xiang'an, Xiamen",24.6333,118.25
CNXAO,Xiaolan,22.6667,113.2167
CNXCG,Xichong Pt,59.4667,17.3833
CNXCU,Xiaocuo Pt,25.2,119.95
CNXGA,Xingang,23.0333,113.1
CNXGD,Xingdong,47.9167,130.85
CNXGK,Xiangkou,34.2833,108.95
CNXGZ,Xiangzhou,34.2833,108.95
CNXHH,Hekou,40.4167,124.8
CNXHO,Xiaohudao,23.0833,113.4333
CNXHT,Xilin Hot,43.9667,116.0333
CNXIA,Xian,34.2833,108.95
CNXIJ,Xijiang,21.2833,114.8667
CNXIN,Xinhui Pt,22.5333,113.0167
CNXIP,Xingang,23.0333,113.1
CNXIT,Xintang Pt,23.1167,113.6167
CNXMG,Xiamen Pt,24.35,118.2
CNXMH,"Haicang, Xiamen",24.45,118.1
CNXML,Liuwudian,58.2833,24.2667
CNXNA,Xinsha,22.9833,113.5333
CNXNG,Xianing,34.2833,108.95
CNXOT,Xiaotang,23.0833,112.9833
CNXSI,Xiangshui,34.2833,108.95
CNXSP,Shipu,29.4833,121.85
CNXTA,Xiangtan,27.85,112.9
CNXTI,Xidi,38.3833,22.3833
CNXTN,Xiantan,29.3333,104.8833
CNXTO,Xitou,21.65,111.7833
CNXUK,Xunke,49.55,128.4667
CNXXY,Xiangyu Terminal/ Xiamen,27.1,120.3167
CNXYG,Xiuyu Pt,25.2333,118.95
CNXYI,Xinying,19.7333,109.2833
CNXYN,Xiaying,49.05,4.0
CNXZI,Xiangzhi,24.7667,118.7667
CNXZU,Xiangzhou,34.2833,108.95
CNYAT,Yantai,37.4667,121.3833
CNYFU,Yongfu,24.9833,109.9833
CNYGK,Yangkou,32.55,121.4
CNYGN,Yongan,59.4667,17.3833
CNYIK,Yinkou,40.65,122.2167
CNYIZ,Yizheng,32.2667,119.1667
CNYJI,Yangjiang,21.8333,111.9667
CNYKG,Yangkou Pt,32.55,121.4
CNYLO,Yonglong,59.4667,17.3833
CNYNG,Yangzhong,32.2167,119.8167
CNYNN,Yongning,59.4667,17.3833
CNYPG,Yangpu Pt,19.7,109.2
CNYTG,Yantai Pt,37.55,121.4167
CNYTI,Yongtai,59.4667,17.3833
CNYTN,Yantian Pt,22.6,114.3
CNYUH,Yuhuan,28.1333,121.2333
CNYYA,Yueyang,29.3667,113.1
CNYZH,Yangzhou,32.3833,119.4333
CNYZU,Yuzhu,23.1,113.4167
CNZDO,Zhaodong,46.0667,125.9833
CNZEL,Zhelin,23.5833,117.1
CNZGS,Zhangshan,34.1167,118.3167
CNZGT,Zhongtang,23.0833,113.65
CNZGW,Zhangwan,26.7,119.5833
CNZHE,Zhenjiang,32.1833,119.45
CNZHG,Zhaogang,32.55,116.6333
CNZHH,Zhuanghe Pt,39.6833,122.9667
CNZJB,Zhangjiabian,22.55,113.45
CNZJG,Zhangjiagang,31.8667,120.5333
CNZLO,Zhuliao,23.3667,113.3333
CNZNG,Zhanjiang Pt,21.0833,110.5
CNZNZ,Naozhou,20.9167,110.5833
CNZOS,Zhoushan,30.0167,122.1
CNZPG,zhengpugang Pt,31.6333,118.3833
CNZPK,Zhapoyouku,1.0,15.9
CNZPO,Zhapo,21.5667,111.85
CNZPU,Zhapu Pt,30.5833,121.0833
CNZQG,Zhaoqing,23.05,112.45
CNZSM,Shima,34.4333,126.85
CNZSN,Zhongshan,22.5167,113.3667
CNZUH,Zhuhai,22.2833,113.5667
CNZUY,Zhuyang,50.5167,5.2333
CNZXI,Zhexiang,34.2833,108.95
CNZXN,Zhongxian,34.2833,108.95
CNZYG,Zongyang,59.4667,17.3833
CNZYO,Zhuangyuanao,27.8833,121.1167
CNZZG,Zhouzhuang,24.8833,118.6667
CNZZU,Zhangzhou,24.5167,117.65
COACM,Arica,-2.1167,-71.7333
COBAL,Balboa,2.0333,-77.2167
COBAQ,Barranquilla,-11.0833,-43.1333
COBUN,Buenaventura,34.2667,-119.2833
COCNR,Contecar,10.3833,-75.5167
COCOV,Covenas Offshore Terminal,9.5,-75.7333
COCTG,Cartagena,37.6,-0.9833
COEBQ,El Bosque,60.1667,5.4667
COEJA,Barrancabermeja,-11.0833,-43.1333
COLET,Leticia,-4.2167,-69.9333
COMAM,Mamonal,10.3167,-75.5
COMAU,Manaure,11.7667,-72.4333
COMIN,Mingueo,11.2,-73.4
COPBE,Puerto Berrio,43.45,-89.2333
COPBO,Puerto Bolivar,10.6833,-74.7333
COPCR,Puerto Carreno,6.1833,-67.4833
COPNM,Puerto Limon,1.05,-76.5
COPOC,Pozos Colorados,60.1667,5.4667
COPSB,Simon Bolivar,-4.1333,-69.9667
COPUC,Puerto Colombia,11.0,-74.95
COPUL,Puerto Limon,9.3833,-76.1833
COPUU,Puerto Asis,0.5167,-76.5
COPYA,Puerto Boyaca,5.75,-74.4
CORCH,Riohacha,43.45,-89.2333
CORCO,Rio Cordoba,8.9167,-76.3667
COSMR,Santa Marta,9.45,8.4667
COSPC,Sociedad Portuaria Regional Cartagena,10.4,-75.5333
COTLU,Tolu,9.5333,-75.5833
COTRB,Turbo,8.0833,-76.7167
COYMB,Yumbo,3.5833,-76.4667
CRABG,Abangares,10.2833,-84.95
CRBAT,Batan,3.4667,101.6333
CRCAB,Cabo Blanco,9.9333,-85.0
CRCAI,Caimital,10.0667,-85.4667
CRCAL,Caldera,9.95,-84.7167
CRCDN,Neily,8.65,-82.9333
CRCIR,Ciruelas,10.5,-85.35
CRCOM,Chomes,10.05,-84.9167
CRCRR,Curridabat,9.9167,-84.0333
CRCTC,Moravia,9.85,-83.4333
CRCUT,Cutris,10.6833,-84.3667
CRCYL,Coyol,10.0,-84.25
CRFIL,Filadelfia,10.45,-85.5667
CRFPN,Fraijanes,10.15,-84.2
CRGDA,Guardia,10.5667,-85.6
CRGDP,Golfo de Papagayo,10.6,-85.6833
CRGLF,Golfito,8.65,-83.15
CRGUA,Guatuso,10.6667,-84.8167
CRHSA,Horluetas/Sarapiqui,10.4833,-84.0167
CRJIC,Jicaral,9.9667,-85.1167
CRLAF,La Fortuna,10.4833,-84.65
CRLIO,Puerto Limon,10.0,-83.0333
CRMOB,Moin,10.0,-83.0833
CRMTZ,San Marcos de Tarrazu,9.6667,-84.0333
CRMUE,Muelle de San Carlos,10.4667,-84.4667
CRNAN,Nandayure,10.0333,-85.2
CRNAR,Naranjo,10.1,-84.3833
CRORO,Orotina,9.9,-84.5333
CRPAN,Palmar Norte,8.9667,-83.4667
CRPAR,Parrita,9.5167,-84.3167
CRPAS,Puntarenas,9.9667,-84.8333
CRPIT,Pital,9.7333,-85.45
CRPMN,Puerto Moin,10.0,-83.0833
CRPOA,Poas,10.0333,-84.3333
CRPTC,Puerto Caldera,9.95,-84.7167
CRPUM,Punta Morales,10.0667,-84.9667
CRQGG,Quebrada Grande,10.4333,-84.95
CRRCD,Rio Cuarto,10.35,-84.2333
CRRIO,Rio Frio,9.7833,-85.1833
CRRJI,Rio Jimenez,10.25,-83.6
CRROX,Roxana,10.2667,-83.75
CRSAM,Samara,9.8833,-85.5333
CRSAN,San Ignacio de Acosta,9.8,-84.1667
CRSIX,Sixaola/Talamanca,9.5167,-82.6167
CRSJO,San Jose,9.9333,-84.0833
CRSMP,Santa Maria/Pocosol,10.6167,-84.5167
CRSPI,Sarapiqui,10.4833,-84.0167
CRSRG,San Rafael Guatuso,10.6667,-84.8167
CRSRI,Sarchi,10.0833,-84.35
CRSRP,Santa Rosa/Pocosol,10.3667,-84.6167
CRSSP,San Pedro de Poas,10.0833,-84.25
CRTIG,La Tigra,9.9333,-85.15
CRTRE,Tres Rios,9.9,-85.1833
CRTUA,Turrubares,9.6167,-84.5167
CRVDT,Puerto Viejo,9.65,-82.7667
CRZAR,Zarcero / Naranjo,10.1833,-84.4
CUBAN,Banes,20.9667,-75.7167
CUBCA,Baracoa,42.0833,19.0833
CUBHO,Bahia Honda,22.9,-83.1667
CUBOG,Boca Grande,21.5833,-78.6667
CUBUF,Bufadero,21.5667,-77.2333
CUCAB,Cabanas,22.9833,-82.9167
CUCAI,Caibarien,22.5167,-79.4667
CUCAR,Cardenas,23.0333,-81.2
CUCAS,Casilda,21.7667,-80.0
CUCEI,Ceiba Hueca,20.2167,-77.3333
CUCFG,Cienfuegos,60.1667,5.4667
CUCMW,Camaguey,21.3833,-77.9167
CUGER,Nueva Gerona,59.4667,17.3833
CUGIB,Gibara,21.1,-76.1333
CUGUB,Guantanamo Bay,49.05,4.0
CUGYB,Guayabal,49.05,4.0
CUHAV,La Habana,23.1167,-82.35
CUICR,Nicaro,55.2667,9.75
CUJUC,Jucaro,21.6333,-78.85
CUMAR,Mariel,23.0,-82.75
CUMEL,Media Luna,20.15,-77.4333
CUMNT,Puerto Manati,21.3667,-76.8333
CUMZO,Manzanillo,19.7,-71.75
CUNIQ,Niquero,20.05,-77.5833
CUNVT,Nuevitas,21.55,-77.2667
CUPAL,Palo Alto,21.6,-78.9667
CUPAS,Puerto de Pastelillo,21.55,-77.2167
CUPPA,Puerto Padre,21.2,-76.6
CUPTA,Puerto Tarafa,21.5667,-77.25
CUQCO,Colon,-32.2167,-58.1333
CUQMA,Matanzas,30.45,-9.65
CURSL,Sagua la Grande,22.8,-80.0667
CUSCS,Santa Cruz del Sur,-50.0167,-68.4167
CUSDT,Sagua de Tanamo,20.5833,-75.2333
CUSNU,Santa Clara,8.3833,-80.1167
CUTDZ,Tunas de Zaza,21.6333,-79.55
CUVIT,Puerto da Vita,21.0833,-75.9667
CVGRA,Porto Grande,16.8667,-25.0
CVMIN,Mindelo,16.8833,-25.0
CVRAI,Praia,-5.3833,-47.8
CVVXE,Sao Vicente,-36.7,-73.1333
CWBUB,Bullenbaai,12.1667,-69.0
CWCRB,Caracas Baai,12.0667,-68.85
CWCUR,Curacao,12.1667,-69.0
CWFUI,Fuikbaai,12.05,-68.8167
CWSMB,Sint Michielsbaai,12.15,-68.9833
CWWIL,Willemstad,12.1,-68.9167
CXFFC,Flying Fish Cove,-10.4167,105.7167
CYAKT,Akrotiri,34.6,32.95
CYANM,Ayia Napa,34.9833,34.0
CYDHK,Dhekelia,34.9833,33.75
CYFMG,Famagusta,35.1,33.95
CYKAR,Karavostasi,35.1333,32.8333
CYKYR,Kyrenia,35.3333,33.3333
CYLAT,Latchi,35.0333,32.4
CYLCA,Larnaca,34.9167,33.6167
CYLMS,Limassol,34.6833,33.05
CYMOI,Moni,34.7333,33.2
CYNIC,Nicosia,35.1667,33.3667
CYPFO,Paphos,34.7667,32.4167
CYVAS,Vasilikos,34.7167,33.3167
CYZYY,Zyyi,34.7333,33.3333
CZBAR,Bartosovice,49.6667,18.05
CZBBC,Babice,48.9833,16.4
CZBBE,Dolni Berkovice,50.3833,14.4333
CZBLN,Bilina,50.55,13.7667
CZBOL,Bolatice,43.2667,16.65
CZBRA,Stribrna Skalice,49.9,14.85
CZBTC,Boretice,59.4833,10.3667
CZC7V,Cervena Voda,50.0333,16.75
CZCCN,Chocen,50.0,16.2333
CZCEP,Cepi,49.9833,15.7
CZCEV,Ceska Ves,50.25,17.2333
CZCHU,Chudobin,49.5667,16.2667
CZCHZ,Chrustenice,43.7,7.2667
CZCRS,Smilovice,49.6667,18.5833
CZCUL,Chrastava,50.8167,14.9667
CZDCB,Decin,50.7833,14.2167
CZDDD,Dobroviz,51.1667,141.5
CZDEK,Hradek,49.7167,13.65
CZDIS,Divisov,49.7833,14.8833
CZDIV,Divisov,49.7833,14.8833
CZDKV,Drzkov,50.6833,15.3167
CZDOB,Dolni Benesov,49.9167,18.1167
CZDOL,Dolni Lhota,49.1333,17.8167
CZDRN,Drnholec,48.85,16.5
CZDRO,Dobromerice,50.3667,13.8
CZDRS,Dobris,49.7833,14.1667
CZG44,Chvalatice,48.95,-154.8333
CZHLU,Hluk,48.9833,17.5167
CZHOT,Hostomice,37.0167,137.8
CZHRN,Hradesin,50.0333,14.75
CZHRU,Hrusky/Breclav,48.7833,16.9833
CZHSA,Hrensko,59.4833,10.3667
CZHST,Hostinne,60.1667,5.4667
CZHTV,Horni Tresnovec,59.4833,10.3667
CZJAB,Jablonne nad Orlici,50.0333,16.6
CZJEN,Jencice,50.4833,14.0167
CZJIE,Jevisovice,48.9833,16.0
CZJK6,Sakvice,48.9,16.7
CZKAD,Kadan,50.3833,13.2667
CZKKA,Kyselka,50.0667,12.7833
CZKNV,Kralupy nad Vltavou,50.2333,14.3167
CZKOQ,Kosor,49.9833,140.3333
CZKSL,Kostelec nad Labem,50.2333,14.6
CZKUV,Karolinka,49.35,18.25
CZLEC,Lechovice,55.9167,10.25
CZLOB,Lobodice,49.4,17.2833
CZLOD,Lodenice,43.7,7.2667
CZLUK,Lochovice,49.85,13.9833
CZMIB,Milotice nad Becvou,49.5333,17.8333
CZMNV,Michnov,49.6,16.8833
CZMOR,Moravicany,39.6667,-3.7667
CZMRA,Moravsky Pisek,39.6667,-3.7667
CZMYT,Myto/Cesky Krumlov,48.7833,14.1667
CZNEH,Nehvizdy,50.1333,14.7333
CZNET,Netolice,49.05,14.2
CZNKN,Sedlec,49.1667,14.3333
CZNRT,Neratovice,50.2667,14.5167
CZNVV,Novy Vestec,50.1833,14.7167
CZOCX,Opocno,50.2667,16.1167
CZODO,Odolena Voda,51.15,4.85
CZOSI,Osice,50.15,15.6833
CZOVK,Smrzovka,50.7333,15.25
CZOVV,Novy Knin,49.7833,142.3333
CZPAO,Osik,60.1667,5.4667
CZPAU,Plana u Marianskych Lazni,49.8667,12.75
CZPNA,Polna,49.3333,15.7167
CZPNJ,Police nad Metuji,50.5333,16.2333
CZPOP,Popuvky,49.3333,17.3
CZRAU,Radonice,43.7,7.2667
CZRDN,Radonice,43.7,7.2667
CZRNH,Kralice na Hane,49.45,17.1833
CZSDO,Sviadnov,49.7,18.35
CZSEM,Semcice,50.3667,150.0
CZSK5,Dolni Jircany,49.95,14.5333
CZSKJ,Dehtary,50.15,140.6333
CZSMO,Smichov,50.0667,14.4
CZSPC,Stary Plzenec,35.4,-79.7833
CZSTA,Slatina,43.4667,23.95
CZSTE,Stechovice,49.85,14.4
CZSTT,Steti,50.45,14.3833
CZTIS,Tisnov,49.35,16.4333
CZTOM,Touzim,50.0667,12.9833
CZTUC,Tuchomerice,50.1333,14.2833
CZTVA,Tanvald,50.7333,15.3
CZULN,Usti nad Labem,50.6667,14.0333
CZVAA,Veverska Bityska,49.2833,16.45
CZVKA,Trnavka,50.0333,15.4667
CZXUY,Prague-Vinohrady,50.0667,14.45
CZXXX,RIS Inland waterways,-38.0,145.1167
CZZLY,Kvasice,49.25,17.4667
DE23A,Leinatal,50.9,10.6333
DE2RO,Rodersheim,49.4333,8.25
DE3L4,Hoppegarten,52.5167,13.6667
DE64Z,Niendorf Ostsee,54.0,10.8167
DE69S,Wittdun,54.6333,8.4
DE6NK,Langsur,49.7167,6.5
DE73A,Langballig,54.8,9.6333
DEAAD,Landkreis Ammerland,53.2167,8.0167
DEAAH,Aachen,50.7667,6.0833
DEABF,Abbenfleth,53.6667,9.4833
DEABH,Abbehausen,53.4833,8.4333
DEABL,Abbesbuttel,52.35,10.5667
DEABO,Alt Bork,52.1833,12.8667
DEADT,Weinstadt,48.8167,9.3667
DEAEB,Babelsberg,52.3833,13.1167
DEAGE,Wangerooge,53.8,7.9
DEAHC,Ahlbeck,53.6667,14.2
DEAHU,Am Hund,50.1667,7.6833
DEAIT,Aitrach,47.95,10.0833
DEALF,Alfeld/Leine,50.8667,3.6167
DEAMB,Amberg,49.4333,11.8667
DEAML,Amelsburen,51.8833,7.6
DEAMR,Achmer,52.4,7.9333
DEAND,Andernach,50.4333,7.4
DEANE,Wanne-Eickel,51.5333,7.1667
DEANR,Altenbruch Reede,53.85,8.8
DEAPE,Apen,53.2167,7.8
DEAPN,Apensen,53.2167,7.8
DEAQ2,Pforring,48.8167,11.6833
DEAQF,Alf,50.05,7.1167
DEARL,Ammerland,47.9,11.3333
DEARN,Arnsberg,51.3833,8.0833
DEASE,Arendsee,52.8833,11.4833
DEASR,Babelsberg,49.0833,11.9
DEASS,Assel,45.8667,4.7833
DEATL,Altenlingen,52.55,7.3
DEAUG,Augustfehn,53.2167,7.7667
DEAUO,Audorf,54.3167,9.7167
DEAUR,Aurich,53.4667,7.4833
DEAWR,Achterwehr,54.3167,9.9667
DEAXB,Alsleben,51.7,11.6667
DEB85,Schwindegg,48.2667,12.25
DEBAM,Bamberg,49.4333,11.8667
DEBAS,Basbeck,53.6833,9.1833
DEBBG,Brandenburg,52.4167,12.55
DEBBH,Barth,48.4,16.6167
DEBBV,Bad Bevensen,53.0833,10.5833
DEBCO,Bockholdt,52.8833,10.1167
DEBCT,Borschutz,56.4,13.2167
DEBCW,Brachwitz,51.5333,11.8667
DEBDA,Brodenbach,50.2167,7.45
DEBDF,Bendorf/Rhein,50.4167,7.5667
DEBEI,Beidenfleth,62.9,7.45
DEBEK,Bernkastel-Kues,36.1833,29.6333
DEBEN,Bensersiel,53.6833,7.5833
DEBER,Berlin,52.5167,13.3833
DEBES,Bad Essen,52.3167,8.3333
DEBEU,Bullenhausen,53.45,10.0833
DEBEV,Beverungen,50.7167,3.9333
DEBEZ,Bahlingen,48.1167,7.7333
DEBFF,Boffzen,51.75,9.3833
DEBFH,Bad Friedrichshall,51.5167,5.0167
DEBGL,Bergisch Gladbach,50.9833,7.1333
DEBGO,Bad Godesberg,47.7,19.1333
DEBIN,Bingen am Rhein,49.9667,7.8833
DEBIW,Bindow,52.2833,13.75
DEBKE,Brake,53.3333,8.4833
DEBKF,Biedenkopf,44.7,-72.5333
DEBKW,Beeskow,52.1667,14.2333
DEBLD,Burglengenfeld,49.2,12.0333
DEBLM,Blumenthal/Bremen,53.1833,8.5833
DEBMK,Borkum,53.5833,6.6667
DEBMN,Bermatingen,47.7333,9.3333
DEBMO,Borgemoor,53.0167,7.5
DEBMR,Baltrum,53.7333,7.3667
DEBMV,Bremervorde,53.4833,9.1333
DEBNK,Brink,52.4333,9.7333
DEBOF,Berndshof,59.55,10.0333
DEBOI,Boizenburg,53.3833,10.7167
DEBOK,Bokel,53.3833,8.7667
DEBON,Bonn,45.35,-0.6667
DEBQ2,Birklar,50.5,8.8167
DEBRA,Bramel,53.55,8.7
DEBRE,Bremen,53.1833,8.5833
DEBRI,Brilon,-17.65,-71.3333
DEBRK,Barnkrug,53.6833,9.4667
DEBRM,Bramsche,43.25,2.1167
DEBRN,Bornsen,51.0333,5.8167
DEBRO,Brohl-Lutzing,28.15,-82.45
DEBRT,Breitenberg,59.4833,10.3667
DEBRV,Bremerhaven,53.5333,8.6
DEBSH,Breisach,59.4833,10.3667
DEBSI,Bubsheim,48.1167,8.8167
DEBTA,Bortfeld,52.3,10.4
DEBTC,Bodenteich,52.85,10.6667
DEBTF,Brahlstorf,53.7,11.55
DEBTI,Bertingen,52.35,11.8333
DEBUL,Buhl,48.6833,8.1333
DEBUT,Butjadingen,53.5833,8.3667
DEBUX,Buxtehude,53.45,9.7
DEBUZ,Butzfleth,53.6667,9.4833
DEBWE,Braunschweig,52.2667,10.5
DEBWJ,Niebelsbach,48.8833,8.5667
DEBWQ,Birkweiler,49.2,8.0333
DEBXB,Boxberg,49.4833,9.6333
DEBYT,Borgstedt,54.3333,9.7167
DEBZQ,Burgstadt,50.9167,12.8167
DEBZR,Binz,54.4,13.6
DEBZS,Beddingen,52.1833,10.4167
DECAR,Carolinensiel,53.7,7.8
DECCC,Leimbach,48.4833,13.8833
DECGN,Koln,50.95,6.9333
DECH5,Niederkaina,51.2,14.4833
DECHL,Schulau,53.5833,9.7
DECKH,Blankenheim,50.4333,6.65
DECKK,Bockenem,52.0167,10.1333
DECKL,Kiel Canal,53.8833,9.1333
DECPZ,Copitz,50.9667,13.9333
DECRL,Castrop-Rauxel,51.55,7.3
DECRR,Crossen an der Elster,50.9667,11.9667
DECUM,Cumlosen,53.0167,11.65
DECUX,Cuxhaven,53.8833,8.7
DECWN,Schwaan,53.95,12.1167
DECYN,Castell,39.9833,-0.0333
DEDAN,Dangast,53.45,8.1167
DEDAP,Damp,50.4167,4.4
DEDCH,Bacharach,50.05,7.7667
DEDDD,Letmathe,51.3667,7.6
DEDE3,Dombuhl,49.25,10.2833
DEDE8,Laubenheim,49.9167,7.9
DEDEB,Deuben,51.1167,12.0667
DEDEO,Oberthal,49.5167,7.1
DEDEU,Dernau,50.5333,7.0333
DEDFN,Dettighofen,59.55,10.0333
DEDFX,Niederdollendorf,50.7,7.1833
DEDGA,Deggenau,48.8167,12.9833
DEDHM,Diersheim,48.65,7.8833
DEDIA,Dierhagen,54.3,12.3667
DEDIT,Ditzum,53.3167,7.2833
DEDMG,Dormagen,51.0833,6.8167
DEDMN,Demmin,53.9,13.0333
DEDNR,Derenburg,51.8667,10.9167
DEDNT,Dorenthe,52.2167,7.6833
DEDON,Dorsten,51.6667,6.9667
DEDOW,Donauworth,59.4667,17.3833
DEDR5,Drebber,52.65,8.4333
DEDRO,Drochtersen,53.7,9.3833
DEDRP,Dorpen,52.95,7.3167
DEDRS,Dresden,59.4833,10.3667
DEDSB,Diesbar,51.25,13.4167
DEDSC,Dinkelscherben,48.35,10.5833
DEDSU,Dersum,52.9667,7.2833
DEDT8,Dittersdorf,50.75,12.1167
DEDTM,Dortmund,51.5,7.4833
DEDUI,Duisburg,51.4667,6.75
DEDUL,Dusslingen,48.45,9.05
DEDUS,Dusseldorf,51.2333,6.7833
DEDVE,Dorverden,52.85,9.2333
DEDWD,Dannenwalde,53.0833,13.1833
DEEAM,Erlenbach am Main,49.8,9.1667
DEEAU,Erlau,51.0167,12.9333
DEEAX,Effeldorf,49.8,10.0833
DEEBB,Eberbach,49.4667,8.9833
DEEBI,Ehrenbreitstein,50.35,7.6167
DEECK,Eckernforde,61.45,5.8333
DEEDD,Eiderdeich,54.2833,9.4
DEEDI,Edingen,49.4333,8.6
DEEEM,Leimersheim,49.7667,8.0833
DEEFE,Grafenhainichen,51.7167,12.45
DEEGC,Eching/Landshut,48.5167,12.0667
DEEGJ,Eggermuhlen,52.5667,7.8167
DEEGL,Eggenstein-Leopoldshafen,49.5167,12.2333
DEEHI,Ehingen,48.2833,9.7333
DEEHM,Senheim,50.0833,7.2
DEEHS,Eisenhuttenstadt,52.15,14.65
DEELB,Ellerbek,54.3333,10.1833
DEELF,Elsenfeld,49.8333,9.15
DEELG,Belgern,51.4833,13.1167
DEELS,Elsfleth,53.2333,8.4667
DEEM4,Emersacker,48.5,10.6667
DEEME,Emden,53.3667,7.2167
DEEOM,Eggolsheim,49.7667,11.05
DEERA,Watzerath,50.1833,6.35
DEERX,Biere,51.9667,11.65
DEERY,Ering,48.3,14.5167
DEESF,Estorf/Weser,69.0167,15.1333
DEESS,Essen,51.15,5.8167
DEESU,Emmelsum,51.6,6.6
DEETN,Elten,51.8667,6.15
DEETY,Ettal,47.5667,11.1
DEEZH,Elzach,48.1667,8.0667
DEEZN,Lenzen,53.0833,11.4333
DEFBR,Falkenberg,51.5667,-130.2167
DEFDH,Friedrichshafen,51.5167,5.0167
DEFES,Freistett,48.6667,7.95
DEFFO,Frankfurt/Oder,52.35,14.55
DEFHE,Frielendorf,50.9833,9.3333
DEFHL,Friedrichsfeld,51.6333,6.65
DEFHM,Fellheim,48.0667,10.15
DEFNW,Fritzdorf,50.6,7.1
DEFRA,Frankfurt am Main,50.1167,8.6833
DEFRE,Fresenburg,52.8833,7.3
DEFRI,Friedrichstadt,51.5167,5.0167
DEFRR,Frauenau,48.9833,13.3
DEFSH,Framersheim,49.75,8.1667
DEFWH,Friedrich-Wilhelmshutte,50.8,7.15
DEFYE,Friesoythe,53.0167,7.85
DEGAO,Gau Odernheim,49.7833,8.1833
DEGBX,Barbing,49.0,12.2
DEGDO,Godorf,50.85,6.9667
DEGDZ,Gudderath,51.1167,6.4333
DEGEK,Gelsenkirchen,51.5167,7.1167
DEGEM,Gemunden,47.9167,13.8
DEGFD,Gersfeld,50.45,9.95
DEGFF,Grafschaft,50.5833,7.0667
DEGHM,Gernsheim,49.15,7.2167
DEGHZ,Gersheim,49.15,7.2167
DEGJ9,Mengkofen,48.7167,-123.0
DEGKG,Gross Krotzenburg,50.0833,8.9833
DEGKR,Goldkronach,50.0167,11.6833
DEGL3,Muglitztal,50.9333,13.8333
DEGLK,Glucksburg,54.8333,9.55
DEGMN,Grimmen,54.1167,13.05
DEGMR,Grimberg,51.05,7.15
DEGMV,Graal-Muritz,54.25,12.2333
DEGNL,Gelbensande,54.2,12.3
DEGNP,Ginepp,50.5833,12.15
DEGNR,Grau Rheindorf,50.75,7.0667
DEGNU,Gronau,52.2167,7.0333
DEGNX,Gutenberg,49.8833,7.8
DEGO4,Gossenheim,50.0167,9.7833
DEGPR,Groppenbruch,51.5667,7.3667
DEGRD,Greifswald,59.4833,10.3667
DEGRE,Greetsiel,53.5,7.1
DEGRO,Grossenbrode,54.3833,11.0833
DEGS5,Gilserberg,50.95,9.0667
DEGSA,Grosslehna,51.2833,12.15
DEGSI,Grossensiel,53.4667,8.4833
DEGST,Geeste,52.6,7.2667
DEGTR,Gohlis,51.35,13.2833
DEGUE,Gusen,52.35,11.9667
DEGUZ,Urmitz,50.4,7.5167
DEGXG,Gager,54.3,13.6833
DEGXN,Gimmeldingen,49.3667,8.15
DEGXR,Grode,54.6333,8.7167
DEGXS,Gaussig,51.1167,14.3167
DEGYM,Mainzlar,50.6667,-8.7333
DEGZG,Grosszerlang,53.1833,12.95
DEHAJ,Hannover,52.3667,9.7167
DEHAM,Hamburg,53.5167,9.9333
DEHAN,Hameln,52.1,9.35
DEHAO,Hasloch,49.7833,9.4833
DEHAU,Hanau,50.1333,8.9
DEHBO,Homberg,51.45,6.6833
DEHBR,Herbrum,53.0333,7.3167
DEHBU,Harburg,53.4667,9.9833
DEHCS,Hochst/Frankfurt am Main,50.1,8.55
DEHD8,Hitdorf,51.0667,6.9333
DEHDI,Hiddingsel,51.8333,7.4
DEHE5,Heimersheim,49.7667,8.0833
DEHEE,Herne,51.55,7.2167
DEHEI,Heidelberg,49.4167,8.7
DEHEN,Heilbronn,59.4667,17.3833
DEHGE,Hooge,54.5667,8.55
DEHGL,Helgoland,54.1667,7.8833
DEHGZ,Hergatz,47.65,9.8333
DEHH7,Hauneck,50.8167,9.7333
DEHHL,Hehlen,51.9833,9.4667
DEHHO,Grosseichholzheim,49.45,9.2833
DEHHV,Altenwerder,53.5167,9.9167
DEHJK,Roschbach,49.2333,8.1167
DEHLH,Haldensleben,59.1,11.3667
DEHLN,Hollenstedt,51.7333,9.95
DEHLO,Haseldorf,53.6333,9.6
DEHLP,Hiltrup,51.9,7.6333
DEHME,Hattenheim,50.0167,8.05
DEHML,Helmlingen,48.7,7.9667
DEHMM,Hamm,51.6833,7.8
DEHMO,Hemmoor,53.7,9.1167
DEHNF,Hennigsdorf,52.6333,13.2167
DEHO4,Hochstadt,49.2333,8.2
DEHOD,Hochdonn,59.4667,17.3833
DEHOJ,Hohenhameln,52.2667,10.0667
DEHOO,Hooksiel,53.6333,8.0167
DEHOS,Horumersiel,53.6833,8.0167
DEHPE,Hoopte,53.4,10.1667
DEHRC,Heinrichsberg,52.2667,11.7333
DEHRE,Hirzenhain,50.4,9.1333
DEHRN,Haren/Ems,50.8833,4.4167
DEHRO,Hubertushohe,52.2333,13.9667
DEHRT,Herten,51.6,7.1333
DEHRX,Hallig,54.5333,9.6667
DEHSA,Hohensaaten,52.8667,14.15
DEHSB,Horselberg,50.9667,10.4167
DEHSI,Heidesheim,50.0,8.1333
DEHSJ,Steinhorst,52.6833,10.4
DEHSU,Hundsmuhlen,53.1,8.1833
DEHSX,Harlesiel,53.7,7.8
DEHTJ,Hamburg-Mitte,53.55,10.0167
DEHTU,Holtenau,52.5333,6.3333
DEHUB,Berggiesshubel,50.8667,13.9333
DEHUS,Husum,63.3333,19.1667
DEHUX,Hunsborn,50.9333,7.8833
DEHZN,Holzminden,51.8167,9.45
DEHZZ,Huttingen,47.6667,7.5333
DEIAM,Amrum,54.65,8.35
DEIEN,Biene,52.5667,7.2833
DEIEW,Schwielowsee,52.3333,12.9667
DEIGH,Igersheim,49.5,9.8167
DEILE,Albersweiler,49.2167,8.0167
DEILH,Lich,50.5167,8.8167
DEING,Ingolstadt,48.7667,11.4333
DEISP,Ispringen,48.9167,8.6667
DEISU,Issum,51.5333,6.4167
DEITH,Grieth,51.7833,6.3167
DEITN,Weitnau,47.6333,10.1167
DEIWN,Weinbergen,52.3167,6.0167
DEJEM,Jemgum,53.2667,7.3833
DEJIV,Kettenheim,49.7167,8.1
DEJSN,Jossen,52.4,9.0
DEJTN,Jettingen,48.3833,10.4167
DEJUI,Juist,53.6833,7.0
DEKAR,Karnin,54.3,12.8
DEKB6,Kosbach,49.6,10.9333
DEKBR,Kinderbeuern,50.0,7.0167
DEKCO,Kirchmoser,52.3667,12.4167
DEKDT,Kallstadt,49.4833,8.1667
DEKEB,Kelsterbach,51.8333,12.8333
DEKEL,Kiel,54.3333,10.1333
DEKEZ,Kellmunz,51.2167,5.8
DEKFT,Segnitz,49.7333,9.3167
DEKGM,Konigsmoor,53.6667,9.35
DEKGU,Kriegenbrunn,49.55,10.95
DEKHN,Kellinghusen,51.2167,5.8
DEKHO,Kochendorf,49.2,9.2
DEKHU,Karthaus,51.8667,7.3
DEKIE,Kietz,52.5667,14.6167
DEKKU,Kunkemuhle,52.4,7.3667
DEKLS,Kesselstadt,50.1167,8.8833
DEKLX,Klusserath,50.6167,3.7667
DEKMT,Kaimt,50.0167,7.1667
DEKNT,Kreinitz,51.3667,13.2333
DEKOF,Kolenfeld,52.3833,9.45
DEKON,Konstanz,59.4667,17.3833
DEKOW,Konigswinter,59.4667,17.3833
DEKPE,Kampe,50.95,4.55
DEKPF,Kipfenberg,48.95,11.3833
DEKR9,Kronskamp,53.9333,12.3167
DEKRA,Krautsand,53.75,9.3833
DEKRE,Krefeld,51.3333,6.5667
DEKRV,Krov,68.1667,14.6667
DEKTN,Kosten,50.15,11.0167
DEKUP,Kuppenheim,48.8167,8.25
DEKVG,Kovenig,49.9833,7.1167
DEKWH,Konigs Wusterhausen,52.2833,13.6167
DEKZB,Kranzberg,48.4,11.6167
DELAD,Landau in der Pfalz,49.2,8.1167
DELAE,Lagerdorf,43.2167,-9.0
DELAM,Lampertheim,-31.95,115.85
DELAT,Lathen,52.8667,7.3167
DELAW,Langewiesen,50.6667,10.9833
DELBC,Lubeck,44.85,-66.9833
DELBM,Lubmin,54.1333,13.6
DELCW,Loschwitz,51.05,13.8167
DELDH,Landshut,48.5167,12.0667
DELDM,Langendamm,54.3,12.4667
DELER,Elster,51.8333,12.8333
DELEV,Leverkusen,51.0333,7.0
DELEW,Lemwerder,53.1667,8.6167
DELGB,Langenbach,48.05,8.2833
DELGO,Langeoog,53.75,7.4833
DELGX,Ludwigshohe,49.8167,8.35
DELHD,Lahde,52.3667,9.0
DELIA,Leina,50.9,10.6167
DELIB,Liebenau,52.6,9.1
DELIG,Lingen,52.55,7.3
DELIS,List/Sylt,44.2667,14.7667
DELIU,Lindau,47.55,9.6833
DELIZ,Leissnitz,52.1167,14.2167
DELKI,Lankwitz,52.4333,13.35
DELLI,Gallin,51.8333,12.75
DELLS,Lulsdorf,50.8333,6.9833
DELNH,Lohnerheide,52.1833,8.6833
DELNU,Lauenburg/Elbe,53.3667,10.5667
DELON,Longuich,59.4667,17.3833
DELOW,Lunow,52.9167,14.1167
DELPH,Leipheim,48.4333,10.2333
DELPQ,Liepgarten,53.7167,14.0167
DELRC,Lembruch,52.5333,8.35
DELRN,Linz am Rhein,50.5667,7.2833
DELS4,Laussig,51.55,12.6333
DELSA,Lassan,53.95,13.8333
DELSH,Limeshain,50.25,86.5333
DELSR,Lieser,49.9167,7.0167
DELSU,Ludwigsau,50.8833,9.7333
DELT9,Lutgenrode,51.6333,9.9167
DELTF,Lichterfelde,52.8667,13.75
DELUH,Ludwigshafen,49.4667,8.4333
DELYY,Bullay,49.05,4.0
DELZ6,Dolzig,51.35,12.2167
DELZG,Wolzig,52.2667,13.8333
DEM5B,Munchsdorf,48.5833,12.9
DEMAI,Mainz,50.6667,-8.7333
DEMAM,Malente,54.1667,10.55
DEMAO,Maasholm,56.6833,10.0
DEMDI,Meiderich,51.4667,6.7667
DEME8,Meineweh,51.0833,11.9833
DEMEI,Meissen,51.15,13.4833
DEMEM,Memmert,53.6333,6.9
DEMFL,Malsfeld,51.0833,9.5333
DEMGW,Mogglingen,48.8167,9.9667
DEMHA,Schmedehausen,52.1,7.7167
DEMHG,Mannheim,49.4833,8.45
DEMHM,Monheim,48.8333,10.8333
DEMHR,Mehring,49.8,6.8167
DEMIB,Misburg,52.3667,9.85
DEMID,Minden,52.2833,8.9
DEMIN,Minsen,53.7,7.9667
DEMLO,Marlow,54.5333,13.55
DEMMF,Mammendorf,48.2,11.15
DEMMI,Mamming,48.65,12.6
DEMMM,Mommenheim,49.8667,8.25
DEMMO,Mulheim,49.9,7.0
DEMNF,Mondorf,50.7833,7.0667
DEMNM,Minheim,49.8667,6.9333
DEMNQ,Munster-Sarmsheim,49.95,7.8833
DEMOE,Molln,51.1833,5.1
DEMOZ,Motzen,53.1667,8.5667
DEMRM,Marcardsmoor,53.45,7.7167
DEMRS,Mariensiel,53.5,8.05
DEMRU,Mehrum,52.3,10.1
DEMSB,Mittelsburen,53.1333,8.6667
DEMSH,Mescherin,53.25,14.4333
DEMSK,Martinskirchen,51.4667,13.1833
DEMSR,Munster,51.9667,7.6333
DEMUH,Mulheim an der Ruhr,51.4333,6.8833
DEMUN,Munster,52.9833,10.0833
DEMV5,Ferdinandshof,53.6667,13.8833
DEMVD,Dassow,53.9167,10.9833
DEMWF,Mittelherwigsdorf,50.9167,14.7667
DEMWW,Monchweiler,48.1,8.4333
DEMXA,Maxau,49.0333,8.3167
DEMXB,Muhlberg,51.4333,13.2167
DEMXM,Maximiliansau,49.0333,8.3
DEMZE,Mellensee,52.1833,13.4
DENCA,Neuscharrel,53.0167,7.7833
DENCZ,Nieschutz,51.2333,13.4333
DENDQ,Dreisbach,50.6167,7.9333
DENEH,Neuhaus an der Oste,53.8,9.0333
DENEL,Neuland/Elbe,53.75,9.3333
DENES,Nessmersiel,53.6667,7.35
DENFE,Neef,50.1,7.1333
DENGH,Niederneuching,48.25,11.85
DENGL,Neustadt-Glewe,53.3833,11.5833
DENHA,Nordenham,53.5,8.4833
DENHE,Nordheim,49.1,9.1333
DENHL,Niehl/Koln,51.0,6.9667
DENHN,Nordhorn,52.4333,7.0833
DENHO,Neustadt in Holstein,54.1,10.8167
DENHS,Neuharlingersiel,53.7,7.7
DENIH,Hasbergen,60.3833,5.3167
DENMN,Neumagen-Dhron,49.85,6.8833
DENN4,Neuleiningen,49.5333,8.1333
DENNH,Neuendorf-Hiddensee,54.9167,13.5167
DENNP,Kenn,49.8,6.7167
DENO9,Nobdenitz,50.8667,12.2833
DENOD,Norden,53.5,8.4833
DENOE,Norddeich,53.6167,7.15
DENOR,Nordstrand,54.5,8.8833
DENSE,Neuessen,51.5,7.0
DENSS,Neuss,51.1833,6.6833
DENST,Neckarsteinach,49.5167,12.2333
DENSV,Neumarkt-Sankt Veit,48.3667,12.5
DENTA,Neckartailfingen,48.6167,9.25
DENUE,Nurnberg,49.4333,11.0667
DENWC,Kirchhellen,51.6,6.9333
DENZE,Neckarzimmern,49.3167,9.15
DENZM,Nahmitz,52.3333,12.7333
DEOAB,Ober-Abtsteinach,49.5333,8.7833
DEOAN,Oberhausen an der Nahe,49.7833,7.75
DEOBE,Oberhausen,51.4667,6.85
DEOEE,Oberwesel,50.1167,7.7167
DEOEX,Obereiderhafen,54.3,9.6667
DEOFF,Offenbach,50.1,8.7667
DEOGO,Ostseebad Goehren,54.3333,13.7333
DEOHE,Rothensee,52.1833,11.6667
DEOHL,Wohlenberg,53.9333,11.25
DEOIN,Blossin,52.25,13.7833
DEOKE,Schonebeck,52.0167,11.7333
DEOKG,Ostseebad Kuhlungsborn,54.15,11.75
DEOKY,Oberkotzau,50.2667,11.9333
DEOLB,Oldenbuttel,61.8333,6.8
DEOLD,Oldendorf,53.45,8.5167
DEOLK,Wolkenstein,50.65,13.0667
DEOLO,Oldenburg,53.1667,8.2
DEOLU,Oldersum,53.3333,7.3333
DEONG,Longen,49.8,6.7833
DEORM,Ober-Morlen,50.3667,8.6833
DEORS,Orsoy,51.5167,6.6833
DEOSB,Ossenberg,51.5667,6.5667
DEOSL,Osloss,52.4667,10.6833
DEOSN,Osnabruck,52.2667,8.05
DEOSR,Ostermoor,53.9,9.1833
DEOSW,Oestrich-Winkel,50.0,8.0
DEOTK,Oortkaten,53.4333,10.1
DEOTT,Otterndorf,53.8,8.9
DEOWH,Hohenwarthe,52.2333,11.7167
DEOWT,Oberwinter,50.6,7.2
DEPAH,Pahlhude,54.2667,9.3167
DEPAP,Papenburg,53.0667,7.4
DEPAS,Passau,48.5667,13.45
DEPCE,Pruchten,54.3833,12.6667
DEPEF,Peenemunde,54.1333,13.7833
DEPEI,Peine,52.3167,10.2333
DEPEL,Pellworm,54.5167,8.6333
DEPEN,Pente,52.3833,7.9667
DEPFR,Pfronten,47.5833,10.55
DEPJQ,Nusplingen,48.1333,8.8667
DEPKU,Putzkau,51.1,14.2167
DEPLL,Pollhagen,52.3833,9.2
DEPLS,Pliezhausen,48.55,9.2
DEPOT,Potsdam,52.4,13.0667
DEPPT,Piesport,49.8833,6.9167
DEPRC,Perrich,51.65,6.55
DEPRN,Prettin,51.6667,12.9167
DEPRW,Prerow,59.4833,10.3667
DEPRY,Parey,52.6833,12.25
DEPSA,Plessa,51.45,13.6167
DEPSB,Piesberger,52.3167,8.0167
DEPSR,Piesteritz,51.8667,12.6
DEPSW,Petershagen/Weser,44.2,0.6167
DEPTD,Petersdorf,54.2167,12.4333
DEPTN,Parkentin,54.0833,11.9833
DEPYK,Spyck,51.8,6.1333
DEPZI,Pautzfeld,49.7667,11.0167
DERAD,Radolfzell,51.2167,5.8
DERAR,Ruhstorf an der Rott,48.4333,13.3333
DERBF,Rotenburg an der Fulda,51.0,9.7333
DERBI,Grambin,53.7667,14.0167
DERBK,Riesenbeck,52.2667,7.6167
DERCI,Rechlin,53.3333,12.7167
DERCK,Recke,52.3833,7.7167
DERDL,Riedlhutte,48.9,13.35
DERDT,Rot an der Rot,48.0,10.0167
DERDU,Radeburg,51.2167,13.7167
DERDW,Rudow,52.4167,13.4833
DERE5,Rech,50.5167,7.0333
DEREE,Reepsholt,53.4833,7.8333
DEREG,Regensburg,59.4833,10.3667
DEREM,Remagen,44.2,0.6167
DEREN,Rendsburg,59.4833,10.3667
DERET,Rethem,52.7833,9.3833
DERFI,Reichenbach an der Fils,48.7167,9.4667
DERFT,Kirschfurt,50.1667,10.3667
DERHB,Rheinberg,51.55,6.5833
DERHE,Rheine,50.8667,3.6167
DERHX,Bad Durrheim,48.0167,8.5333
DERIC,Werrich,51.65,6.5333
DERIK,Rieneck,50.0833,9.6333
DERIZ,Britz,52.45,13.4333
DERKQ,Dornach,48.15,11.6833
DERLB,Grauelsbaum,48.7333,7.9833
DERLZ,Bralitz,52.8333,14.0
DERNT,Runthe,51.6333,7.65
DEROS,Rosenheim,60.1667,5.4667
DERP7,Flemlingen,49.2333,8.0833
DERPD,Derschen,50.7167,7.9833
DERPL,Lonsheim,59.4667,17.3833
DERRE,Rerik,54.1,11.6167
DERRG,Rheinsberg,53.1,12.8833
DERRP,Weisenheim am Sand,49.5167,8.2333
DERSK,Rostock,54.0833,12.1333
DERTJ,Reichartshausen,49.35,8.9333
DERU7,Rudesheim,49.85,7.8167
DERUB,Rusbend,52.3167,9.0667
DERUE,Rudesheim am Rhein,49.9833,7.9167
DERUM,Russelsheim,49.9833,8.4333
DERZE,Wriezen,52.7167,14.1333
DES3B,Schechingen,48.8667,9.9167
DESAR,Salzgitter,52.15,10.3167
DESAU,Schacht-Audorf,54.3167,9.7167
DESCJ,Lommatzsch,51.2,13.3
DESCV,Schleiden,50.5167,6.4667
DESCW,Schweinfurt,50.05,10.2167
DESDD,"Steenodde, Amrum",54.65,8.35
DESDE,"Sande, Friesland",60.2167,-1.3833
DESDI,Schalding,48.6,13.35
DESDT,Schwedt,53.0667,14.2667
DESE8,Seeshaupt,47.8333,11.3
DESEF,Schelldorf,52.4667,11.9833
DESEH,Sehestedt/Eider,62.9,7.45
DESEP,Sostrop,60.1667,5.4667
DESFL,Schonfeld,51.3,13.7
DESGW,Schwelgern,51.5,6.7333
DESH2,Schaprode,54.5167,13.1667
DESH4,Altengors,53.9,10.2
DESKN,Stephanskirchen,47.85,12.1833
DESKS,Salbke,52.0833,11.6667
DESL5,Stahlbrode,54.2333,13.2833
DESLQ,Schluettsiel,54.6833,8.75
DESLZ,Sulzbach-Laufen,48.9333,9.85
DESMA,Sankt Margarethen,53.9,9.25
DESN2,Stein,49.5167,12.2333
DESNC,Sunching,48.8833,12.35
DESNE,Sehnde,52.3167,9.9333
DESNP,Stolpe,53.8667,13.5667
DESNR,Schnackenburg,53.0333,11.5667
DESOC,Stollhofen,48.75,8.0333
DESPD,Schopsdorf,52.2333,12.2167
DESPI,Spiekeroog,53.7667,7.7
DESPS,Schulper Neuensiel,54.2667,8.9333
DESQJ,Sesslach,50.1833,10.85
DESRA,Serrig,49.5833,6.5667
DESRI,Schweringen,52.75,9.1833
DESRP,Stockhausen-Illfurth,50.65,7.9833
DESSL,Hesselte,52.4167,7.3833
DESTA,Stade,53.6,9.4833
DESTB,Straubing,57.8833,19.0167
DESTD,Strande,-34.1167,18.8333
DESTL,Stralsund,57.8833,19.0167
DESTS,Stader Sand,53.6333,9.5167
DESWF,Schwaigern,49.15,9.0667
DESWQ,Schwanfeld,49.9167,10.1333
DESWS,Steinwiesen,50.3,11.4667
DESWT,Schwentinental,54.2667,10.2167
DESWW,Wedtlenstedt,52.2667,10.4167
DESWZ,Schwarzenbruck,49.35,11.25
DESXD,Ottendorf,49.9667,10.7167
DESXE,Seelbach,48.3167,7.95
DESZ8,Schozach,49.0667,9.2
DETAE,Tangermunde,52.55,11.95
DETAR,Taben,49.55,6.5833
DETBN,Trebbin,52.2167,13.2167
DETCN,Teuchern,51.1167,12.0167
DETEJ,Ballrechten,47.8667,7.7
DETER,Osterwald,52.1167,9.6167
DETGM,Thungersheim,49.8667,9.8333
DETHR,Thierhaupten,48.5667,10.9167
DETHU,Thune,52.3167,10.5
DETJE,Lutjenburg,54.3,10.6
DETKD,Treis-Karden,50.1833,7.3
DETLB,Strehla/Elbe,51.35,13.2167
DETLD,Bresteland,48.4,-4.4833
DETLT,Teltow,52.4,13.2667
DETMH,Torfmoorholle,50.1,11.8167
DETMM,Temmels,49.6833,6.4667
DETNR,Wittenberge,53.0167,11.75
DETOE,Tonning,59.4667,17.3833
DETOS,Tossens,53.5667,8.2833
DETRD,Osterronfeld,54.2833,9.7
DETRH,Trechtingshausen,50.0,7.8333
DETRT,Traben-Trarbach,44.75,14.75
DETSH,Albertshofen,59.55,10.0333
DETSU,Tiessau,53.1833,10.9833
DETTP,Platten,49.95,6.9667
DETWZ,Thallwitz,51.4333,12.6667
DEUBG,Bad Durrenberg,51.2833,12.05
DEUBT,Laubegast,51.0333,13.8333
DEUCK,Ueckermunde,53.7333,14.05
DEUDF,Braunsdorf,52.3667,13.95
DEUEB,Uberlingen,47.6667,12.1667
DEUEL,Uelzen,52.9667,10.55
DEUES,Uesen,53.0,9.0667
DEUH7,Udenheim,49.8667,8.1667
DEUHF,Suhrendorf,54.4667,13.1333
DEUKI,Neukieritzsch,51.1667,12.4333
DEULM,Ulm,48.4,10.0
DEULS,Mulsen,50.75,12.5667
DEUND,Gmund am Tegernsee,47.75,11.7333
DEUPS,Upschort,53.4667,7.7333
DEURR,Burladingen,48.2833,9.1167
DEUSD,Usedom,53.8667,13.9167
DEUSF,Budelsdorf,54.3,9.65
DEUTA,Lauta,50.6667,13.15
DEUTT,Schuttertal,48.2667,7.9667
DEV44,Vinn,51.4333,6.6333
DEVAR,Varel,53.4,8.1333
DEVBS,Vilsbiburg,48.45,12.35
DEVEJ,Vetschau,51.7833,14.0833
DEVEN,Venne,52.4,8.1667
DEVGF,Vilgertshofen,47.95,10.9167
DEVIU,Vienenburg,51.95,10.5667
DEVIW,Vierow,54.3,13.7833
DEVNA,Venhaus,52.35,7.45
DEVOC,Vockfey,53.2333,10.9333
DEVOL,Volkach,49.8667,10.2333
DEVRD,Voerde,60.35,-1.25
DEVRW,Viewrow,54.1167,13.5833
DEVTT,Vitte (Hiddensee),54.5667,13.1
DEVTZ,Vielitz,52.9333,13.0
DEVVH,Hohn,50.6167,7.9833
DEWAC,Westeraccumersiel,53.6667,7.4833
DEWAR,Warnemunde,54.1667,12.0833
DEWAZ,Wabern,51.1,9.3333
DEWB2,Willmersdorf,52.6667,13.6833
DEWE5,Wester-Ohrstedt,54.5167,9.1833
DEWEE,Weener,53.1667,7.35
DEWES,Wesel,51.6667,6.6167
DEWGQ,Wehingen,48.15,8.8
DEWHP,Wipperdorf,51.45,10.6667
DEWIB,Wiesbaden,47.6167,-2.9167
DEWIE,Wiesens,53.45,7.5833
DEWIF,Wischhafen,53.7833,9.3167
DEWIH,Wisch,53.7833,9.3167
DEWIM,Wimmer,52.3333,8.4333
DEWIT,Wittlage,52.3167,8.3667
DEWKE,Wankendorf,54.1167,10.2
DEWKK,Weikersheim,49.4833,9.9
DEWKZ,Wickrath,51.1333,6.4167
DEWLE,Walheim,49.0167,9.15
DEWLM,Walsum,51.5333,6.7
DEWMM,Wemmetsweiler,49.3667,7.0833
DEWNG,Weissenburg in Bayern,49.0333,10.9667
DEWNH,Windheim,52.4,9.0167
DEWNI,Winnweiler,49.5667,7.85
DEWNL,Wandersleben,50.9,10.85
DEWNT,Wedlenstedt,52.25,-10.4
DEWNU,Weissenthurm,50.4167,7.45
DEWOB,Wolfsburg,52.4333,10.8
DEWOG,Worringen,51.05,6.85
DEWRI,Wrist,53.9333,9.75
DEWRY,Wremen,59.4833,10.3667
DEWTA,Worth an der Donau,49.0,12.4
DEWTG,Wittenberg,53.0167,11.75
DEWTP,Waltrop,51.6333,7.4
DEWTU,Wittichenau,51.3833,14.25
DEWVN,Wilhelmshaven,53.5167,8.1333
DEWWH,Windsbach,49.25,10.8167
DEWWI,Weilerswist,50.7667,6.8333
DEXAX,Euerfeld,49.8167,10.1167
DEXFW,Finkenwerder,53.5333,9.85
DEXMP,Monheim,48.8333,10.8333
DEXRT,Herbertingen,48.0667,9.4333
DEXXX,RIS Inland waterways,-38.0,145.1167
DEXZS,Handeloh,53.25,9.8333
DEYSF,Seifhennersdorf,50.9333,14.6
DEYWX,Waxweiler,50.1,6.3667
DEZ4Z,Michelbach am Heuchelberg,49.0667,8.9333
DEZAI,Zaisertshofen,59.55,10.0333
DEZB4,Sulzberg,47.6667,10.35
DEZH8,Zehren,51.2,13.4
DEZHA,Zahna,51.9167,12.7833
DEZHD,Zehdenick,52.9667,13.3167
DEZIN,Zinnowitz,54.0667,13.9
DEZIS,Zingst,54.4333,12.6833
DEZIZ,Zaisenhausen,49.1,8.8167
DEZMU,Salzmunde,51.5333,11.8333
DEZRH,Zechlinerhutte,53.15,12.8833
DEZTH,Zeuthen,52.35,13.6333
DEZVE,Ihrlerstein,48.9333,115.3333
DEZZH,Zuzenhausen,49.2833,8.8167
DEZZL,Zellertal,49.6333,8.1333
DJDCT,Doraleh Container Terminal,11.6,44.6
DJDMJ,Damerjog,11.4833,43.1833
DJJIB,Djibouti,11.5833,43.1333
DJPOD,Djibouti,11.5833,43.1333
DKAAB,Abenra,55.0333,9.4333
DKAAR,Aarhus,56.15,10.2167
DKAGE,Allinge,55.2667,14.8
DKAK3,Akirkeby,55.0667,14.9333
DKANH,Anholt,52.5333,6.3333
DKARD,Arosund,55.25,9.7167
DKARK,Aroskobing,55.2667,9.75
DKARO,Aro,55.2667,9.75
DKASA,Asaa,57.15,10.4167
DKASK,Asko,60.6167,21.8833
DKASN,Assens,44.9,-0.5167
DKASV,Asnasvarkets Havn,58.2167,22.4
DKAVK,Avernak By,55.0333,10.2667
DKAVN,Avernakke Havn,55.3,10.7833
DKBAG,Bagenkop,50.9667,5.5
DKBAL,Ballen,55.8167,10.65
DKBBG,Bovlingbjerg,56.4333,8.2
DKBDX,Bandholm,58.9,-2.9
DKBGZ,Bogense,55.5667,10.0833
DKBLA,Blavand,55.55,8.1333
DKBLU,Baelum,56.8167,10.1
DKBOG,Bogo By,54.9333,12.05
DKBOS,Bojden,55.1,10.0833
DKBRB,Brabrand,44.75,14.75
DKCPH,Kobenhavn,55.6667,12.5833
DKCSO,Christianso Havn,55.3167,15.1833
DKDN6,Dannemare,54.75,11.2
DKDRA,Dragor,68.0333,16.0667
DKDYS,Dyssegard,55.7333,12.5333
DKEK4,Eskilstrup,55.85,11.6333
DKEND,Egernsund,58.45,6.0
DKENS,Enstedvarket Havn,55.0167,9.4333
DKEOT,Styrtom,55.0167,9.4333
DKFDH,Frederikshavn,59.4833,10.3667
DKFDS,Frederikssund,55.8333,12.0667
DKFDV,Frederiksvark,59.4833,10.3667
DKFER,Ferritslev,55.3,10.5833
DKFRC,Fredericia,59.4833,10.3667
DKFRK,Fovling,55.45,8.95
DKFUH,Fur,52.35,14.55
DKFYH,Fynshav,54.9667,9.9667
DKGDM,Gudhjem,55.2167,14.9667
DKGLY,Glyngore,59.4833,10.3667
DKGRE,Grenaa,59.4833,10.3667
DKGTS,Glatved Strand,56.3,105.3167
DKHAN,Hanstholm,58.9,-2.9
DKHAS,Hals,57.2667,-5.7167
DKHBA,Humlebak,55.9667,12.5167
DKHEJ,Hejls,55.3833,9.6
DKHHV,Hammerhavn,55.2833,14.75
DKHJ3,Hojby,55.3333,10.45
DKHJT,Hjerting,55.5167,8.3667
DKHLS,Helsingor,54.6,18.8
DKHSU,Hadsund,56.7167,10.1
DKHVS,Hvide Sande,55.9833,8.1333
DKHVT,Hellebak,56.0667,12.5667
DKHWO,Hov,55.9167,10.25
DKJEL,Jelling,55.75,9.4333
DKJUE,Juelsminde,55.7,10.0167
DKKAR,Karlslunde,55.5667,12.2167
DKKBG,Klintebjerg,55.4833,10.45
DKKBK,Karrebaksminde,55.1833,11.6667
DKKDM,Kollund Mole,54.3333,9.45
DKKGL,Kongsdal Harbour,56.7,10.0667
DKKHV,Knudshoved,55.9167,10.25
DKKK4,Abybro,57.15,9.75
DKKLH,Klintholm Havn,57.95,12.4667
DKKLP,Kleppen,56.5333,8.5833
DKKOK,Kolby Kas,55.8,10.55
DKKRA,Kragenas,44.2,0.6167
DKKRR,Korsor,49.9833,140.3333
DKKT4,Kettinge,54.7,11.75
DKKTP,Kastrup,36.1833,29.6333
DKLGR,Logstor,69.0167,15.1333
DKLHH,Lindholm Havn,55.2833,10.8
DKLIN,Lindo Havn,46.9667,-118.6
DKLUN,Lundeborg,55.1333,10.7833
DKMAS,Masnedo,54.9667,11.8833
DKMKH,Masnedovaerkets Havn/Vordingborg,54.9667,11.8833
DKMNS,Masnedsund,55.0,11.8667
DKMRR,Mariager,56.65,10.0
DKN3S,Nykobing Sjaelland,55.9167,11.6667
DKNBG,Nyborg,55.3,10.7833
DKNDB,"Nordby Havn, Fano",43.8333,13.0167
DKNGB,Nagbol,55.45,9.2833
DKNHN,Nordhavn,55.7,12.6
DKNR4,Nyrup,55.6,11.6667
DKNRE,Norre Aaby,59.4833,10.3667
DKNRS,Norresundby,59.4833,10.3667
DKNSD,Norre Snede,55.95,9.3833
DKNVD,Nastved,55.2333,11.7667
DKNYB,Nyborg Lystbadehavn,55.3,10.7833
DKNYF,Nykobing Falster,54.7667,11.8833
DKNYM,Nykobing Mors,56.7833,8.85
DKOMO,Omo,-33.8667,151.2167
DKOOT,Charlottenlund,50.7667,4.2667
DKORE,"Orehoved, Falster",55.9167,10.25
DKORO,Oro,-35.05,138.6167
DKOTB,Østerby Havn,57.3167,11.1333
DKRD4,Rude,56.0,10.2333
DKRDH,Rodvig Havn,55.25,12.3667
DKRDK,Rodekro,55.0667,9.3167
DKRKE,Roskilde,60.1667,5.4667
DKRMO,Romo,55.1333,8.5167
DKRNN,Ronne,50.55,3.4333
DKROD,Rodbyhavn,54.65,11.35
DKROF,Rodby,54.6833,11.3833
DKROR,Aalborg Portland Cementfabrikk,-35.8,174.3167
DKRYS,Ryslinge,55.25,10.55
DKSAE,Saby,57.3333,10.5333
DKSB2,Stroby,55.3833,12.3
DKSBK,Stubbekobing,54.8833,12.05
DKSD7,Sandved,55.2667,11.5333
DKSDA,Sydals,54.9,9.8833
DKSDO,Skaro/Drejo,55.2667,9.75
DKSF2,Store Fuglede,55.5833,11.25
DKSGD,Sonderborg,54.9,9.7833
DKSH6,Store Heddinge,55.3167,12.4167
DKSIT,Stigsnaes Inter Terminal,55.2,11.2333
DKSK3,Skodsborg,55.8167,12.5667
DKSKA,Skagen,44.2,0.6167
DKSKH,Skovshoved,55.7667,12.6
DKSL2,Sollested,55.3,10.05
DKSM6,Store Merlose,55.55,11.7167
DKSN2,Snertinge,55.0667,11.9167
DKSN7,Stensved,55.0,12.0333
DKSNO,Stryno,61.8833,6.7
DKSNY,Sundby/Mors,56.8667,8.6667
DKSTA,Stavning,55.9667,8.3833
DKSTG,Stignasvarkets Havn,58.2167,22.4
DKSTP,Stevns Pier,55.3167,12.45
DKSUE,Sundsore,59.4833,10.3667
DKSVA,Svaneke,55.1333,15.15
DKSVG,Sandvig,55.2833,14.7833
DKSVV,Stalvalsevarket,36.8,-98.65
DKTB4,Toreby,54.75,11.8
DKTED,Thisted,44.2667,14.7667
DKTJL,Tjele,56.5,9.6
DKTKB,Tikob,56.0167,12.4667
DKTMD,Torsminde,56.3667,8.1167
DKTN3,Tune,55.6,12.1833
DKTNO,Tuno,41.4667,12.6833
DKTRG,Torrig,54.9,11.3333
DKTRO,Troense,55.0333,10.65
DKTRS,Tars,63.6833,22.7833
DKTYB,Tyboron,59.4667,17.3833
DKUNX,Masnedsund Godningshamn,55.0,11.9167
DKVAE,Vallensbak,55.6333,12.35
DKVB2,Vejby,56.0667,12.15
DKVBN,Vordingborg Nordhavnen,55.0,11.9167
DKVBS,Vordingborg Sydhavnen,54.9833,11.8833
DKVES,"Vestero Havn, Laso",26.4333,-81.8167
DKVG4,Vaggerlose,54.7,11.9333
DKVK7,Vekso,55.75,12.25
DKVM2,Vemmelev,55.3667,11.2667
DKVOR,Vordingborg,55.0,11.9
DKVRE,Avedore,59.4833,10.3667
DKVT2,Vesterborg,54.85,11.2833
DMADM,Anse du Mai,15.6,-61.3833
DMBEL,Belfast,54.9833,-5.9167
DMPOR,Portsmouth,15.5667,-61.45
DMRSU,Roseau,60.1667,5.4667
DOAZU,Azua,18.45,-70.7333
DOBAN,Bani,18.2833,-70.3333
DOBAV,Bavaro,-18.7167,-68.45
DOBCC,Boca Chica,8.2167,-82.2167
DOBQL,Barcequillo,18.4333,-70.0333
DOBRX,Barahona,42.0833,19.0833
DOCAI,Catalina Island,18.3667,-69.0
DOCAL,Cayo Levantado,19.2,-69.3167
DOCAU,Caucedo,18.4167,-69.6333
DOCDC,Casa de Campo,18.4,-68.9
DOHAI,Rio Haina,43.45,-89.2333
DOHIG,Higuey,18.45,-70.2667
DOINA,Bajos de Haina,18.4167,-70.0333
DOMAN,Manzanillo,19.7,-71.75
DOOCO,Ocoa Bay,18.6167,-71.0833
DOPAL,Puerto Palenque,18.2333,-70.15
DOPOP,Puerto Plata,-10.7167,165.8
DOPUO,Puerto Libertador,29.9,-112.6667
DOPVA,Puerto Viejo de Azua,18.3333,-70.8333
DOSDQ,Santo Domingo,18.4667,-69.9
DOSFN,San Francisco de Macoris,19.3,-70.25
DOSNX,Sabana de la Mar,19.0667,-69.3833
DOSNZ,Sanchez,19.2333,-69.6167
DOSPM,San Pedro de Macoris,18.45,-69.3
DOSTI,Santiago de los Caballeros,37.1833,26.8
DOVAL,Villa Altagracia,18.6667,-70.1667
DZ2ON,Oran Dry Port,35.6833,-0.6333
DZAAE,Annaba (ex Bone),63.3167,12.5333
DZALG,Alger (Algiers),36.75,3.05
DZAZW,Arzew,35.8667,-0.3167
DZBHA,Bethioua,35.8,-0.2667
DZBSF,Benisaf,35.2833,-1.3833
DZCHE,Cherchell,36.6,2.2
DZCOL,Collo,37.0167,6.55
DZDEL,Dellys,36.9167,3.8833
DZDJI,Jijel (ex Djidjelli),51.2167,5.8
DZGHA,Ghardaia,32.4833,3.6667
DZGHZ,Ghazaouet,35.1,-1.85
DZKHE,Kherrata,36.4833,5.2667
DZMOS,Mostaganem,60.1667,5.4667
DZORN,Oran,35.6833,-0.6333
DZROU,Rouiba,36.7333,3.2833
DZTBS,Tebessa,35.4,8.1167
DZTEN,Tenes,36.5167,1.3167
DZTLM,Tlemcen,34.8667,-1.3
ECAYO,"Puerto Ayora, Isla Santa Cruz",-0.75,-90.3167
ECBAQ,Puerto Baquerizo Moreno,-0.9,-89.6
ECBHA,Bahia de Caraquez,-0.55,-80.5
ECBLI,Bartolome Island,-0.2833,-90.55
ECCAT,Caleta Tagus,-0.25,-91.3667
ECDUN,Duran,-2.2,-79.8333
ECEBL,Balao,-2.9,-79.8333
ECESM,Esmeraldas,0.9833,-79.7
ECESP,Espanola Island,-1.3833,-89.6833
ECFLO,Floreana Island,-1.3,-90.4333
ECGUA,Guayas,-0.9667,-79.55
ECGYE,Guayaquil,-2.1667,-79.9
ECLLD,La Libertad,-2.2333,-80.9
ECLPT,La Puntilla,-2.15,-79.8667
ECMEC,Manta,-0.95,-80.7333
ECOCC,Coca,-0.4833,-76.9667
ECPBG,Puerto Balao Grande,-2.9,-79.8333
ECPBO,Puerto Bolivar,-3.2667,-79.9833
ECPEG,Puerto Egas,-0.2333,-90.85
ECPEV,Puerto Nuevo,-2.2167,-79.9167
ECPSJ,Posorja,-2.7,-80.25
ECPUN,Puna,-2.7333,-79.9167
ECRAB,Rabida Island,-0.4167,-90.7
ECSLR,San Lorenzo,1.25,-78.8333
ECSNC,Salinas,-2.2167,-80.9667
ECSYM,Seymour,-0.4167,-90.2833
ECTEP,Tepre,59.4833,10.3667
ECVIL,"Puerto Villamil, Isla Isabela",-0.9333,-91.0167
ECZTL,Zapotal,-2.3167,-80.5333
EEABJ,Abaja Sadam,58.3667,22.0167
EEABR,Abruka,58.1667,22.5333
EEADV,Admirali Vaikesadam,58.5333,23.6833
EEAEN,Aegna,59.5667,24.75
EEAHO,Ahoi Joesadam,58.2167,22.3667
EEAKS,Alajoe Kalasadam,59.0,27.4333
EEASE,Aseri,59.45,26.8667
EEASV,Aseri Vaikesadam,59.45,26.8667
EEATL,Atla,58.3,21.9
EEBEK,Bekkeri,59.45,24.65
EEDIR,Dirhami,59.2167,23.5
EEEIS,Eisma,59.5667,26.3
EEHAA,Haapsalu,58.9333,23.5333
EEHII,Hiiessaare,59.0,22.85
EEHLD,Haldi,58.8,22.45
EEHLT,Heltermaa,58.8667,23.05
EEHRA,Hara Sadam,59.0833,23.5333
EEHRS,Hara Sadam,59.5833,25.6167
EEHUN,Hundipea,59.4667,24.7167
EEHVV,Haapsalu Veskiviigi,58.9667,23.5333
EEJAP,Japsi Kalasadam,58.3833,24.4833
EEJEP,Joe Paadisadam,58.3667,26.7333
EEJGP,Jaagupi,58.0333,24.4667
EEJHT,Juheta,58.3833,24.2833
EEJKR,Joekaaru,58.9833,27.1833
EEJOS,Narva Linnasadam,59.3833,28.2
EEKAK,Kakumae,59.45,24.6
EEKAL,Kalana,58.9167,22.05
EEKAM,Kalmakula Sadam,58.8833,26.9667
EEKAP,Karlova Paadisadam,58.3667,26.75
EEKAS,Kalasadam,59.45,24.75
EEKBN,Kaberneeme Sadam,59.5167,25.2833
EEKDL,Kardla,59.0,22.75
EEKDR,Kudrukula Sadam,59.45,29.0833
EEKEJ,Kesse-Jaani,58.6333,23.45
EEKEL,Kelvingi,59.55,24.8333
EEKGS,Koiguste,58.3667,22.9667
EEKGV,Koguva,58.6,23.0667
EEKHN,Kihnu,58.1333,24.0167
EEKII,Kiideva,58.7667,23.5333
EEKJK,Kalevi Jahtklubi,59.4667,24.8333
EEKKE,Kurkse,59.2667,24.0167
EEKKS,Kassari Sadam,58.7667,22.8333
EEKLD,Kaldu,58.45,23.2667
EEKLE,Kallaste,58.65,23.2667
EEKLK,Koljunuki,59.5,25.0833
EEKLL,Kallaste,58.65,27.15
EEKLN,Kelnase,59.6333,25.0167
EEKLR,Kallaste Rannasadam,58.6667,27.1667
EEKND,Kunda,59.5167,26.5333
EEKNG,Kungla,58.35,22.95
EEKOL,Kolkja,58.55,27.2167
EEKPA,Karepa Sadam,59.55,26.4167
EEKRG,Korgessaare,58.9667,22.4667
EEKSA,Karsa,58.25,22.7333
EEKSN,Kastna,58.3333,23.9167
EEKSP,Kaunispe,58.05,22.0667
EEKUG,Narva Kulgu Sadam,59.35,28.1667
EEKUI,Kuivastu,58.5667,23.3833
EEKUR,Kuressaare sadam,58.25,22.4667
EEKVI,Kaavi Paadisadam,57.9833,22.2
EEKVR,Kavaru,58.2667,24.1667
EELAN,Laane,58.5333,23.6833
EELAO,Lao,58.2333,24.1167
EELAT,Laatsa,58.1333,22.25
EELAU,Lautri,58.9167,22.0833
EELEN,Lennusadam,59.45,24.7333
EELEP,Leppneeme,59.5333,24.85
EELHK,Lehtma Kalurisadam,59.0667,22.7
EELHS,Lahesuu,59.45,24.7
EELHT,Lehtma,59.0667,22.7
EELIN,Lindi,58.3333,24.2833
EELIU,Liu,58.2833,24.2667
EELKS,Laaksaare,58.3333,27.4167
EELMA,Lomala,58.1667,22.1167
EELNR,Lounaranna,58.5333,23.3167
EELPN,Leppneeme Kalasadam,59.55,24.8667
EELPS,Lopesuu,58.4833,23.2667
EELSA,Loksa,59.5833,25.7
EELSL,Lohusalu,59.4,24.2167
EELUI,Luige Vaikesadam,58.8667,23.4833
EEMAH,Mahu Sadam,59.5167,23.7167
EEMAN,Manilaiu,59.2167,24.1333
EEMDR,Miiduranna,59.5,24.8167
EEMEH,Mehikoorma Sadam,58.2333,27.4833
EEMIH,Mihkli Sadam,58.7833,26.9833
EEMNI,Manni,58.5167,23.6667
EEMNT,Montu,57.95,22.1333
EEMNV,Montu Vaikelaevade Sadam,57.95,22.1167
EEMRL,Merelaiu,58.3,24.0167
EEMRS,Meeruse,59.45,24.6667
EEMTV,Mustvee,58.85,26.95
EEMUG,Muuga,59.5,24.9667
EEMUN,Munalaiu,58.2333,24.1167
EEMUR,Muratsi Sadam,58.2333,22.5833
EENAI,Naissaare,59.55,24.55
EENAS,Nasva,58.2167,22.4
EENJD,Nasva Joesadam,58.2333,22.3833
EENJS,Narva-Joesuu Sadam,59.4667,28.05
EENME,Neeme,59.5333,25.1667
EENOB,Noblessneri,59.45,24.7333
EENRM,Nurme,59.5833,24.7833
EENST,Naistlaiu Sadam,58.8167,23.0333
EENVA,Nova Sadam,59.25,23.6667
EEOIU,Oiu,58.4,25.9833
EEOMR,Omedu Rand,58.7833,26.9833
EEORI,Orissaare,58.5667,23.1
EEORJ,Orjaku,58.7833,22.7667
EEOSM,Osmussaare Sadam,59.2833,23.4167
EEOST,Osterby,58.9833,23.5167
EEOTI,Oti,59.5667,24.8
EEOTS,Otsa,58.65,27.1667
EEPAA,Paatsalu,58.5167,23.6833
EEPAP,Papissaare Sadam,58.3667,21.9833
EEPAR,Patareisadam,59.45,24.75
EEPAS,Paljassaare,59.45,24.7
EEPHL,Pihelgalaiu,58.45,23.6667
EEPIR,Pirita,59.4667,24.8167
EEPLN,Paldiski Pohjasadam,59.35,24.05
EEPLS,Paldiski Lounasadam,59.3333,24.0833
EEPRE,Piirissaare Sadam,58.3833,27.5167
EEPRI,Peerni,58.25,24.1333
EEPRJ,Purtse Jahisadam,59.4333,26.9833
EEPRK,Purtse Kalasadam,59.4333,26.9833
EEPRL,Prangli Lounasadam,59.6167,25.0
EEPRN,Parnu,58.3833,24.5
EEPRV,Parnu Sadama Vaikesadam,58.3833,24.4833
EEPSM,Pae Sadam,58.4833,23.2667
EEPSV,Paslepa-Viigi Sadam,59.0167,23.4333
EEPUR,Purtse,59.4167,27.0
EEPUS,Pusi,58.6333,27.15
EEPVS,Piirivalvesadam,59.45,24.6667
EERAJ,Raja,58.8333,26.95
EERBS,Rebase Paadisadam,58.3667,26.75
EERGR,Roograhu,59.0,22.8167
EERHK,Rohukula,58.9,23.4333
EERJS,Ristna Jahisadam,58.9167,22.0667
EERLB,Ralby Sadam,59.0333,23.2833
EERLS,Ristna Lounasadam,58.9167,22.0667
EERMS,Roomassaare,58.2167,22.5
EERNG,Ringsu,57.7833,23.2667
EERNM,Rannametsa,58.1167,24.4833
EERNV,Rohuneeme Vaikesadam,59.5667,24.8
EERON,Rohuneeme,59.5667,24.8
EEROO,Roopa,58.2667,21.8667
EERPI,Rapina,58.1333,27.5333
EERST,Ristna,59.2667,23.7333
EERUV,Ruhve,58.3833,23.0333
EERVS,Remniku Vanasadam,59.0167,27.55
EESAM,Salmistu,59.5,25.3667
EESAS,Sassukvere,58.7167,27.1333
EESGS,Saaga Sadam,58.3833,26.9833
EESHL,Suur-Holmi,58.9667,23.5333
EESIG,Sigatsuaru Vaikesadam,58.15,24.0
EESLE,Salme Joesadam,58.1667,22.25
EESLM,Sillamae,59.4167,27.7333
EESLN,Salinomme,58.8333,22.95
EESMA,Saaremaa sadam,58.5333,22.2333
EESNK,Salinomme Kalasadam,58.8333,22.95
EESNP,Salinomme Paadisadam,58.9833,22.95
EESOE,Soela,58.6167,22.6
EESRA,Saarepera,58.1667,27.5
EESRU,Soru,58.7,22.5333
EESRV,Soru Vaikelaevasadam,58.7,22.5167
EESSO,Soo,58.7167,27.1167
EESUA,Suaru,58.1333,24.0167
EESUK,Suaru Kalasadam,58.1333,24.0
EESUL,Suur-Lootsi,59.4667,28.05
EESUR,Suurpea,59.6333,25.6833
EESUS,Suursadam,58.9667,22.9167
EESVI,Sviby,58.9667,23.3167
EESVS,Saastna Vanasadam,58.7333,23.5667
EETAL,Taaliku Sadam,58.6,22.9833
EETGI,Triigi,58.6,22.7167
EETIL,Tilgu,59.45,24.4833
EETJA,Turja Sadam,58.3333,22.9333
EETJS,Tori Joesadam,58.25,22.4667
EETLL,Tallinn,59.4333,24.7333
EETLT,Tuletorni,58.7833,22.7667
EETLV,Talvesadam,58.3833,24.5
EETMA,Tarkma,58.6833,22.6
EETMN,Tammneeme Sadam,59.5167,24.8833
EETOI,Toila,59.4333,27.5333
EETPL,Tapurla,59.6,25.5667
EETRE,Treimani,57.9167,24.3833
EETRU,Turusadam,58.3667,26.7333
EETRV,Tarvastu,58.25,25.9667
EEUIS,Uisusadam,58.55,23.0833
EEURE,Kuressaare,58.25,22.5
EEURG,Urgoru Paadisadam,58.3667,26.9833
EEVAN,Vanasadam,59.45,24.7667
EEVAR,Varssu,58.9333,22.95
EEVDU,Voidu,58.3167,24.0167
EEVEB,Vene-Balti,59.45,24.65
EEVEE,Veere,58.4667,22.05
EEVER,Vergi,58.6,26.1
EEVIK,Vikati Sadam,58.3667,21.8667
EEVIN,Viinistu Sadam,59.65,25.75
EEVIR,Virtsu,58.5833,23.5167
EEVIS,Virtsu Kalasadam,58.5833,23.5167
EEVLR,Valmeranna,58.5,23.2333
EEVNA,Vasknarva,59.0,27.7333
EEVNJ,Varnja Sadam,58.4833,27.25
EEVOI,Voiste,58.2167,24.4667
EEVOK,Voopsu Kulasadam,58.0667,27.55
EEVOP,Voopsu,58.0833,27.55
EEVOS,Vosu,59.5833,25.9667
EEVPA,Vahtrepa Sadam,58.8833,23.0167
EEVPS,Varbla Puhkekula,58.4333,23.6833
EEVRA,Varska Sadam,57.95,27.6167
EEVRI,Varati,58.3167,23.9833
EEVRK,Vorkaia,58.6833,23.2
EEVRS,Varese Sadam,58.5833,22.4
EEVSG,Vana-Sauga Sadam,58.3833,24.4833
EEVTR,Vaike-Turu,58.3833,26.7333
EEVUS,Vasknarva Uussadam,59.0167,27.7333
EEVVM,Veere Vanasadam,58.4667,22.05
EEVVN,Vasknarva Paadisadam,59.0,27.7333
EEVVS,Virtsu Vanasadam,58.5833,23.5667
EEWJS,Westmeri Jahisadam,58.9667,23.5333
EEWST,Westmeri,58.9667,23.5167
EGADA,Al Adabiyah,29.8667,32.4667
EGAGN,Abu Ghosoun,24.45,35.2
EGAKI,Abu Kir,6.1167,105.2833
EGALY,El Iskandariya (Alexandria),31.1833,29.9167
EGAQU,Al Qusayr,26.1,34.2833
EGARY,Al Amriyah,31.5833,30.9667
EGAUE,Abu Rudeis,56.0,10.2333
EGAZA,Abu Zenimah,29.05,33.1
EGBGB,Atakka Dry Port,32.1,33.0
EGDAM,Dumyat (Damietta),31.4167,31.8167
EGDOM,Dome Marina,29.4333,32.4833
EGEPP,Marsa Egyptian Propylene & Polypropylene,31.3,32.15
EGGAL,Galala Marina,29.4667,32.4333
EGGLB,Port Ghalib,25.5333,34.6333
EGGUA,El-Guna (El Gouna),27.3833,33.6667
EGIKU,Idku,31.3,30.3
EGMEA,Porto Marina El Alamein,30.8167,28.9833
EGNUW,Nuwaiba,28.9667,34.65
EGOPT,Marsa Oriental Petrochemicals,29.6833,32.35
EGPSD,Port Said,31.2167,32.35
EGPSE,Port Said East,31.2167,32.35
EGRAB,Ras Budran,28.9333,33.1167
EGRSU,Ras Sudr,29.6,32.6667
EGSBY,Soma Bay Marina,26.85,33.9833
EGSIN,South Sinai (Ganoub Sinai),29.8667,34.0
EGSOK,Sokhna Port,29.65,32.35
EGSSH,Sharm ash Shaykh,27.8667,34.2833
EGSUZ,As Suways (Suez),29.9667,32.5167
EGTOR,El Tor,28.2333,33.6167
EHEAI,Ejbei Uad el Aabd,27.15,-13.2
ERASA,Assab,13.0,42.7333
ERMSW,Massawa (Mitsiwa),15.6,39.45
ES2BL,Lloseta,39.7167,2.8667
ES2TT,Ametlla,41.5667,1.25
ES2VA,Vallecillo,42.35,-5.2
ES4SS,Santurtz,43.3167,-3.0167
ES8TC,Rejected,37.4667,-0.8167
ESAAQ,Santiago del Campo,39.6333,-6.3667
ESAAW,Sa Canal,38.8333,1.3833
ESABH,Abanto,43.3167,-4.5
ESACA,Alcanar,40.55,0.4833
ESACE,Lanzarote,28.9667,-13.5333
ESAD6,Nuevo Baztan,40.3667,-3.25
ESADR,Adra,36.75,-3.0167
ESADS,Alameda de La Sagra,51.6667,0.9
ESADT,Alcaudete de la Jaya,39.7833,-4.8667
ESAGA,Agaete,28.1167,-15.7
ESAGD,La Guardia,41.9,-8.8833
ESAGG,Argelaguer,42.2167,2.65
ESAGP,Malaga,36.7167,-4.4167
ESAGU,Aguilas,37.4,-1.5833
ESALA,Villarreal de Alava,42.9833,-2.6333
ESALT,Algorta,43.35,-3.0167
ESALX,Almendricos,37.4667,-1.7833
ESAMP,Ampuero,43.35,-3.4167
ESAMX,Almorox,40.2333,-4.3833
ESARN,Arenys de Mar,59.4833,10.3667
ESARZ,Allariz,42.1833,-7.8
ESAS8,Cabuenes,43.5167,-5.6
ESASL,Andosilla,42.3833,-1.95
ESATO,El Astillero,43.4,-3.8167
ESATQ,Ataquines,41.1833,-4.8
ESAXO,A Baiuca,43.3,-8.5
ESAYA,Ayamonte,49.05,4.0
ESAYR,Ayora,39.0667,-1.05
ESB8C,Bacaicoa,42.8833,-2.1
ESBAT,La Batlloria,41.7167,2.55
ESBBJ,Brena Baja,28.6333,-17.75
ESBCN,Barcelona,42.0833,19.0833
ESBDA,Benegida,39.0667,-0.55
ESBDF,Barbate,36.1833,-5.9167
ESBDP,Banyeres del Penedes,41.1,1.5167
ESBGG,Berlanga,38.2833,-5.8167
ESBGJ,Berguenda,42.7833,-3.05
ESBIO,Bilbao,43.25,-2.9667
ESBLA,Blanes,20.9667,-75.7167
ESBLR,Begur,41.95,3.2
ESBMO,Benimodo,39.2167,-0.5167
ESBOS,Burgo de Osma,41.5667,-3.0667
ESBPM,Porreras,39.5167,3.0
ESBRL,Burela,59.4833,10.3667
ESBRM,Bermeo,43.4333,-2.7167
ESBS3,Binissalem,39.6833,2.8333
ESBSL,Bermiyo Sallago,41.3667,-6.1
ESBU3,Benicull,39.1833,-0.3833
ESBVN,Buenavista del Norte,28.3667,-16.9
ESC9A,Calles,39.7333,-0.9667
ESCAD,Cadiz,36.8667,-87.8167
ESCAQ,Riudecanyes,41.1167,0.95
ESCAR,Cartagena,37.6,-0.9833
ESCAS,Castellon de la Plana,39.9833,-0.0333
ESCBD,Cambados,60.1667,5.4667
ESCBL,Cambrils,41.0667,1.0667
ESCBP,Cabo de Palos,37.6333,-0.6833
ESCBS,Cala Sabina,61.2167,17.15
ESCC7,Escorca,39.8167,2.85
ESCCN,Corcubion,42.95,-9.1833
ESCCX,Carcaixent,39.0667,-0.4
ESCDI,Carrizal,27.9,-15.4
ESCDK,Las Casas de Alcanar,40.55,0.5333
ESCED,Cedeira,43.65,-8.05
ESCEL,Celeiro,42.7,-7.05
ESCES,Capellades,41.5333,1.7
ESCFL,Casillas Flores,40.3833,-6.75
ESCGE,Calonge,41.8667,3.0833
ESCGG,Campllong,41.8833,2.8167
ESCGR,Consuegra,39.4667,-3.6
ESCHR,Caleta de Sebo,29.2333,-13.5
ESCHZ,Puebla de Sancho Perez,38.4,-6.4
ESCJE,Costa Adeje,28.0667,-16.75
ESCNO,Carino,43.75,-7.8667
ESCOI,Catoira,42.6667,-8.7167
ESCPA,Campoamor,37.9,-0.75
ESCPL,Campanillas,36.7167,-4.5333
ESCQU,Carranque,40.1667,-3.9
ESCRG,Cabo Roig,37.9167,-0.7333
ESCRP,Carpio Tajo,39.8833,-4.45
ESCRS,Carboneras,36.9833,-1.8833
ESCSN,Cisneros,42.2167,-4.85
ESCSO,Castropol,43.5333,-7.0333
ESCUD,Cuarte de Huerva,41.5833,-0.9167
ESCUR,Castro-Urdiales,43.3833,-3.2167
ESCUT,Morro del Jable,28.05,-14.3333
ESCVJ,Victoria de Acentejo,48.4333,-123.35
ESCZT,Camarzana Tera,42.0,-6.0167
ESDAG,Dos Aguas,39.2833,-0.8
ESDBA,Deba,43.3,-2.35
ESDBO,Playa Den Bossa,38.8833,1.4167
ESDEJ,Valdetorres de Jarama,40.7,-3.5
ESDGS,Villandangos,60.1667,5.4667
ESDRI,Derio,43.45,-89.2333
ESEAS,San Sebastian,-53.3,-68.4667
ESEBO,Cebolla,39.95,-4.5667
ESECT,El Casar de Talamanca,40.7,-3.4333
ESEDL,Estadilla,42.05,0.25
ESEGR,Grove,42.5,-8.8667
ESEJC,Ejea de los Caballeros,42.1167,-1.1333
ESELV,Elvillar,42.5667,-20.5333
ESEMP,Empuriabrava,42.25,3.1333
ESENG,Enguera,38.9833,-0.6833
ESEOO,El Pedernoso,39.4833,-2.75
ESESC,Escombreras,59.4833,10.3667
ESETH,Huete,40.1333,-2.6833
ESEUG,Santa Eugenia,42.55,-9.0
ESEWE,Fuenterrabia,43.3667,-1.7833
ESEZC,Ezcaray,42.3167,-3.0167
ESFAL,Fuente-Alamo,38.7,-1.4333
ESFLD,Formentera Island,38.65,1.5833
ESFNC,La Font den Carros,38.9167,-0.1667
ESFRA,Frades,43.05,-8.2833
ESFRM,Fermoselle,41.3167,-6.3833
ESFRO,Ferrol,43.4833,-8.25
ESFSL,Fuensalida,40.05,-4.2
ESFUE,Puerto del Rosario-Fuerteventura,-32.95,-60.65
ESGAN,Gandia,38.9667,-0.1833
ESGCS,El Grao,39.9667,0.0167
ESGDL,Godella,47.7,19.1333
ESGDM,Salvaterra de Mino,-0.75,-48.5
ESGDR,Grajal de Ribera,42.1833,-5.6167
ESGGA,Garriguella,42.3333,3.0667
ESGIJ,Gijon,43.5333,-5.6667
ESGLE,La Escala (L'Escala),42.1167,3.1333
ESGND,Puerto de Granadilla,28.05,-16.4833
ESGRC,Garachico,28.3667,-16.75
ESGRT,Lagartera,39.9,-5.2
ESGRY,Grao,39.9667,0.0167
ESGTL,Gran Tarajal,28.2,-14.0167
ESGTX,Getxo,43.5333,-3.0167
ESGU6,Fontanar,40.7333,-3.1667
ESGVA,Cigales,41.7667,-4.7
ESGYA,Granyanella,41.6667,1.2167
ESHDA,Horta de Avinyo,41.8667,1.9667
ESHDD,Hinojosa del Duque,38.5,-5.15
ESHHU,Castillazuelo,42.0667,0.6667
ESHIE,Puerto de la Estaca,27.7833,-17.9
ESHIG,Higuera la Real,38.1333,-6.6833
ESHLL,Hormilla,42.4333,-2.7667
ESHSN,Hermisende,41.9667,-6.8833
ESHTY,Hontanaya,39.7333,-2.8333
ESHVC,Sanxenxo,42.4,-8.8
ESIAS,Camarinas,43.1167,-9.1667
ESIBZ,Ibiza,38.9,1.4333
ESITE,Belchite,41.3,-0.75
ESITR,Iturriotz,43.45,-89.2333
ESIUA,Iurreta,43.1667,-2.6333
ESJAV,Javea,38.7833,0.1667
ESJON,Burujon,39.9,-4.3
ESJRM,San Julian de Ramis,42.0167,2.85
ESJUE,Guijuelo,40.55,-5.6667
ESKLL,La Ametlla de Mar,40.9,0.8
ESL4O,Lodoso,42.4333,-3.8167
ESLAP,Lapuebla de Labarca,42.5,-2.5667
ESLAX,Lage,43.2167,-9.0
ESLCG,La Coruna (A Coruna),43.3667,-8.3833
ESLCR,Los Cristianos,44.2667,14.7667
ESLE6,Torrente,39.4333,-0.4667
ESLEC,Lecumberri,43.0,-1.8833
ESLEI,Almeria,36.8333,-2.45
ESLEK,Lekeitio,50.95,3.6333
ESLEL,Calella,41.6167,2.6667
ESLES,La Estaca,27.7833,-17.9
ESLGC,La Graciosa,29.2167,-13.5
ESLGU,Legutiano,42.9667,-2.6333
ESLIT,Lizartza,43.3167,-1.9833
ESLIU,San Feliu de Buxalleu,41.7833,2.5833
ESLJO,La Llagosta,60.1667,5.4667
ESLLO,Lloret de Mar,41.7,2.85
ESLMN,La Minosa,60.1667,5.4667
ESLPA,Las Palmas de Gran Canaria,28.1,-15.4167
ESLPC,Puebla del Caraminal,42.6,-8.9333
ESLPF,La Poble de Farnals,39.5833,-1.6667
ESLRT,La Restinga,27.6167,-17.9833
ESLSD,Los Santos de la Humosa,-23.9333,-46.3167
ESLSI,Los Silos,45.15,14.6667
ESLSL,La Seu d'Urgell,42.3667,1.45
ESLTV,Moral de Calatrava,38.8333,-3.5833
ESLZR,La Zarza,38.8167,-6.2167
ESM8M,San Mames De Meruelo,43.45,-3.5667
ESM8U,Mourente,43.5667,-7.2667
ESMAH,"Mahon, Menorca",39.8833,4.25
ESMAI,Malpica (Malpica de Bergantinos),43.3167,-8.8
ESMAT,La Matanza,30.45,-9.65
ESMBY,Mombuey,42.0333,-6.3333
ESMCZ,Mozoncillo,41.15,-4.1833
ESMEC,Meco,43.6167,-85.2167
ESMED,El Medano,28.0333,-16.5333
ESMET,Miguel Esteban,39.5167,-3.0833
ESMGA,Mugia,43.1,-9.2167
ESMGN,Magan,39.95,-3.9167
ESMGR,Mugardos,43.4667,-8.25
ESMIA,Mesia,43.1,-8.2667
ESMIC,Miraclamp,41.6,0.8667
ESMIR,Miramar,38.95,-0.0
ESMIX,Miranda de Ebro,42.6833,-2.95
ESMLJ,Murillo de Rio Leza,42.4,-2.3167
ESMLN,Melilla,35.3167,-2.8833
ESMLO,Maliano,43.4167,-3.8333
ESMMA,Malgrat de Mar,41.65,2.75
ESMNF,Montefrio,37.3167,-4.0167
ESMOA,Moana,42.2833,-8.7333
ESMOG,Mogarraz,40.4833,-6.05
ESMOI,Montiel,38.7,-2.8667
ESMOJ,Mojacar,37.15,-1.85
ESMPG,"Marin, Pontevedra",59.4667,17.3833
ESMQU,Mascaraque,39.7167,-3.8167
ESMRJ,Madridejos,39.4667,-3.5333
ESMRN,Maracena,37.2,-3.6333
ESMRS,Muros,60.1667,5.4667
ESMSN,Masnou,41.4833,2.3167
ESMTC,Montblanc,41.3833,1.1667
ESMTQ,Montesquiu,42.1,2.2
ESMTU,Motrico (Mutriku),43.3,-2.3833
ESMUN,Munguia,43.35,-2.8333
ESMUS,Musel-Arnao,43.5667,-5.7
ESNAA,Ayegui,42.65,-2.0333
ESNBL,Noblejas,39.9833,-3.4333
ESNCA,Inca,39.7167,2.9
ESNCO,Coristanco,43.2,-8.75
ESNDD,Las Noras de Daza,36.75,-2.7333
ESNJE,Najera,42.4167,-2.7333
ESNLL,Santa Olalla,40.0167,-4.4333
ESNRA,Salinas De Pamplona,42.75,-1.65
ESNRT,Monserrat,39.3667,-0.6
ESNTR,Mentrida,40.2333,-4.1833
ESOLY,Olias del Rey,39.95,-3.9667
ESOLZ,Olazagutia,42.8667,-2.2
ESOMR,Mora,39.6667,-3.7667
ESOND,Ondarroa,43.3167,-2.4167
ESONS,Obanos,42.6833,-1.7833
ESOOP,Cadaques,42.2833,3.2833
ESORJ,Orjiva,36.9,-3.4167
ESOSR,Oroso,42.9833,-8.4333
ESOTG,Ortigueira,43.6667,-7.85
ESOTO,Rotova,38.9333,-0.25
ESOUT,Outes,42.85,-8.9
ESOZL,Orzola,29.2167,-13.45
ESPAF,Pajara Fuerteventura,34.2667,-119.2833
ESPAL,Palamos,41.85,3.1333
ESPAN,Pantoja,40.05,-3.8333
ESPBU,Pancorbo,42.6333,-3.1
ESPCN,Picassent,39.35,-0.45
ESPD3,Puerto de la Selva,42.3333,3.2
ESPDS,Puerto de Sagunto,39.65,-0.2167
ESPET,Petra,39.6167,3.1
ESPEV,Pontevedra,59.4667,17.3833
ESPGU,Puerto de Guimar,28.3,-16.3667
ESPIT,Pitillas,42.4167,-1.6167
ESPJC,Polina Jucar,39.2,-0.3667
ESPLC,Polanco,8.5167,123.35
ESPLI,Playa Ingles,27.7667,-15.5833
ESPMI,Palma de Mallorca,39.5667,2.6333
ESPNY,Sant Antoni de Portmany,38.9833,1.3
ESPPS,Puerto de Playa de Santiago,28.0333,-17.2
ESPRE,Puerto Calero,28.9167,-13.7
ESPRG,Puig-reig,41.9833,1.8667
ESPRO,Puerto Rosario,28.5,-13.8667
ESPRT,Portosin,42.7667,-8.95
ESPSJ,Playa San Juan,28.1667,-16.8
ESPSL,Posada de Llanera,43.4333,-5.85
ESPSM,Puerto de Santa Maria,9.45,8.4667
ESPSO,Pola de Siero,43.4,-5.65
ESPTM,Puertomarin,42.8,-7.6167
ESPTN,Son (Puerto del Son),42.6833,-9.0167
ESPUC,Puerto del Carmen,28.9167,-13.6667
ESPVA,Puras,41.1833,-4.65
ESPVG,Puerto de Vega,43.5667,-6.6333
ESQFU,Corralejo,-39.8667,-73.4333
ESQIS,Quismondo,40.1,-4.3167
ESQLY,Playa Blanca,49.05,4.0
ESRA5,Rajadell,41.7167,1.7
ESRAL,Sarral,41.4333,1.2333
ESRBI,Ribeira (Santa Uxia),42.55,-9.0
ESRBS,Ribadesella,51.2167,5.8
ESRDA,Alcala del Rio,37.5167,-5.9667
ESRDE,Rubielos de Mora,40.1833,-0.65
ESREG,Rioseco de Guriezo,36.7167,25.2667
ESRES,Casar de Caceres,39.5667,-6.4167
ESROM,El Rompido,37.2167,-7.1167
ESRON,Lantaron,55.2667,9.75
ESROS,Rosas,60.1667,5.4667
ESROT,Rota,40.0,15.3667
ESRPL,Ripoll,42.2,2.1833
ESRRS,Ferreras,41.9,-6.1833
ESRTA,Renteria,43.3167,-1.9
ESRUE,Rueda,41.4167,-4.95
ESRUM,Santo Angel,37.9333,-1.1167
ESRUZ,Puerto de la Cruz,28.4167,-16.55
ESS8C,Santervas De Campos,42.2167,-5.1
ESS9S,Salinas de Oro,42.7833,-1.8833
ESSAA,San Antonio,-33.6,-71.6
ESSAD,Sada,58.3667,22.0167
ESSAG,Sagunto,39.6833,-0.2667
ESSAP,San Pedro Pescador,42.1833,3.0833
ESSAS,San Asensio,42.5,-2.75
ESSAT,Salinetas,43.9333,15.1667
ESSBT,San Bartolome de Tirajana,29.0,-13.6
ESSCR,San Carlos de la Rapita,40.6167,0.6
ESSCT,Santa Cruz de Tenerife,-50.0167,-68.4167
ESSDG,Sallent de Gallego,42.7667,-0.3333
ESSDR,Santander,4.2167,8.3167
ESSER,Serra,39.6833,-0.4333
ESSEW,Sena,-2.5833,-51.95
ESSFL,Sant Feliu de Llobregat,41.3833,2.05
ESSFO,San Fernando,36.4667,-6.2
ESSFU,Sant Feliu de Guixols,41.7833,3.0333
ESSGD,Santa Agueda,38.1667,-0.7833
ESSGT,San Agustin,27.7667,-16.4667
ESSIO,Casasimarro,39.3667,-2.0333
ESSIS,Sils,41.8,2.75
ESSIT,Sitges,41.2333,1.8333
ESSJ2,Sant Jordi,39.55,2.7667
ESSJN,San Juan de Nivea,-15.3667,-75.1667
ESSJO,Sant Joan Despi,41.3667,2.0667
ESSL4,Sant Lluis,39.8333,4.25
ESSL8,Sobradelo,42.5833,-8.7833
ESSMD,Sant Miquel de Fluvia,42.1667,2.9833
ESSNR,Santurce,43.3333,-3.0333
ESSO8,San Miguel Del Arroyo,41.4333,-4.45
ESSOL,El Port,39.7667,2.7
ESSP4,Sanguineda,42.1833,-8.6333
ESSPC,Santa Cruz de La Palma,28.6833,-17.7667
ESSPO,Santa Pola,9.45,8.4667
ESSPP,San Pedro del Pinatar,-33.6833,-59.1667
ESSPQ,San Pedro Ceque,43.05,-6.0667
ESSRH,San Roman de Hornija,41.4833,-5.2833
ESSSG,San Sebastian de la Gomera,-53.3,-68.4667
ESSTE,Santa Eulalia del Rio,38.9833,1.5167
ESSUM,Sumarcarcer,39.1,0.6333
ESSUR,Santa Ursula,28.4167,-16.4667
ESSVB,San Vicente de la Barquera,43.3833,-4.3833
ESSVI,San Vicente,42.45,-7.0667
ESSXX,Sangenjo,42.4,-8.8167
ESTAL,El Tarajal,58.8333,26.95
ESTAR,Tarragona,59.4667,17.3833
ESTAZ,Tazacorte,28.6333,-17.9333
ESTBR,Tabara,41.8167,-5.95
ESTBZ,Tabuenca,41.7,-1.55
ESTDC,Trobajo del Cerecedo,42.5667,-5.5833
ESTDY,Tordoya,43.1,-8.5667
ESTG2,Les Borges del Camp,41.1667,1.0167
ESTHO,Torre Horadada,37.8667,-0.75
ESTJF,Tijarafe,28.7,-17.95
ESTJQ,Tejina,28.5333,-16.35
ESTKG,Tossa (Tossa de Mar),41.7167,2.9333
ESTO9,Palomeque,40.1167,-3.95
ESTOR,Torrevieja,59.4833,10.3667
ESTOT,Tortosa,60.1667,5.4667
ESTRE,Trebujena,36.8667,-6.1667
ESTRR,Torredembarra,41.15,1.4
ESTRU,Trubia,43.5,-5.7333
ESTRY,Real de Montroy,39.3333,-0.6
ESTT2,La Selva del Camp,41.2,1.1333
ESTTO,Treto,59.4833,10.3667
ESTVC,Tornavacas,40.25,-5.6833
ESUCC,Belmonte,39.5667,-2.7
ESUIS,Ucieda,43.25,-4.2333
ESUNY,Avinyo,41.8667,1.9667
ESURI,Llauri,39.15,-0.3333
ESURZ,Urroz,42.7833,-1.45
ESV7N,Vidania,43.1333,-2.15
ESV8C,San Cristobal de Entrevinas,42.05,-5.6333
ESV8M,Villasana De Mena,43.1,-3.2833
ESVBN,Villabona,43.1833,-2.05
ESVCC,Vallcarca,41.2333,1.8667
ESVEZ,Rossburgh,51.7667,5.5333
ESVGR,Valle Gran Rey,59.4833,10.3667
ESVIL,Villagarcia de Arosa,42.6,-8.75
ESVIT,Vitoria-Gasteiz,42.85,-2.6667
ESVIV,Viveiro,43.6667,-7.6
ESVJO,Valera de Abajo,39.7667,-2.15
ESVLG,Villanueva y Geltru (Vilanova i la Geltru),41.2167,1.7333
ESVVR,Vivares,44.7667,-1.1333
ESVZM,Vizmalo,42.1667,-4.1
ESVZO,Vimianzo,43.1167,-9.0333
ESVZR,Vinaroz,55.2667,9.75
ESZ8N,Zalain,43.2833,-1.7
ESZ8R,Echarri-Aranaz,42.9,-2.0667
ESZAZ,Zaragoza,19.7667,-97.5333
ESZMF,Sauzal,28.4667,-16.4167
ESZUE,Zuera,41.8667,-0.7833
ESZZ4,Villaflor,41.5833,-5.9833
FIAHL,Alholmen,63.7,22.7
FIAJO,Ajos,65.6667,24.5667
FIAKK,Asikkala,62.05,28.4333
FIBAR,Baronsalmi,59.9667,23.8667
FIBRA,Brando,60.4167,21.05
FIBRO,Bromarv,59.9833,23.0333
FIDEG,Degerby,60.1,24.1833
FIDLS,Dalsbruk (Taalintehdas),60.0167,22.5167
FIDLS,Taalintehdas (Dalsbruk),60.0167,22.5167
FIDRA,Dragsfjard,60.0667,22.4667
FIECK,Eckero,60.2167,19.6167
FIEJO,Eurajoki (Euraaminne),61.2,21.7333
FIEJO,Euraaminne (Eurajoki),61.2,21.7333
FIEM2,Elamajarvi,63.4833,25.6667
FIENK,Enonkoski,62.0833,28.9167
FIESP,Esbo (Espoo),60.2,24.65
FIESP,Espoo (Esbo),60.2,24.65
FIFAR,Farjsundet,60.2333,20.0167
FIFOG,Foglo,60.0167,20.4167
FIFOR,Forby,53.55,-3.05
FIGDB,Gottby (Godby),60.1333,19.8333
FIGUL,Gullo,59.95,23.4167
FIHAK,Hakkola,62.3833,22.7167
FIHAL,Halonen,66.6833,27.5
FIHAO,Hailuoto,65.0,24.8333
FIHAR,Harvaluoto,60.3667,20.4667
FIHEL,Helsingfors (Helsinki),60.1667,24.9333
FIHEL,Helsinki,60.1667,24.9333
FIHIM,Himanka,64.0667,23.65
FIHIT,Hiitinen,59.8833,22.5
FIHMA,Himankakyla,64.1667,23.7
FIHMN,Fredrikshamn (Hamina),60.5667,27.2
FIHMN,Hamina (Fredrikshamn),60.5667,27.2
FIHOG,Hogsara,59.95,22.3667
FIHOU,Houtskari (Houtskar),60.2167,21.3833
FIHOU,Houtskar (Houtskari),60.2167,21.3833
FIHVM,Hirvensalmi,61.6333,26.8
FIIIS,Idensalmi (Iisalmi),63.55,27.1833
FIIIS,Iisalmi (Idensalmi),63.55,27.1833
FIIMA,Imatra,61.1667,28.75
FIINI,Inio,60.4,21.4
FIJAN,Janakkala,60.9,24.6
FIJOE,Joensuu,62.6,29.7667
FIJOU,Joutseno,61.1,28.4833
FIJUK,Juuka,63.2333,29.25
FIJUS,Jussaro,59.8167,23.5667
FIJYV,Jyvaskyla,62.25,25.7333
FIKAN,Kantlax (Kaitalahti),61.75,23.7167
FIKAS,Kaskinen (Kasko),60.6167,21.8833
FIKAS,Kasko (Kaskinen),60.6167,21.8833
FIKEM,Kemi/Tornea (Kemi/Tornio),65.7333,24.5667
FIKEM,Kemi/Tornio (Kemi/Tornea),65.7333,24.5667
FIKES,Kesalahti,61.8833,29.8333
FIKIM,Kemio (Kimito),60.1667,22.75
FIKIM,Kimito (Kemio),60.1667,22.75
FIKIR,Kirkniemi,60.1667,23.95
FIKJO,Kalajoki,64.25,23.95
FIKK5,Kalliola,61.0833,25.6333
FIKKR,Kokar,59.9333,20.8833
FIKKV,Koskenkorva,62.6833,22.4667
FIKLA,Klamila,60.5167,27.4667
FIKLV,Kallviken,60.3667,26.45
FIKNT,Kantvik,60.0833,24.3833
FIKOJ,Kojonkulma,60.95,22.9833
FIKOK,Karleby (Kokkola),63.8333,23.1167
FIKOK,Kokkola (Karleby),63.8333,23.1167
FIKOR,Korpo (Korppoo),60.1667,21.5667
FIKOR,Korppoo (Korpo),60.1667,21.5667
FIKPL,Kaipola,61.8167,25.2167
FIKRO,Kronvik,63.0667,21.5167
FIKRS,Kristiinankaupunki (Kristinestad),62.2833,21.3833
FIKRS,Kristinestad (Kristiinankaupunki),62.2833,21.3833
FIKSN,Kasnas,59.9167,22.4
FIKTK,Kotka,60.4667,26.9167
FIKTQ,Kitee,62.1,30.1167
FIKUM,Kumlinge,60.2667,20.7833
FIKUO,Kuopio,62.8833,27.6833
FIKUR,Kuru,61.8667,23.7333
FIKVH,Koverhaara (Koverhar),59.8667,23.2167
FIKVH,Koverhar (Koverhaara),59.8667,23.2167
FILAK,Lakulahti,60.5167,27.1667
FILAP,Lappohja (Lappvik),59.9,23.25
FILAP,Lappvik (Lappohja),59.9,23.25
FILHO,Halosenlahti,65.2333,25.3167
FILLO,Lapaluoto,64.6667,24.4333
FILLX,Lielax,60.3167,22.4
FILOV,Loviisa (Lovisa),60.45,26.2333
FILOV,Lovisa (Loviisa),60.45,26.2333
FILPJ,Lappajarvi,63.2,23.6333
FILPP,Lappeenranta (Villmanstrand),61.05,28.1833
FILPP,Villmanstrand (Lappeenranta),61.05,28.1833
FILSK,Lindkoski,60.6333,26.2667
FILUA,Luumaki,60.9167,27.6667
FILUK,Laukaa,62.4167,25.95
FILUV,Luvia,61.35,21.6167
FILVB,Lovbole,60.15,22.55
FIMAA,Maaninka,63.15,27.3
FIMER,Merikarvia (Sastmola),61.85,21.5
FIMER,Sastmola (Merikarvia),61.85,21.5
FIMHQ,Maarianhamina (Mariehamn),60.1,19.95
FIMHQ,Mariehamn (Maarianhamina),60.1,19.95
FIMIK,Mikkeli (Sankt Michel),61.6833,27.2667
FIMIK,Sankt Michel (Mikkeli),61.6833,27.2667
FIMRS,Marsund,60.2,19.7
FIMTY,Mantyluoto,61.5833,21.4833
FIMUL,Multia,62.4167,24.7833
FIMUN,Munsala,63.4833,22.3333
FIMUS,Mustola,61.0667,28.3
FINAU,Nagu (Nauvo),60.1833,21.9167
FINAU,Nauvo (Nagu),60.1833,21.9167
FINLI,Naantali (Nadendal),60.45,22.0333
FINLI,Nadendal (Naantali),60.45,22.0333
FINLS,Nilsia,63.2,28.8333
FINOU,Nousiainen (Nousis),60.6,22.0833
FINUR,Nurmes,63.5333,29.1667
FIOLK,Olkiluoto,61.2333,21.4833
FIOUL,Oulu (Uleaborg),65.0167,25.4667
FIOUL,Uleaborg (Oulu),65.0167,25.4667
FIPAA,Parola,61.0333,24.35
FIPAH,Parhalahti,64.4833,24.3333
FIPAR,Parainen (Pargas),60.3,22.3
FIPAR,Pargas (Parainen),60.3,22.3
FIPER,Pernaja (Perna),60.45,26.05
FIPER,Perna (Pernaja),60.45,26.05
FIPK9,Piikkio,60.4333,22.5167
FIPNL,Pennala,61.2167,17.15
FIPOH,Pohjankuru (Skuru),60.1167,23.55
FIPOH,Skuru (Pohjankuru),60.1167,23.55
FIPOR,Bjorneborg (Pori),61.4833,21.8
FIPOR,Pori (Bjorneborg),61.4833,21.8
FIPRK,Parikkala,61.55,29.5
FIPRS,Jakobstad (Pietarsaari),63.6833,22.7833
FIPRS,Pietarsaari (Jakobstad),63.6833,22.7833
FIPRV,Borga (Porvoo),60.4,25.6667
FIPRV,Porvoo (Borga),60.4,25.6667
FIPSI,Poitsila,60.55,27.1667
FIPT2,Pihtipudas,63.3833,25.5667
FIPUH,Puhos,62.1,29.9167
FIPUU,Puumala,61.2167,17.15
FIRAA,Brahestad (Raahe),64.6833,24.4833
FIRAA,Raahe (Brahestad),64.6833,24.4833
FIRAU,Rauma (Raumo),61.1333,21.5
FIRAU,Raumo (Rauma),61.1333,21.5
FIREP,Reposaari,61.6167,21.45
FIRHU,Rouhu,60.5333,21.6667
FIRIS,Ristiina,61.5,27.2667
FIROY,Roytta,65.75,24.1667
FIRTR,Rautaruukki,64.65,24.4167
FIRUI,Ruovesi,61.9833,24.0833
FIRUO,Ruotsinpyhtaa (Stromfors),60.5333,26.45
FIRUO,Stromfors (Ruotsinpyhtaa),60.5333,26.45
FIRVN,Rovaniemi,66.5,25.7167
FIRYM,Rimito (Rymattyla),60.3667,21.95
FIRYM,Rymattyla (Rimito),60.3667,21.95
FISAL,Salo,60.1,22.9333
FISAN,Sando (Santasaari),60.2167,22.5
FISAR,Finby (Sarkisalo),60.1,22.9333
FISBG,Suomenlinna (Sveaborg),60.1333,24.9833
FISBG,Sveaborg (Suomenlinna),60.1333,24.9833
FISII,Siilinjarvi,63.0833,27.6667
FISIP,Sibbo (Sipoo),60.3667,25.2667
FISIP,Sipoo (Sibbo),60.3667,25.2667
FISKI,Skinnarvik,60.1333,22.4667
FISKU,Skutviken,59.9333,23.3833
FISKV,Kilpilahti (Skoldvik),60.3,25.55
FISKV,Skoldvik (Kilpilahti),60.3,25.55
FISLY,Siltakyla (Broby),60.5,26.75
FISMA,Summa,60.5333,27.1167
FISNA,Snappertuna,60.0,23.65
FISSI,Sarkisalmi,61.6,29.4833
FISTR,Stromma,58.6833,-3.1167
FISUL,Sunila,60.4833,26.95
FISVK,Sulkava,60.75,25.2
FISVL,Nyslott (Savonlinna),61.8667,28.9
FISVL,Savonlinna (Nyslott),61.8667,28.9
FITAI,Ekenas (Tammisaari),59.9667,23.4333
FITAI,Tammisaari (Ekenas),59.9667,23.4333
FITES,Tessvar,60.05,22.9
FITHK,Tahkoluoto,61.6333,21.4167
FITJO,Tessjo (Tesjoki),60.4667,26.3167
FITKU,Turku (Abo),60.45,22.2833
FITKU,Abo (Turku),60.45,22.2833
FITMP,Tammerfors (Tampere),61.5,23.75
FITMP,Tampere (Tammerfors),61.5,23.75
FITOJ,Tojby,62.65,21.1667
FITOK,Tolkis (Tolkkinen),60.3333,25.5833
FITOK,Tolkkinen (Tolkis),60.3333,25.5833
FITOR,Tornea (Tornio),65.85,24.1833
FITOR,Tornio (Tornea),65.85,24.1833
FITOT,Tottesund,63.2333,22.05
FITSD,Tervsund,60.25,22.3167
FITVA,Tvarminne,59.8333,23.1833
FITVS,Taivassalo (Tovsala),60.5667,21.6
FITVS,Tovsala (Taivassalo),60.5667,21.6
FIUIM,Uimaharju,62.9,30.2333
FIUKI,Nystad (Uusikaupunki),60.8,21.4167
FIUKI,Uusikaupunki (Nystad),60.8,21.4167
FIUKP,Nykarleby (Uusikaarlepyy),63.5333,22.5333
FIUKP,Uusikaarlepyy (Nykarleby),63.5333,22.5333
FIULV,Ulvila,61.4333,21.8833
FIUSK,Uskila,61.2333,24.25
FIUUS,Uusi-Valamo/Heinavesi,61.2167,17.15
FIVAA,Vaasa (Vasa),63.1,21.6
FIVAA,Vasa (Vaasa),63.1,21.6
FIVAR,Vartsala,60.3333,23.0
FIVAS,Vestlax,60.0833,22.7667
FIVEI,Veitsiluoto,65.6833,24.6333
FIVEL,Velkua,60.4667,21.6667
FIVIR,Varpuniemi (Kello),64.0833,28.4
FIVJK,Varjakka,64.9,25.1333
FIVKT,Vuoksen Terminal,61.2167,28.8167
FIVRA,Virrat (Virdois),62.2333,23.75
FIVRK,Varkaus,62.3167,27.9
FIVSS,Vuosaari (Nordsjo),60.2167,25.1833
FIVTF,Vastanfjard,60.05,22.65
FIWAS,Vasklot (Vaskiluoto),63.1,21.5667
FIYXP,Yxpila,63.8333,23.0333
FIZBQ,Perttula,60.45,24.7
FJDEN,Denarau,-17.7667,177.3833
FJELL,Ellington Wharf,-17.35,178.2167
FJLBS,Labasa,-16.4167,179.3833
FJLTK,Lautoka,-17.6167,177.45
FJMAL,Malau (Labasa),-16.3667,179.3833
FJMOM,Momi,-17.9167,177.2833
FJNAM,Nambouwalu,-16.9833,178.7
FJSIN,Singatoka,-18.1667,177.5167
FJSUV,Suva,-18.1333,178.45
FJVAT,Vatia Wharf,-17.4,177.7667
FJVUD,Vuda,-17.6,177.5
FJWAI,Wairiki,-16.9167,178.6667
FKFBE,Fox Bay,49.05,4.0
FMEAU,Eauripik Atoll,6.7,143.0667
FMGAF,Gaferut Atoll,9.2333,145.3833
FMIFA,Ifalik Atoll,7.2333,144.45
FMKSA,Kosrae (ex Kusaie),36.8667,27.25
FMLUK,Lukunor Atoll,5.5167,153.7667
FMNGA,Ngatik,5.8,157.2667
FMPLW,Puluwat,7.35,149.1833
FMPUL,Pulap Island,7.5833,149.4167
FMSAT,Satawal,7.35,147.0333
FMSOR,Sorol Atoll,8.1333,140.3833
FMWOL,Woleai Atoll,7.35,143.8667
FMYAP,Yap,50.8,-0.6
FOEDI,Eidi,62.3,-7.0833
FOFUG,Fuglafjordur,40.9833,37.8667
FOHYV,Hoyvik,62.0333,-6.75
FOKOL,Kollafjordur,62.1167,-6.8833
FONLS,Nolsoy,62.0167,-6.6667
FONSK,Noryskali,62.2167,-7.0
FORVK,Runavik,62.1167,-6.7167
FOSJO,Sjovar havn,62.1,-6.75
FOSKA,Skali,62.15,-6.7667
FOSRV,Sorvagur,62.0667,-7.3
FOSTR,Strendur,62.1167,-6.75
FOSYN,Streymnes,62.2,-7.0167
FOTHO,Thorshavn,62.0167,-6.7667
FOTOF,Toftir,62.1,-6.7333
FOTOR,Torshavn,62.1667,-65.0
FOTVO,Tvoroyri,61.55,-6.8
FOVAG,Vagur,61.4667,-6.8167
FR33G,Plassac,45.1,-0.65
FR3CG,Bessan,43.3667,3.4167
FR43H,Olonzac,43.2833,2.7167
FR4MM,Malestroit,47.8167,-2.3833
FR4PS,Plesse,47.5333,-1.8833
FR4S4,Saint-Andre-de-la-Roche,43.7333,7.2833
FR4VA,Villesequelande,43.2333,2.2333
FR5EP,Epervans,46.75,4.9
FR5TB,Saint-Trojan-les-Bains,45.8333,-1.2
FR69R,Chasselay,45.8667,4.7833
FR8AY,Uzemain,48.0833,6.35
FR8GT,Guitalens-l'Albarede,43.65,2.05
FR8LV,Landunvez,48.5333,-4.7333
FR9AV,Vadencourt,49.9333,3.5667
FR9DS,Dieue-Sur-Meuse,49.0667,5.4167
FR9SS,Ressons-le-Long,49.3833,3.15
FRA84,Aubais,43.75,0.15
FRA86,Achery,49.6833,3.3833
FRAA2,Asnelles,49.3333,-0.5833
FRAAH,Apach,49.45,6.3667
FRAAI,Bouliac,44.8167,-0.5167
FRAAO,Aramon,43.9,4.6667
FRABA,Rabastens,43.8167,1.7333
FRABB,Abbeville,50.1,1.8333
FRAD5,Tourouzelle,43.25,2.7333
FRADB,Andernos-les-Bains,44.7333,-1.1
FRAEO,Auvers-sur-Oise,49.0667,2.1833
FRAGF,Agen,44.2,0.6167
FRAGK,Le Cap-d'Agde,43.2833,3.5167
FRAIQ,Audruicq,50.8667,2.0667
FRAJA,Ajaccio,41.9333,8.7333
FRAJK,Brasles,49.05,3.4333
FRAJR,Argeliers,43.3,2.9
FRAMI,Amiens,49.9,2.3
FRAMS,Ambes,45.0,-0.5333
FRANO,Langon,44.55,-0.25
FRANT,Antibes,43.5833,7.1167
FRAO7,Chardonnay,46.5,4.8667
FRAQS,Asnieres-sur-Seine,48.9167,2.2833
FRAQX,Redessan,43.8333,4.5
FRARC,Arcachon,44.65,-1.1833
FRARD,Ardres,50.85,1.9833
FRARJ,Puyricard,43.8333,5.4167
FRARR,Arras,50.2833,2.7833
FRAUD,Audierne,48.0167,-4.5667
FRAUF,Auxerre,47.8,3.5667
FRAVN,Avignon,43.95,4.8
FRAWS,Aiserey,47.1667,5.1667
FRAXY,Argancy,49.2,6.2
FRAYT,Aytre,46.1333,-1.1
FRAYW,Ay,49.05,4.0
FRB6P,Beaumont-de-Pertuis,43.7333,5.7
FRBAI,Indre,47.2,-1.6667
FRBAS,Bassens,44.9,-0.5167
FRBAU,Boucau,43.5167,-1.4833
FRBAV,Bavilliers,47.6167,6.8333
FRBAY,Bayonne,43.5,-1.4833
FRBBB,Val d'Oust,47.85,-2.45
FRBCA,Beaucaire,43.8,4.6333
FRBCJ,Le Barcares,42.7833,3.0333
FRBCQ,Boissettes,48.5167,2.6167
FRBDD,Bidart,43.4333,-1.5667
FRBEP,Brazey-en-Plaine,47.1333,5.2167
FRBES,Brest,48.4,-4.4833
FRBET,Bethune,50.5333,2.6333
FRBEV,Berville-sur-Mer,49.4333,0.3667
FRBFT,Botans,47.6,6.85
FRBG2,Saint-Bonnet-sur-Gironde,45.35,-0.6667
FRBG6,Hiers-Brouage,45.85,-1.0667
FRBH4,Bourcefranc-le-Chapus,45.85,-1.15
FRBHC,Bouchain,50.2833,3.3167
FRBIA,Bastia,42.7,9.45
FRBIQ,Biarritz,43.4833,-1.55
FRBKD,Roquefort-des-Corbieres,42.9833,2.95
FRBLD,Bar-le-Duc,48.7833,5.1667
FRBLF,Balaruc-les-Bains,43.45,3.6833
FRBM3,La Beaumette,44.15,6.9
FRBM7,Bernieres-sur-Mer,49.3333,-0.4167
FRBM8,Bricqueville-sur-Mer,48.9167,-1.5167
FRBMT,Beaumont-sur-Oise,49.1333,2.3
FRBN2,Binic,48.6,-2.8333
FRBN4,Le Bonhomme,46.9667,-2.2333
FRBOD,Bordeaux,44.8333,-0.5833
FRBOI,Bouguenais,47.1833,-1.6167
FRBOL,Boulogne-sur-Mer,50.7167,1.6167
FRBON,Bonifacio,41.3833,9.1667
FRBPS,Blenod-les-Pont-a-Mousson,48.8833,6.05
FRBQA,Bauvin,50.5167,2.9
FRBQH,La Bussiere-sur-Ouche,47.2167,4.7167
FRBQT,Brebotte,47.5833,6.9667
FRBR5,La Barbotiere,44.6333,-1.0667
FRBRQ,Brebieres,50.3333,3.0167
FRBSC,Bonsecours,49.4333,1.1333
FRBSM,Bonneuil-sur-Marne,48.7667,2.4833
FRBSN,Besancon,47.25,6.0333
FRBTU,Betton,48.1667,-1.6333
FRBXO,Bollene,44.2833,4.7333
FRBYE,Blaye,45.1333,-0.6667
FRC26,Chanos-Curson,45.0667,4.9167
FRC2H,Chausey,48.8333,-1.6
FRC2P,Capo Pertusato,41.3667,9.1833
FRCA2,Cuxac-d'Aude,43.25,3.0
FRCAW,Cabourg,49.2833,-0.1167
FRCBT,Capbreton,43.6333,-1.4333
FRCC4,Chassey-le-Camp,46.8833,4.7
FRCCK,Cantois,44.7,-0.2333
FRCCN,Cerons,44.6333,-0.3333
FRCCP,Cubzac-les-Ponts,44.9667,-0.45
FRCDH,Castets-en-Dorthe,44.55,-0.15
FRCDX,Capendu,43.1833,2.55
FRCEQ,Cannes,43.55,7.0167
FRCER,Cherbourg-en-Cotentin,49.6333,-1.6167
FRCFG,Chateauneuf-le-Rouge,43.4833,5.5667
FRCFR,Caen,49.1833,-0.3667
FRCGF,Le Sourn,48.05,-2.9833
FRCHM,Charleville-Mezieres,49.7667,4.7167
FRCIJ,Le Cailar,43.6667,4.2333
FRCJO,Cepoy,48.05,2.7167
FRCKT,Cruet,45.5167,6.0833
FRCKY,Cancale,48.6833,-1.85
FRCL2,La Cerlangue,49.5,0.4167
FRCLY,Calvi,42.5667,8.75
FRCM4,Charly-sur-Marne,48.9667,3.2833
FRCMC,Chamblanc,47.0167,5.15
FRCMP,Compiegne,49.4167,2.8167
FRCMR,Colmar,48.0833,7.35
FRCMT,Chaumont,48.1167,5.1333
FRCN5,Centuri,42.95,9.35
FRCN6,Le Controis-en-Sologne,47.4167,1.45
FRCNG,Cognac,45.7,-0.3333
FRCOC,Concarneau,47.8833,-3.9167
FRCOZ,Caronte,43.4,5.0167
FRCP3,Capinghem,50.65,2.9667
FRCQ4,Locmariaquer,47.5667,-2.95
FRCQD,Cendrecourt,47.85,5.9333
FRCQF,Calais,50.95,1.85
FRCQG,Caumont-sur-Garonne,44.45,0.2
FRCQN,Chateau-Landon,48.15,2.7
FRCQQ,Caplong,44.7833,0.1333
FRCQR,Cruscades,43.1833,2.8167
FRCR4,Creancey,47.25,4.6
FRCRL,Creil,49.25,2.4833
FRCS2,La Chapelle-Saint-Sauveur,46.8333,5.2667
FRCS5,Chenac-Saint-Seurin-d'Uzet,45.5167,-0.8333
FRCSD,Creches-sur-Saone,46.25,4.7833
FRCSM,Chalons-en-Champagne,48.95,4.3667
FRCSS,Chalon-sur-Saone,46.7833,4.85
FRCT2,Coustellet,43.8833,5.1833
FRCT4,Chaillevette,45.7333,-1.05
FRCXA,Chatillon-Saint-Jean,45.0833,5.1333
FRCXS,Chatillon-sur-Loire,47.5833,2.75
FRCXY,Cordemais,47.2833,-1.8833
FRCYI,Chamilly,46.8667,4.6833
FRDAD,Saint-Martin-d'Ardeche,44.3,4.5667
FRDAL,Dallon,49.8167,3.2333
FRDAS,Saint-Martin-d'Ablois,49.0,3.8667
FRDBE,Benodet,47.8667,-4.1
FRDC2,Cheminas,45.1167,4.75
FRDCG,Saint-Cast-le-Guildo,48.6,-2.25
FRDCJ,Saint-Christoly-Medoc,45.35,-0.8333
FRDDR,Deyme,43.4833,1.5333
FRDEI,Denneville,49.3167,-1.65
FRDEN,Denain,50.3167,3.4
FRDGD,Damgan,47.5167,-2.5833
FRDIJ,Dijon,47.3167,5.05
FRDKK,Dunkerque,51.0333,2.3833
FRDLJ,L'Ile-d'Olonne,46.5667,-1.7833
FRDML,Dom-le-Mesnil,49.6833,4.8
FRDMS,Dormans,49.0667,3.6333
FRDMV,Demangevelle,47.9333,6.0333
FRDNJ,Dions,43.8333,4.3167
FRDNZ,Billy-le-Grand,49.1,4.2333
FRDOL,Deauville,49.3667,0.0667
FRDON,Donges,47.3,-2.0667
FRDPE,Dieppe,49.9167,1.0833
FRDRZ,Douarnenez,48.1,-4.3333
FRDUT,Lanildut,48.4833,-4.75
FRDVT,Darvault,48.2667,2.7333
FRDXG,Le Lion-d'Angers,47.6333,-0.7167
FRDXZ,Pupillin,46.8833,5.7667
FRDYJ,Moidrey,48.5667,-1.5
FRE29,Etel,47.65,-3.2
FRE7M,Le Martelet,46.3,4.7
FRECI,Ecuelles,48.35,2.8167
FREDU,Dieulouard,48.85,6.0667
FREEX,Vereux,47.5167,5.6333
FREFG,Bonnelles,48.6167,2.0333
FREFR,Chateauneuf-de-Gadagne,43.9333,4.9333
FREG5,Vallabregues,43.85,4.6333
FREGE,Labege,43.5333,1.5333
FREGG,Epagne-Epagnette,50.0667,1.8667
FREGR,Segre,47.6833,-0.8667
FREHA,Brehan,48.0667,-2.6833
FREHN,Le Chesne,49.5167,4.7667
FREHU,Ercheu,49.7167,2.95
FREHY,Brethenay,48.15,5.1167
FREIO,Etiolles,48.6333,2.4667
FREM2,Essomes-sur-Marne,49.0167,3.3667
FREMR,Porquerolles,43.0,6.2
FRENC,Nancy,48.7,6.1833
FREP5,Epineuil,47.8667,3.9833
FREQN,Le Quesne,47.2833,-2.5
FRER4,Erome,45.1167,4.8167
FRER5,Cers,43.3167,3.3
FRESB,Esbly,48.9,2.8167
FRESM,Etalondes,50.0333,1.3833
FRET2,Etretat,49.7,0.2
FRETA,Etalans,47.15,6.2667
FRETB,Berre-l'Etang,43.4667,5.1667
FREUI,Lerouville,48.7833,5.5333
FREVD,Pleneuf-Val-Andre,48.6,-2.55
FREVR,Evry,48.6167,2.4333
FREXS,Estaires,50.6333,2.7167
FREYZ,Eyrein,45.3333,1.95
FREZX,Comps,45.0667,-0.6
FRF29,Pont-Aven,47.85,-3.75
FRF2V,Fermanville,49.6833,-1.45
FRF3M,Fresnes-sur-Marne,48.9333,2.7333
FRFA3,Francueil,47.3167,1.0833
FRFAU,Fresnes-sur-Escaut,50.4333,3.5833
FRFAX,Boncourt-le-Bois,47.1333,5.0
FRFBH,Monfaucon,44.9167,0.25
FRFBI,Fougeres-sur-Bievre,47.45,1.35
FRFBL,Fublaines,48.9333,2.9333
FRFDR,Fraisse-des-Corbieres,42.9667,2.8667
FRFEC,Fecamp,49.75,0.3833
FRFEY,Feyzin,45.6667,4.8667
FRFIE,Fontafie,45.8667,0.5333
FRFMA,Fumay,49.9667,4.6833
FRFNS,Flins,48.9667,1.8667
FRFOP,Fontaine-le-Port,48.4833,2.7667
FRFOS,Fos-sur-Mer,43.4333,4.9333
FRFS4,Saint-Pair-sur-Mer,48.8167,-1.5667
FRFTB,Fort-Batard,50.9,2.0
FRFTJ,Les Fougerets,47.7333,-2.2167
FRFUL,Feuilleres,49.95,2.8333
FRFUS,Fouesnant,47.9,-4.0167
FRG2X,Groix,47.6333,-3.4667
FRG33,La Riviere,44.9333,-0.3167
FRG63,Perignat-les-Sarlieve,45.7333,3.1333
FRG8R,Chusclan,44.15,4.6833
FRG8V,Glaire-et-Villette,49.7167,4.9167
FRGAO,Gigny-sur-Saone,46.6667,4.9167
FRGB2,Guethary,43.4167,-1.6
FRGBQ,Guarbecque,50.6167,2.4833
FRGCH,Guichen,47.9667,-1.7833
FRGCP,Grandcamp-Maisy,49.3833,0.9667
FRGDM,La Grande-Motte,43.5667,4.0833
FRGDS,Grande-Synthe,51.0,2.2833
FRGEW,Gueberschwihr,48.0,7.2833
FRGFR,Granville,48.8333,-1.5833
FRGFV,Lavigny,46.7167,5.6
FRGHD,Geudertheim,48.7167,7.75
FRGHG,La Hague,49.65,-1.8167
FRGHT,Scharrachbergheim,48.6,7.4833
FRGJN,Mutigny,49.0667,4.0167
FRGLA,Les Angles,43.9667,4.7667
FRGLO,Gonfreville-l'Orcher,49.5,0.2333
FRGMS,Gujan-Mestras,44.6333,-1.0667
FRGNY,Grigny,48.65,2.3833
FRGON,Saint-Gereon,47.3667,-1.2
FRGPI,Saint-Leger-le-Petit,47.1167,3.0
FRGPO,Grand-Fort-Philippe,51.0,2.1
FRGRV,Gravelines,50.9833,2.1333
FRGSU,Morsang-sur-Seine,48.5667,2.5
FRGT3,Louailles,47.8,-0.25
FRGTN,Genets,48.6833,-1.4833
FRGUR,Gauriac,45.0667,-0.6167
FRGUZ,Bouzigues,43.45,3.65
FRGV6,Gravette,47.1333,-2.1667
FRGVL,Gennevilliers,48.9333,2.3
FRGXE,Guenrouet,47.5167,-1.9667
FRGXY,Gergy,46.8833,4.95
FRH57,Hartzviller,48.6667,7.0833
FRH67,Hohwarth,48.3333,7.35
FRHAO,Chaumousey,48.1667,6.3333
FRHBV,Heudebouville,49.2,1.25
FRHDO,Hoedic,47.3333,-2.8833
FRHEJ,Puyguilhem,44.7333,0.35
FRHET,Hennebont,47.8,-3.2833
FRHEY,Chessy,48.8833,2.7667
FRHIY,Chierry,49.0333,3.4333
FRHJK,Bonnencontre,47.0833,5.15
FRHMX,Ile-de-Batz,48.75,3.9833
FRHOG,Hombourg,47.7667,7.5
FRHON,Honfleur,49.4167,0.2333
FRHOP,Hopital-Camfrout,48.3333,-4.2333
FRHOT,Ile-d'Houat,47.3833,1.05
FRHPY,Chipilly,49.9167,2.65
FRHRA,Soing-Cubry-Charentenay,47.5833,5.8833
FRHRF,Harfleur,49.5,0.2
FRHRN,Harnes,50.45,2.9
FRHS2,Haisnes,50.5167,2.8
FRHSA,Hauteville-sur-Mer,48.9833,-1.5333
FRHSG,Hossegor,43.6667,-1.4333
FRHSN,Le Theil-sur-Huisne,48.2667,0.7
FRHTI,Taden,48.4833,-2.0167
FRHUN,Huningue,47.6,7.5833
FRHV2,Hautvillers,49.0833,3.95
FRHY9,Cheny,47.95,3.5333
FRHYD,Bligny,48.1667,4.6167
FRHYJ,Prinquiau,47.3667,-2.0167
FRHYR,Hyeres,43.1167,6.1167
FRHZK,Crestet,44.2167,5.1
FRIAV,Saint-Savinien,45.8833,-0.6833
FRIBA,La Voge-les-Bains,48.0,6.2667
FRIDX,Ile-d'Aix,46.0167,-1.1833
FRIDY,L'Ile-d'Yeu,46.7167,-2.35
FRIEC,Riec-sur-Belon,47.8333,-3.7
FRIGS,Ingrandes,47.4,-0.9167
FRIHR,Ile-de-Brehat,48.85,1.0
FRIHS,Biaches,49.9167,2.9167
FRIHT,Richemont,49.2833,6.1667
FRILR,L'Ile-Rousse,42.6333,8.9333
FRILS,Morainvilliers,48.9333,1.9333
FRIOU,Issou,48.9833,1.8
FRIRT,Bissert,48.9333,7.0333
FRIS4,Ile-de-Sein,48.0333,-4.85
FRISG,Isle-Saint-Georges,44.7167,-0.4833
FRISM,Isigny-sur-Mer,49.3,-1.1
FRIUS,Les Trois Lacs,49.2333,1.3333
FRIXY,Igney,48.2667,6.4
FRIY8,Chauffour,48.3333,0.0
FRIZO,Izon,44.9167,-0.3667
FRJAV,Javrezac,45.7,-0.35
FRJFM,Ondes,43.7833,1.3
FRJKI,Hordain,50.2667,3.3167
FRJLP,Juan-les-Pins,43.5667,7.1
FRJMQ,Combertault,47.0,4.9
FRJPL,Virey,46.8333,4.8667
FRJUU,Jouarre,48.9333,3.1333
FRJYS,La Penne-sur-Ouveze,44.25,5.2167
FRKAQ,Saint-Julien-de-Chedon,47.3,-1.2
FRKLO,Ponte Leccia,42.4667,9.2
FRKLU,Muides-sur-Loire,47.6667,1.5333
FRKLY,Cruzy,43.35,2.95
FRKRE,Kerlouan,48.65,-4.3667
FRKRZ,Reigny,47.3,2.75
FRL49,Lire,47.35,-1.1667
FRL5T,Lignieres-de-Touraine,47.3,0.4167
FRL83,La Moutonne,43.1167,6.0667
FRLA4,Lauris,43.75,5.3167
FRLA5,Lauraguel,43.1,2.1667
FRLAD,l'Ardoise,44.1,4.7
FRLAI,Lannion,48.7333,-3.45
FRLAV,Lavera,43.3833,5.0333
FRLBD,La Bassee,50.5333,2.8
FRLCR,Le Creusot,46.8,4.4333
FRLCT,La Ciotat,43.1833,5.6
FRLD2,Logonna-Daoulas,48.3167,-4.3
FRLDN,Landerneau,48.45,-4.25
FRLEH,Le Havre,49.5,0.1
FRLEZ,Lezardrieux,48.7833,-3.1
FRLF2,Lege-Cap-Ferret,44.8,-1.15
FRLFR,Le Fret,48.2833,-4.5167
FRLGM,Lagny-sur-Marne,48.8667,2.7167
FRLGQ,Le Grand-Quevilly,49.4167,1.0333
FRLGR,Le Grau-du-Roi,43.5333,4.1333
FRLGU,le Guildo,48.5667,-2.2167
FRLIB,Libourne,44.9167,-0.25
FRLIO,Lyon,45.7667,4.8333
FRLIS,L'Isle-sur-la-Sorgue,43.9167,5.05
FRLJG,Illange,49.3333,6.1833
FRLKJ,Campouriez,44.6833,2.6167
FRLKL,Lesconil,47.8,-4.2167
FRLKZ,Concoeur-et-Corboin,47.1667,4.9167
FRLLE,Lille,50.6333,3.0667
FRLLW,Villevallier,48.0167,3.3167
FRLMD,la Mede,43.4,5.1167
FRLMW,La Maxe,49.1667,6.1833
FRLMY,Limay,48.9833,1.7333
FRLMZ,Limetz-Villez,49.0667,1.55
FRLN3,Landeda,48.5833,-4.5667
FRLN8,Landevennec,48.3,-4.2667
FRLO6,Lanmodez,48.85,-3.1
FRLO7,Loche,46.2833,4.7667
FRLO9,Chorey-les-Beaune,47.05,4.8667
FRLOA,Longueau,49.8667,2.35
FRLOC,Loctudy,47.8333,-4.1667
FRLOW,Loisy,46.5833,5.0333
FRLP7,Lamor-Plage,47.7,-3.3833
FRLPE,la Pallice,46.1667,-1.2167
FRLQ4,Tredrez-Locquemeau,48.7,-3.5667
FRLQ5,Locquirec,48.7,-3.65
FRLQA,Le Mas-d'Agenais,44.4,0.2167
FRLQD,Lesdins,49.8833,3.2667
FRLQG,Lamagistere,44.1167,0.8
FRLQT,Louvieres,48.0333,5.2833
FRLRH,La Rochelle,46.1667,-1.15
FRLRT,Lorient,47.75,-3.3667
FRLSB,Les Billaux,44.95,-0.2333
FRLSO,Les Sables-d'Olonne,46.5,-1.7833
FRLTF,Les Trois-Fontaines,50.1333,4.7833
FRLTR,Le Treport,50.0667,1.3667
FRLTT,Le Trait,49.4833,0.8
FRLUQ,Lugrin,46.4,6.6667
FRLVE,Le Verdon-sur-Mer,45.55,-1.0667
FRLWM,Le Moustoir,47.6167,-2.85
FRLXA,Le Perreux-sur-Marne,48.8333,2.4833
FRLZF,La Foret-Fouesnant,47.9167,-3.9833
FRM52,Vandieres,49.1,3.7333
FRM56,Sene,47.6167,-2.75
FRM57,Vaux,49.1,6.1
FRM75,Muids,49.2167,1.3
FRM89,Mailly-le-Chateau,47.6,3.6333
FRMAC,Macon,46.3,4.8333
FRMAU,Maubeuge,50.2833,3.9667
FRMBT,Montbartier,43.9,1.2667
FRMCC,Morance,45.9,4.7
FRMCQ,Macau,45.0167,-0.6167
FRMDA,Mudaison,43.6333,4.0167
FRMDW,Sainte-Maure-de-Peyriac,44.0167,0.15
FRME4,Merifons,43.6167,3.2833
FRME5,Ile-Molene,48.4,3.05
FRMEA,Meaux,48.9667,2.8833
FRMEL,Melun,48.5333,2.6667
FRMGU,Mauguio,43.6167,4.0167
FRMHB,La Trinite-sur-Mer,47.5833,-3.0333
FRMJU,Moulle,50.7833,2.1667
FRMJY,Colombier,44.7833,0.5167
FRMKX,Crissay-sur-Manse,47.15,0.4833
FRML9,Molosmes,47.8833,4.05
FRMLH,Mulhouse,47.75,7.3333
FRMM6,Montmartin-sur-Mer,48.9833,-1.5167
FRMMJ,Saint-Androny,45.1833,-0.65
FRMMV,Malmy,49.6,4.8333
FRMOS,Montargis,48.0,2.7333
FRMQA,Martot,49.3,1.05
FRMQY,Millery,48.8167,6.1167
FRMR3,Mornac-sur-Seudre,45.7167,-1.0333
FRMR6,Merignat,46.0667,5.4333
FRMR7,Marolles,48.7167,4.6333
FRMRN,Marans,46.3,-1.0
FRMRS,Marseille,43.3,5.4
FRMRW,Mireval,43.5,3.8
FRMSI,Mery-sur-Oise,49.0667,2.2
FRMT6,Montech,43.95,1.2333
FRMTD,Montbeliard,47.5167,6.8
FRMTX,Montoir-de-Bretagne,47.3333,-2.15
FRMV2,Malleval,45.3833,4.7333
FRMVG,Magnanville,48.9667,1.6833
FRMWF,Blomac,43.2,2.6
FRMWR,Marseillan,43.35,3.5333
FRMXN,Morlaix,48.5833,-3.8333
FRMYK,Moyencourt,49.7167,2.9333
FRMZK,Le Meriot,48.5,3.45
FRMZM,Metz,49.1333,6.1667
FRMZS,Mezieres-sur-Seine,48.9667,1.8
FRN25,Nommay,47.5333,6.85
FRNAC,Carnac,47.5833,-3.0833
FRNCB,Le Conquet,48.3667,-4.7667
FRNCE,Nice,43.7,7.2667
FRNEF,Neuf-Brisach,48.0167,7.5333
FRNEH,Vognes,45.8167,5.7167
FRNGI,Saint-Gilles,46.8833,4.6667
FRNLA,Sainte-Anne-sur-Vilaine,47.7167,-1.8167
FRNMA,Penmarch,47.8167,3.6667
FRNMS,Nemours,48.2667,2.7
FRNMT,Sainte-Marie-du-Mont,49.3833,-1.2167
FRNNH,Channes,47.9333,4.25
FRNOP,Baden,47.6167,-2.9167
FRNOU,Port-la-Nouvelle,43.0167,3.05
FRNQU,Le Conquet,48.3667,-4.7667
FRNRH,Penmarc'H Point,47.8,-4.3667
FRNSD,Lavans-les-Dole,47.1333,5.5833
FRNTE,Nantes,47.2167,-1.55
FRNTZ,Bantouzelle,50.0667,3.2
FRNUS,Nanteuil-sur-Aisne,49.5167,4.3
FRNVS,Nevers,47.0,3.15
FRNYI,Neuilly-en-Sancerre,47.3,2.6833
FRNYY,Montallery,47.7833,3.7
FRNZ3,Monze,43.15,2.4667
FROEI,L'Oserie,48.5333,0.95
FROFF,Plogoff,48.0333,-4.6667
FROGB,Boulogne-Billancourt,48.8333,2.25
FROHP,Orchamps,47.15,5.65
FROJA,Boutiers-Saint-Trojan,45.7167,-0.3
FRONY,Cognocoli,41.8167,8.9
FROOZ,Chooz,50.1,4.8
FROQL,Locmiquelic,47.7167,-3.35
FROS2,Ouessant,48.45,-5.1
FROSH,Lutzelbourg,48.7333,7.25
FROTM,Ottmarsheim,47.7833,7.5167
FROTY,Le Crotoy,50.2167,1.6167
FROUI,Ouistreham,49.2833,-0.2667
FROYI,Oigny-en-Valois,49.2167,3.1333
FROYY,Saudoy,48.6833,3.7167
FRP5C,Busnes,50.5833,2.5167
FRP62,Pont-a-Vendin,50.4667,2.8833
FRPAB,Pont-l'Abbe,47.8667,-4.2167
FRPAD,Pagny-la-Ville,47.0667,5.1667
FRPAI,Paimpol,48.7833,-3.05
FRPAJ,Pont-Arcy,49.3833,3.6167
FRPAP,Pauillac,45.2,-0.75
FRPAR,Paris,48.85,2.35
FRPBF,Paimbuf,47.2833,-2.0167
FRPC6,Saint-Nicolas,50.3,2.7667
FRPD2,Plombieres-les-Dijon,47.3333,4.9667
FRPDB,Port-de-Bouc,43.4,4.9833
FRPDF,Ponteves,43.5667,6.05
FRPDH,Port-des-Barques,45.95,0.9167
FRPDU,Saint-Pierre-d'Autils,49.1167,1.4167
FRPET,Petit-Couronne,49.3833,1.0333
FRPF4,Etrigny,46.5833,4.8
FRPG5,Port de Goulee,45.4,-0.9
FRPGC,Plougrescant,48.85,-3.2333
FRPGQ,Pogny,48.8667,4.4833
FRPH4,Portiragnes,43.3,3.3333
FRPHG,Campagnac,44.0333,1.85
FRPHN,Pleudihen-sur-Rance,48.5,-1.9667
FRPHT,Plichancourt,48.75,4.65
FRPI2,Pirou,49.1833,-1.5833
FRPI9,Prefailles,47.1333,-2.2167
FRPJE,Port-Jerome,49.4667,0.5333
FRPJH,Saint-Christophe-la-Couperie,47.25,-1.2
FRPJU,Pujaut,44.0,4.7667
FRPKL,Pouille,47.3167,1.2833
FRPKM,Monnieres,47.1333,-1.35
FRPKS,Pouilly-sur-Loire,47.2833,2.95
FRPM6,Port Manec'h,47.8167,-3.7833
FRPNF,Port-Navalo,47.55,-2.9
FRPNH,Pont-d'Ouche,47.1667,4.6833
FRPNU,Paillencourt,50.25,3.2667
FRPO4,Ota,42.2667,8.75
FRPOV,Port-Vendres,42.5167,3.1167
FRPOX,Pontrieux,48.7,-3.1667
FRPPL,Port-Louis,47.7167,-3.35
FRPQC,Pont-Rean,48.0,-1.7833
FRPQE,Poses,49.3,1.2333
FRPRC,Pornic,47.1167,-2.1
FRPRJ,Port-Joinville,46.7167,-2.35
FRPRP,Propriano,41.6833,8.9
FRPS9,Perros-Guirec,48.8167,-3.45
FRPSL,Port-Saint-Louis-du-Rhone,43.3833,4.8
FRPSX,Pont-Sainte-Maxence,49.3,2.6
FRPTI,Pont-de-l'Isere,45.0,4.8833
FRPTV,Pontavert,49.4,3.8167
FRPUM,Precy-sur-Marne,48.9333,2.7833
FRPVO,Porto-Vecchio,41.5833,9.2833
FRPVX,Pont-de-Vaux,46.4333,4.9333
FRPWA,Pernant,49.3833,3.2167
FRPXZ,Plobsheim,48.4667,7.7167
FRPYX,Pargny-sur-Saulx,48.7667,4.8167
FRPZ3,Plouezec,48.75,-2.9833
FRQBR,Camarsac,44.8333,-0.3667
FRQEN,Quenne,47.7833,3.65
FRQEY,Saint-Antoine-du-Queyret,44.7667,0.0167
FRQGS,Soulanges,48.7833,4.5333
FRQLC,Saint-Quentin-la-Motte-Croix-au-Bailly,50.0667,1.45
FRQLK,Denice,46.0,4.65
FRQMM,Campagne,43.7833,4.0333
FRQPL,Communay,45.6,4.8333
FRQQQ,Cormicy,49.3667,3.9
FRQRU,Quiberville,49.9,0.9167
FRQSC,Quinsac,44.75,-0.5
FRQSM,Crouttes-sur-Marne,48.9833,3.2333
FRQSO,Samois-sur-Seine,48.45,2.75
FRQTS,Santoche,47.4,6.5167
FRQUI,Quiberon,47.4833,-3.1167
FRQUL,Querqueville,49.6667,-1.7
FRQVP,Demigny,46.9333,4.8333
FRQWC,Chateauvert,43.5,6.0333
FRQWM,Reignier-Esery,46.1333,6.2667
FRQXA,Reichsfeld,48.3667,7.3833
FRQYR,Troyes,48.3,4.0833
FRQYV,Colombiers,43.3167,3.1333
FRQZH,Serra-di-Ferro,41.7333,8.8
FRQZX,Camillac,45.05,-0.5833
FRR26,Roche-Saint-Secret,44.4833,5.0333
FRRAD,Radicatel,49.5,0.5
FRRAV,Cravant,47.6833,3.6833
FRRCO,Rochefort,45.95,-0.9667
FRRDM,La Couarde-sur-Mer,46.2,-1.4
FRRDN,Redon,47.65,-2.0833
FRRDT,La Redorte,43.25,2.6333
FRREI,Reichstett,48.65,7.75
FRRF3,Toulenne,44.55,-0.2667
FRRFA,Homps,43.2667,2.7167
FRRH7,Taponas,46.1167,4.7667
FRRHE,Reims,49.2667,4.0333
FRRHP,Ouessant,48.4667,-5.0833
FRRLI,Ramillies,50.2,3.25
FRRME,Armentieres,50.6833,2.8833
FRRMO,Larmor-Baden,47.5833,-2.9
FRRN3,Rions,44.65,-0.35
FRRNY,Frangy,46.0167,5.9333
FRRON,Roncq,50.75,3.1167
FRROU,Roubaix,50.6833,3.1833
FRRQE,Rech,48.9833,7.0167
FRRRB,Sarralbe,49.0,7.0167
FRRS4,Frossay,47.25,-1.9333
FRRSA,Roquebrune-sur-Argens,43.4333,6.6333
FRRSQ,Rosult,50.45,3.3667
FRRTB,Port-en-Bessin-Huppain,49.35,-0.75
FRRTE,Bourg-Charente,45.6667,-0.2333
FRRTV,Charteves,49.0833,3.4833
FRRUN,Rungis,48.75,2.35
FRRUR,Plouer-sur-Rance,48.5333,-2.0
FRRVC,Rivecourt,49.35,2.7333
FRRXL,Rosieres-aux-Salines,48.6,6.3333
FRRYG,le Chateau Renard,47.7667,-1.5167
FRRYN,Royan,45.6167,-1.05
FRRYY,Pierry,49.0167,3.9333
FRRZT,Saint-Desirat,45.25,4.7833
FRRZW,Combaillaux,43.6833,3.7667
FRRZX,Pujols-sur-Ciron,44.5667,-0.35
FRS29,Saint-Pabu,48.5667,3.4
FRS2R,Saint-Martin-de-Re,46.2,-1.3667
FRS4P,Santa-Maria-Poggio,42.3333,9.5
FRS5M,Saacy-sur-Marne,48.9667,3.2167
FRS8C,Sercus,50.7,2.45
FRSAR,Sarreguemines,49.1167,7.0667
FRSBK,Saint-Brieuc,48.5167,-2.7833
FRSET,Sete,43.4,3.7
FRSGT,Sainte-Gemmes-sur-Loire,47.4167,-0.5667
FRSIR,Saint-Remy,47.6333,4.3
FRSIT,Saint-Vit,47.1833,5.8167
FRSL8,Saint-Laurent-sur-Mer,49.3667,-0.8833
FRSLV,Solesmes,47.85,-0.3
FRSML,Saint-Malo,48.65,-2.0167
FRSMW,Samoreau,48.4167,2.75
FRSNM,Flammerans,47.2333,5.45
FRSNQ,Sance,46.3333,4.8333
FRSNR,Saint-Nazaire,47.2833,-2.2
FRSO6,Sauzon,47.3667,-3.2167
FRSP5,Saint-Paul,44.5167,6.75
FRSPK,Spycker,50.9667,2.3167
FRSQR,Saint-Pierre-Quiberon,47.5167,-3.1333
FRSQS,Saint-Christ-Briost,49.85,2.9333
FRSQV,Sandrancourt,49.0333,1.65
FRSRL,Saint-Raphael,43.4167,6.7667
FRSS2,Saint-Saturnin,43.7,3.4667
FRSSK,Saint-Sebastien-sur-Loire,47.2,-1.5
FRSTP,Saint-Tropez,43.2667,6.6333
FRSTQ,Saint-Quentin,49.85,3.2833
FRSUP,Seurre,46.9833,5.15
FRSVS,Saint-Valery-sur-Somme,50.1833,1.6333
FRSWD,Saint-Wandrille-Rancon,49.5333,0.7667
FRSXB,Strasbourg,48.5667,7.75
FRSYQ,Sauvoy,48.6333,5.6
FRSYY,Sailly-sur-la-Lys,50.65,2.7667
FRSZI,Saint-Nazaire-sur-Charente,45.95,-1.05
FRTBE,La Turballe,47.35,-2.5167
FRTCJ,Chatillon-Coligny,47.8167,2.85
FRTEW,Le Thoronet,43.45,6.3
FRTG4,Talmont-sur-Gironde,45.5333,-0.9
FRTGH,Thomery,48.4,2.7833
FRTIG,Tigery,48.6333,2.5
FRTII,Talais,45.4833,-1.05
FRTIM,Saint-Simon,49.75,3.1667
FRTIN,Pantin,48.9,2.4
FRTJE,Trouville-sur-Mer,49.3667,0.0833
FRTJX,Escautpont,50.4167,3.5667
FRTL4,Sausset-les-Pins,43.3333,5.1167
FRTLN,Toulon,43.1167,5.9333
FRTLP,Gatteville-le-Phare,49.6833,-1.2833
FRTMG,Saint-Martin-la-Garenne,49.0333,1.6833
FRTMN,Thun-Saint-Martin,50.2,3.2833
FRTON,Tonnay-Charente,45.95,-0.9
FRTOV,Tourlaville,49.6333,-1.5667
FRTPO,Trilport,48.95,2.9333
FRTQJ,Saint-Saturnin-d'Apt,43.9167,5.3667
FRTR9,Tregunc,47.85,-3.85
FRTRE,Treguier,48.7833,-3.2333
FRTRI,Trignac,47.3167,-2.1833
FRTTG,Teteghem,51.0,2.4167
FRTTU,Ile-Tudy,47.8333,-4.1667
FRTUA,Saint-Usage,47.1,5.2667
FRTUU,Toucy,47.7333,3.3
FRTVL,Thionville,49.35,6.1667
FRTWA,Ares,44.7667,-1.1333
FRTXM,Mulcent,48.8833,1.65
FRTZZ,Ternay,45.6167,4.8167
FRUBS,Saubusse,43.65,-1.1833
FRUCL,Pleumeleuc,48.1833,-1.9167
FRUCM,L'Eguille,45.7,-0.9833
FRUCS,Saint-Urcisse,43.9333,1.6167
FRUDP,Camp-du-Castellet,43.25,5.75
FRUEU,Gueux,49.25,3.9
FRUFF,Cuffies,49.4,3.3167
FRUFN,Buffon,47.65,4.2667
FRUGV,Bougival,48.8667,2.1333
FRUIM,Guimaec,48.6667,-3.7
FRUIP,Quimper,48.0,-4.1
FRUJI,Saint-Gonnery,48.1167,-2.8167
FRUJJ,Saint-Satur,47.3333,2.85
FRUJK,Monnieres,47.1167,5.4667
FRUJQ,Saint-Sauveur-de-Meilhan,44.65,0.0
FRUJY,Pouilly,47.4,3.75
FRULP,Mareuil-le-Port,49.0833,3.7333
FRUMX,Mareuil-les-Meaux,48.9333,2.85
FRUNL,Cauneille,43.5333,-1.0667
FRUNS,Guines,50.8667,1.8667
FRUQJ,Saint-Seuri-de-Bourg,45.05,-0.5667
FRURO,Rouen,49.45,1.1
FRUSJ,Mus,43.7333,4.2
FRUSU,Vulaines-sur-Seine,48.4167,2.75
FRUTE,Leucate,42.9167,3.0333
FRUTI,Ecutigny,47.0833,4.6167
FRUUC,Bruch,44.2167,0.4167
FRUUO,Boursault,49.05,3.85
FRUVI,Guerville,48.95,1.7333
FRUVJ,Mauves,45.0333,4.8333
FRUVV,Tessy-sur-Vire,48.9667,-1.0667
FRUXE,Joigny,47.9833,3.4
FRUXL,Carlux,44.8833,1.35
FRUYO,Butry-sur-Oise,49.0833,2.2
FRV33,Villeneuve-de-Blaye,45.0833,-0.6167
FRV88,Charmes,48.3667,6.2833
FRVA5,Saint-Vallier,46.65,4.3667
FRVAF,Valence,44.9333,4.8833
FRVAL,Valenciennes,50.3667,3.5333
FRVC4,Villers-sous-Chatillon,49.1,3.8
FRVCS,Carnas,43.8333,3.9833
FRVEJ,Verjux,46.8833,4.9667
FRVEO,Vernaison,45.65,4.8167
FRVEY,Clairvaux-d'Aveyron,44.4167,2.4167
FRVFG,Romeny-sur-Marne,48.9833,3.3333
FRVFM,Villefranche-sur-Mer,43.7,7.3167
FRVGE,Villegusien-le-Lac,47.7333,5.3
FRVH4,Crezancy-en-Sancerre,47.3,2.75
FRVHM,Vendenheim,48.6667,7.7167
FRVIG,Saint-Thibault-des-Vignes,48.8667,2.6833
FRVIY,Vincey,48.3333,6.3333
FRVJE,Murviel,43.4333,3.1333
FRVL4,Verin,45.45,4.75
FRVM5,Verneuil,49.1,3.6667
FRVM6,Le Vivier-sur-Mer,48.6,-1.7833
FRVNE,Vannes,47.65,-2.7667
FRVNR,Saint-Vallerin,46.6833,4.6667
FRVNZ,Vernizy,46.7833,4.4667
FRVQR,Veron,48.1333,3.3
FRVR4,Veules-les-Roses,49.8667,0.8
FRVR5,Villerville,49.4,0.1333
FRVRD,Verdun,49.1667,5.3833
FRVRU,Ver-sur-Mer,49.3333,-0.5333
FRVSQ,Varesnes,49.5667,3.05
FRVSS,Villefranche-sur-Saone,45.9833,4.7167
FRVTI,Saint-Valentin,46.95,1.8667
FRVTM,Venteuil,49.0833,3.8333
FRVUX,Villenauxe,48.4,3.3
FRVVL,Villeneuve-les-Avignon,43.9833,4.7833
FRW2C,Novillars,47.2833,6.1333
FRWBY,Bayon-sur-Gironde,45.05,-0.6
FRWIK,Roquecourbe,43.6667,2.3
FRWMN,Blienschwiller,48.3333,7.4167
FRWNT,Warneton,50.7333,2.95
FRWQA,Mezoargues,43.8667,4.65
FRWTT,Watten,50.8333,2.2167
FRWWW,Mirepeisset,43.2833,2.9
FRX28,Saint-Pierre-de-Manneville,49.4,0.9333
FRXAN,Anse,45.9333,4.7167
FRXCB,Corcelles-en-Beaujolais,46.15,4.7167
FRXCS,Saint-Vaize,45.8167,-0.6333
FRXDH,Saint-Leger-sur-Dheune,46.85,4.6333
FRXER,Port-Sainte-Marie,44.25,0.4
FRXEU,Buxeuil,48.05,4.4
FRXGL,Saint-Gilles,43.6833,4.4167
FRXGV,Saint-Gilles-Croix-de-Vie,46.6833,-1.9333
FRXLG,Lignorelles,47.85,3.7167
FRXLZ,Civrac-de-Blaye,45.1167,-0.45
FRXRG,Muro,42.55,8.9167
FRXRY,Luneray,49.8333,0.9167
FRXSW,Vonges,47.3,5.4
FRXVF,Monestier,44.7667,0.3167
FRXVY,Noyen-sur-Seine,48.45,3.35
FRXXD,Ravigny,48.45,-0.0667
FRXYR,Tracy-sur-Loire,47.3167,2.8833
FRY78,Hardricourt,49.0,1.9
FRYAN,Junay,47.8833,3.95
FRYEN,Creney-pres-Troyes,48.3333,4.1333
FRYGP,Rogny-les-Sept-Ecluses,47.7333,2.8833
FRYJK,Ponteilla,42.6333,2.8167
FRYMS,Ambly-sur-Meuse,49.0167,5.45
FRYNE,La Seyne-sur-Mer,43.1,5.8833
FRYNR,Sanary-sur-Mer,43.1167,5.8
FRYSM,Sorcy-Saint-Martin,48.7,5.6167
FRYSO,Fleurey-sur-Ouche,47.3167,4.85
FRYSU,Seyssuel,45.5667,4.85
FRYUJ,Pouillenay,47.5,4.4667
FRYUP,Monguilhem,43.85,-0.1833
FRYUS,Mouy-sur-Seine,48.4167,3.2333
FRYVG,Blagny-sur-Vingeanne,47.4333,5.3667
FRYXA,Chailly-sur-Armancon,47.2667,4.4833
FRYYO,Yport,49.7333,0.3167
FRZAN,Saint-Genis-de-Saintonge,45.4833,-0.5833
FRZCY,Luzancy,48.9667,3.1667
FRZEV,Plozevet,47.9833,-4.4333
FRZHA,Rochefort-du-Gard,43.9833,4.6833
FRZIC,Pouldreuzic,47.95,-4.3667
FRZLE,Azille,43.2833,2.6667
FRZLJ,Pouzilhac,44.05,4.5833
FRZLL,Corcelles-les-Arts,46.95,4.8
FRZMB,Caromb,44.1167,5.1
FRZMM,Cormeilles,49.25,0.3833
FRZMY,Cormeray,47.4833,1.4
FRZNN,Corconne,43.8667,3.9333
FRZOG,Ronchin,50.6,3.1
FRZPP,Denee,47.3833,-0.6
FRZT7,Collorgues,44.0,4.2833
FRZTW,Bram,43.25,2.1167
FRZUI,Buzet-sur-Baise,44.25,0.2833
FRZXC,Camplong-d'Aude,43.1333,2.65
FRZXD,Pougny,47.3833,3.0
FRZXH,Pontlevoy,47.3833,1.25
FRZXN,Monein,43.3167,-0.5833
FRZYL,Lazenay,47.0667,2.0667
FRZZU,Carnoules,43.3,6.1833
GAEKU,Equata,-0.2167,9.3
GALBV,Libreville,59.4833,10.3667
GALUC,Lucina,44.0833,15.0
GAOGU,Oguandjo Terminal,-1.5,8.9
GB7TR,Norton,52.15,-2.1833
GBABA,Aberaeron,52.25,-4.25
GBABD,Aberdeen,57.1333,-2.1
GBABF,Aberdyfi (Aberdovey),52.55,-4.0333
GBABJ,Saint Abbs,55.9,-2.1333
GBABS,Aber Soch (Abersoch),52.8167,-4.5
GBABV,Aberdovey,52.5333,-4.05
GBABW,Barmouth (Abermaw),52.7167,-4.05
GBACA,Acharacle,54.7333,-5.7833
GBACB,Back,58.2667,-6.3167
GBACE,Achiltibuie,58.0333,-5.3667
GBACV,Cove (Aberdeen),57.1,-2.0667
GBADF,Ardfern,56.1833,-5.5333
GBADK,Ardkeen,54.4167,-5.5167
GBADM,Aird Mhor (Ardmhor),57.0167,-7.4167
GBADR,Aberdaron,52.8,-4.7167
GBAEE,Abergele,53.2833,-3.5833
GBAEN,Salen,56.7,-5.7833
GBAET,Ardentinny,56.0333,-4.9
GBAEW,Hanwell,51.2167,5.8
GBAFW,Aberffraw,53.1833,-4.45
GBAGL,Ardglass,54.2667,-5.6167
GBAGO,Arinagour,56.6167,-6.5333
GBAGU,Ardgour,56.7167,-5.25
GBAHN,Achnacroish,56.5,-5.4833
GBAIS,St Agnes,49.8833,-6.3333
GBAIT,Aith,60.2833,-1.3833
GBAKL,Auckengill,58.5667,-3.0667
GBALB,Aldeburgh,52.15,1.6
GBALI,Arlington,51.75,-1.8333
GBALL,Alloa,56.1167,-3.7833
GBALM,Alnmouth,55.3833,-1.6167
GBALP,Althorpe,53.5833,-0.7333
GBAMB,Amble,55.3167,-1.5833
GBAMD,"Armadale, Isle of Skye",57.05,-5.9
GBAMH,Ardmaleish,55.8667,-5.0833
GBAML,Ambleside,54.4333,-2.9667
GBAMN,Ardnamurchan,56.6833,-6.0833
GBAMR,Aird Ma Ruibhe,57.7,-7.1833
GBAMW,Amlwch,53.4167,-4.35
GBANA,Anasuria,57.25,0.8
GBANG,Annalong,54.1,-5.9
GBANN,Annan,54.9833,-3.2667
GBANO,Road Town,18.4167,-64.6167
GBANS,Anstruther,56.2167,-2.7
GBAOL,Abbotsley,52.1833,-0.2
GBAOT,Abbotsbury,50.6667,-2.6
GBAPI,Appin,56.5667,-5.35
GBAPP,Appledore,51.05,-4.2
GBAPS,Applecross,57.3833,-5.8
GBAQW,Longsight,53.4667,-2.2
GBARB,Arbroath,56.5667,-2.5833
GBARC,Abercastle,51.95,-5.1167
GBARD,Ardrossan,55.6167,-4.8167
GBARG,Arisaig,56.9,-5.85
GBARP,West Harptree,51.3,-2.6167
GBARV,Ardveenish,57.0,-7.4
GBASA,Saint-Anne's-on-Sea,53.75,-3.05
GBASG,Ardrishaig,56.0167,-5.45
GBATS,Sleat,57.05,-5.9
GBAUL,Aultbea,57.8333,-5.5667
GBAVC,Avoch,57.55,-4.1667
GBAVL,Alveley,52.45,-2.3333
GBAVO,Avonmouth,51.5,-2.6833
GBAXO,Axmouth,50.7,-3.05
GBAYD,Aberdour,56.05,-3.2833
GBAYR,Ayr,55.45,-4.6167
GBAYW,Aberystwyth,52.4167,-4.0833
GBBAD,Barry Dock,51.3833,-3.25
GBBAN,Bangor,54.65,-5.6667
GBBAZ,Barton on Sea,50.7333,-1.65
GBBBB,Breaston,42.8333,17.7
GBBBE,Branscombe,50.7,-3.1333
GBBBK,Burton Bradstock,50.7,-2.7167
GBBBN,Balbriggan,53.6,-6.1667
GBBBP,Bembridge,50.6833,-1.0833
GBBBX,Barnstone,52.9,-0.9
GBBCE,Barcaldine,56.5167,-5.3
GBBCH,Bruichladdich,55.7667,-6.3667
GBBCR,Buck's Cross,51.0,-4.4
GBBCS,Brancaster Staithe,52.9667,0.6667
GBBD2,Bedhampton,50.85,-1.0
GBBDA,Birkdale,53.6333,-3.0333
GBBDB,Barnoldby le Beck,53.5,-0.1333
GBBDF,"Broadford, Isle of Skye",57.2333,-5.9
GBBDI,"Brodick, Isle of Arran",55.5833,-5.1667
GBBDT,Broadstairs,51.3667,1.4167
GBBDX,Baldirton,59.4667,17.3833
GBBDZ,Bardsea,54.15,-3.0667
GBBE2,Bubwith,53.8167,-0.9167
GBBEH,Berry Head,50.4,-3.4833
GBBEL,Belfast,54.9833,-5.9167
GBBFB,Braefoot Bay,56.05,-3.3167
GBBFE,Brierfield,53.8167,-2.2333
GBBFF,Banff,57.6667,-2.5333
GBBFO,Bodffordd,53.2667,-4.3667
GBBFP,Blackford,57.4,-2.4833
GBBFU,Broughton In Furness,54.2667,-3.2
GBBFY,Briton Ferry,51.6333,-3.8167
GBBGY,Bingley,53.85,-1.8333
GBBHB,Ballyhalbert,54.5,-5.45
GBBHJ,Bramshall,52.9,-10.9167
GBBHK,Bromborough,53.3333,-2.9833
GBBHR,Barrow-upon-Humber,53.6833,-0.3833
GBBHW,Billingham,54.6,-1.3
GBBID,Bideford,51.0167,-4.2167
GBBIF,Barrow in Furness,54.1167,-3.2333
GBBIK,Briston,52.85,1.0667
GBBIP,Bishop Auckland,-36.8333,174.8
GBBKC,"Backaland, Eday",59.15,-2.75
GBBKD,Buckden,54.1833,-2.0833
GBBKS,Blackness,56.0,-3.5167
GBBLC,Blakeney,52.95,1.0167
GBBLI,Balintore,57.75,-3.9
GBBLJ,Blairmore,55.9833,-4.9
GBBLR,Ballylumford,54.8333,-5.7833
GBBLS,Brightlingsea,51.8167,1.0167
GBBLT,Bolton,53.5833,-2.4333
GBBLU,Beaulieu,50.8167,-1.4333
GBBLY,Blyth,53.3667,-1.0667
GBBLZ,Barlborough,53.2833,-1.2833
GBBMC,Balmacara,57.2833,-5.6167
GBBMO,Burnmouth,55.8333,-2.0667
GBBMR,Beaumaris,53.2667,-4.1
GBBMT,"Belmont, Unst",60.6833,-0.9667
GBBMU,Barmouth,52.7167,-4.05
GBBMX,Boulmer,55.4167,-1.5667
GBBNB,Bunnahabhain,55.8833,-6.1333
GBBND,Barnstaple,51.0667,-4.05
GBBNG,Bangor,53.2333,-4.1333
GBBNH,Barton upon Humber,53.6667,-0.4333
GBBNR,Ballantrae,55.0833,-4.9833
GBBNX,Blackwell,51.2167,5.8
GBBOC,Burnham on Crouch,51.6167,0.8333
GBBOE,Bootle,53.4667,-3.0167
GBBOH,Bournemouth,50.7333,-1.8833
GBBOL,Botley,51.7,-0.0167
GBBON,Bo'ness,56.0,-3.6
GBBOS,Boston,52.9667,-0.0333
GBBOT,Borth-y-Gest,52.9167,-4.1333
GBBOW,Bowling,55.9167,-4.4833
GBBPE,Broadmoor,51.7167,-4.75
GBBPT,Burry Port,51.6833,-4.25
GBBQQ,Bickington,50.5333,-3.6833
GBBQX,Beadnell,55.55,-1.6333
GBBRF,Bradford,53.7833,-1.75
GBBRJ,Brora,58.0167,-3.85
GBBRK,Birkenhead,53.4,-3.0333
GBBRN,Burnley,53.8,-2.2167
GBBRP,Bridport,50.7333,-2.75
GBBRR,Barra,57.0,-7.45
GBBRS,Bristol,51.45,-2.5833
GBBRT,Bridlington,54.0833,-0.2
GBBRU,"Bruray, Out Skerries",60.4167,-0.75
GBBRW,Bridgwater,51.1167,-3.0
GBBRX,Brixham,50.3833,-3.5
GBBSC,Boscastle,50.6833,-4.7
GBBSH,Brighton,-33.95,151.15
GBBSI,Bognor Regis,50.7833,-0.6833
GBBSL,Bosley,53.1833,-2.1167
GBBSM,Bourton,51.0667,-2.3333
GBBSN,Baltasound,60.75,-0.8667
GBBSS,Borrowstowness,54.4333,-3.5167
GBBSX,Beesands,50.3333,-3.5667
GBBSY,Barnsley,53.55,-1.4833
GBBTK,Bedstone,52.3667,-2.9333
GBBTL,Burntisland,56.0667,-3.2333
GBBTZ,Butterwick,52.9833,0.0
GBBUA,Budleigh Salterton,50.6333,-3.3333
GBBUC,Buckie,57.6667,-2.9667
GBBUD,Bude,50.8333,-4.55
GBBUF,Burray,58.85,-2.9167
GBBUH,Burghead,57.7,-3.4833
GBBUO,Barrow On Soar,52.75,-1.1333
GBBUS,Burton upon Stather,53.65,-0.6833
GBBUY,Bury,50.9,-0.5667
GBBVO,Burravoe,60.4833,-1.0167
GBBVR,Balvicar,56.2833,-5.6
GBBWC,Burwick,58.75,-2.9667
GBBWK,Berwick-upon-Tweed,55.7833,-2.0
GBBWM,Bray,51.5,-0.7
GBBWU,Barrow upon Trent,52.85,-1.4667
GBBWV,Budock Water,50.15,-5.1167
GBBWX,Brettenham,59.4833,10.3667
GBBXB,Bexhill,50.85,0.4667
GBBXF,Bassingham,53.1167,-0.6333
GBBXS,Brighstone,50.6333,-1.3833
GBBXT,Brotton,54.5667,-0.9333
GBBXX,Beer,50.6833,-3.0833
GBBYI,Brynsiencyn,53.1833,-4.2333
GBBYN,Broadmayne,50.6833,-2.3833
GBBYP,Ballintoy,55.2333,-6.35
GBBZR,Bryher,49.95,-6.35
GBBZT,Broughton,53.1667,-3.0
GBC5T,Cardington,52.1,-0.4
GBCAB,Carbost,57.1833,-6.2
GBCAF,Collafirth,60.5333,-1.3667
GBCAG,"Ceann a Gharaidh, Eriskay",57.0667,-7.2833
GBCAH,Carnlough,54.9833,-6.0
GBCAN,Canvey Island,51.5167,0.5667
GBCAR,Cardigan (Aberteifi),52.0833,-4.65
GBCAU,Camusnagaul,56.8333,-5.1333
GBCAX,Carlisle,42.5333,-71.35
GBCBA,Castlebay,56.95,-7.4667
GBCBE,Camber,50.9333,0.7833
GBCBL,Cairnbulg,57.6667,-1.9167
GBCBM,Combe Martin,51.2,-4.0333
GBCBO,Cranborne,50.9167,-1.9167
GBCBT,Campbeltown,55.4333,-5.6333
GBCBX,Baxenden,53.7333,-2.35
GBCCC,Criccieth,52.9167,-4.2333
GBCCE,Catterline,56.9,-1.2
GBCCH,Christchurch,50.7333,-1.75
GBCCL,Cape Cornwall,50.1167,-5.7
GBCDF,Cardiff,51.5,-3.2
GBCDK,Chideock,50.7167,-2.8167
GBCEB,Cemaes Bay,53.4167,-4.45
GBCEG,Chester,40.6167,-80.5667
GBCEI,Ceinewydd (New Quay),52.2167,-4.3667
GBCEL,Cellardyke,56.2333,-2.65
GBCET,Carsethorn,54.9167,-3.5667
GBCFE,Crieff,56.3667,-3.8333
GBCFG,Carrickfergus,54.7,-5.8
GBCFM,Corfe Mullen,50.7833,-2.0333
GBCGB,Coldingham,55.8833,-2.1667
GBCGJ,"Craighouse, Isle of Jura",55.8333,-5.95
GBCGP,Cloghan Point/Carrickfergus,54.7,-5.8
GBCGT,Covent Garden,51.5,-8.0
GBCGY,Congresbury,51.3667,-2.8167
GBCGZ,Cadgwith,49.9833,-5.1667
GBCHD,Charleston,56.5833,-3.0
GBCHE,Mostyn,53.3,-3.2667
GBCHF,Charlestown,56.0333,-3.5
GBCHJ,Charmouth,50.7333,-2.9
GBCHT,Chepstow,51.6333,-2.6667
GBCII,Chillington,51.0,-4.4
GBCIS,Coniston,46.4833,-80.85
GBCIT,Collieston,57.35,-1.9167
GBCKK,Crosskirk,58.6,-3.65
GBCKN,Culkein,58.25,-5.35
GBCKR,Chickerell,50.6167,-2.5
GBCKS,Creeksea,51.6333,0.7833
GBCLF,Cliffe,53.6667,-0.9333
GBCLJ,Claonaig,55.75,5.3833
GBCLM,Culkein/Drumbeg,58.2333,-5.3333
GBCLS,Clacton-on-Sea,51.8,1.15
GBCLY,Clydebank,55.9,-4.4
GBCMA,Cefn-Mawr,52.9667,-3.0667
GBCMD,Cramond,55.9667,-3.2833
GBCMP,Crombie,56.05,-3.5333
GBCMS,"Cumbrae Slip, Great Cumbrae",55.7833,-4.9
GBCNA,"Canna, Inner Hebrides",57.05,-6.5
GBCNC,Crinan,56.0833,-5.5667
GBCNM,Central Mainland (Shetland),60.3167,-1.2667
GBCNP,Saint Catherine's Point,50.5667,-1.3
GBCNU,Craignure,56.4667,-5.7167
GBCNV,Caernarfon,59.4667,17.3833
GBCNX,Cawsand,50.3167,-4.35
GBCNZ,Cockenzie,55.95,-2.95
GBCOQ,Connah's Quay,53.2167,-3.0667
GBCOR,Corpach,56.85,-5.1167
GBCOV,Coverack,55.9333,-2.35
GBCOY,Coryton,59.4667,17.3833
GBCPD,Chapel Saint Leonards,53.2167,0.3167
GBCQQ,Cockwood,50.6,-3.4333
GBCQY,Connahs Quay,53.2167,-3.0667
GBCR5,Cropton,54.2833,-0.8333
GBCRA,Carradale,55.5833,-5.4667
GBCRJ,Crail,56.2667,-2.6333
GBCRN,Cromarty,57.6667,-4.0333
GBCRR,Cromer,52.9333,1.3
GBCRT,Carrington,53.4333,-2.3833
GBCRV,Carlton Colville,52.45,1.7
GBCRX,Craster,55.4667,-1.5833
GBCSC,Caister on Sea,52.65,1.75
GBCSN,Garston,53.3333,-2.9
GBCSR,Chester,40.6167,-80.5667
GBCST,Chichester,50.8333,-0.7833
GBCSU,Cadishead,53.4,-2.45
GBCSW,Castletown,50.5667,-2.45
GBCTF,Castleford,53.7167,-1.35
GBCTM,Chatham,41.6667,-69.9333
GBCTP,Caythorpe,49.05,4.0
GBCU8,Curbar,53.2667,-1.6333
GBCUA,"Cuan Ferry, Seil",56.2667,-5.6333
GBCUB,"Church Bay, Rathlin Island",55.2833,-6.1833
GBCUE,Cushendun,55.1333,-6.05
GBCUJ,Cumbria,54.5,-3.25
GBCUM,Cumbraes,55.7333,-4.9167
GBCUN,Cullen,57.6833,2.8167
GBCUR,Curlew,56.7333,1.3
GBCUS,Cushendall,55.0833,-6.05
GBCUV,"Cullivoe, Yell",60.7,-1.0167
GBCVA,Colintraive,55.9167,-5.1333
GBCVE,Cove,55.9333,-2.35
GBCVI,Cove (Leith),55.9333,-2.35
GBCVL,Clovelly,51.0,-4.4
GBCVT,Coventry,52.4167,-1.55
GBCVW,Convoys Wharf,51.8,-0.0333
GBCWA,Conwy (Conway),53.2833,-3.8333
GBCWH,West Chiltington,50.9333,-0.45
GBCWN,Charlestown,56.0333,-3.5
GBCYD,Clynderwen,51.8333,-4.7
GBCYG,Claydon,49.05,4.0
GBCYN,Cairnryan,54.9667,-5.0167
GBCYY,Colwyn Bay (Bae Colwyn),53.3,-3.7333
GBCZV,Clunbury,52.4167,-2.9167
GBCZZ,Constantine,50.1167,-5.1667
GBDAG,Dagenham,51.55,0.1667
GBDAL,Dalton in Furness,-34.7167,149.1833
GBDBG,Ardbeg,55.6333,-6.1
GBDBR,Dunbar,56.0,-2.5167
GBDBY,Dulas Bay,53.3667,-4.2667
GBDDT,Durward Dauntless,57.5,-0.0833
GBDEB,Denby,53.0167,-1.4
GBDER,Dereham,52.6833,0.9333
GBDET,Denton,50.8,0.05
GBDFD,Dartford,51.45,0.2167
GBDFN,Foston,42.8333,17.7
GBDHD,Donaghadee,54.6333,-5.5333
GBDIN,Dingle,53.3833,-2.95
GBDIW,Dingwall,57.6,-4.45
GBDMB,Boddam,57.45,-1.7667
GBDMO,Dromore,54.4167,-6.15
GBDNE,Dunster,51.1667,-3.4333
GBDNF,Dunrossness and Fair Isle,59.55,-1.6333
GBDNU,Dunoon,55.95,-4.95
GBDNW,Dunwich,52.2667,1.6167
GBDOR,Ballydorn,54.4833,-5.6333
GBDOS,Dale Roads,51.7,-5.15
GBDRE,Dunure,55.3833,-4.75
GBDRL,Darlington,54.5333,-1.5667
GBDRX,Drax,53.7333,-0.9833
GBDS2,Daresbury,53.3333,-2.6333
GBDSK,Dunseverick,55.2333,-6.45
GBDSS,Dungeness,50.9167,0.9667
GBDTF,Dunstaffnage,57.4667,-6.6833
GBDTM,Dartmouth,50.35,-3.5833
GBDTN,Dunston,54.95,-1.65
GBDUC,Dunchurch,52.3333,-1.2833
GBDUE,Dunbeath,58.25,-3.4333
GBDUM,Dumfries,55.05,-3.6
GBDUN,Dundee,56.5,-2.9667
GBDVN,Dunvegan,57.4333,-6.5833
GBDVP,Devonport,50.3667,-4.1833
GBDWL,Bradwell Waterside,51.7333,0.8833
GBDWY,Dewsbury,53.7,-1.6167
GBDXY,Derby,52.9333,-1.5
GBDYB,Dalgety Bay,56.0333,-3.35
GBDYN,Ardyne,55.8667,-5.0333
GBDYS,Dysart,56.1333,-3.1167
GBEAA,"Easdale, Seil",56.2833,-5.65
GBEAM,Eastham,53.3,-2.9667
GBEBO,Eastbourne,50.7667,0.2833
GBECO,Earls Colne,51.9333,0.6833
GBECS,Eccles,53.4833,-2.3333
GBEDI,Edinburgh,55.95,-3.2
GBEEN,Shobdon,52.25,-2.8667
GBEER,Deerness,58.9667,-2.85
GBEGI,Egilsay,59.15,-2.9333
GBEGO,"Elgol, Isle of Skye",57.15,-6.1
GBEIL,Sheildaig,54.2167,-2.8
GBEIN,Eling,50.9,-1.4833
GBEKN,Eisken,58.6,-6.5167
GBELB,"Ellenabeich, Seil",56.2833,-5.65
GBELI,Elie,56.2,-2.8167
GBELL,Ellesmere Port,51.2167,5.8
GBELS,Elsham,53.6,-0.4333
GBEME,East Mersea,51.7,1.1
GBEMN,Hempton,59.4667,17.3833
GBENB,Tenbury,52.3,-2.5833
GBENH,Beenham,51.4167,-1.15
GBENN,Pennan,57.6667,-2.2667
GBENT,Brent,48.5833,-123.45
GBEON,Seaton,50.7167,-3.0833
GBERI,Erith,51.4833,0.1833
GBESD,Willesden,51.5333,-0.2333
GBESG,Easington,54.7833,-1.35
GBESH,Shoreham-by-Sea,50.8333,-0.2667
GBESK,Eishken,57.85,-6.3667
GBESS,Eshaness,60.5,-1.55
GBESW,East Wellow,51.2167,5.8
GBEVT,Evanton,57.65,-4.2833
GBEWL,Elmswell,51.2167,5.8
GBEWT,East Wittering,50.7667,-0.8833
GBEXE,Exeter,50.7,-3.5333
GBEXM,Exmouth,50.5833,-3.4
GBEYM,Eyemouth,55.8667,-2.1
GBFAI,Fairisle,59.5167,-1.6
GBFAL,Falmouth,17.0167,-61.7833
GBFAS,Faslane,56.0667,-4.8167
GBFBH,Flamborough,54.1167,-0.1167
GBFBU,Fishbourne,50.7333,-1.1667
GBFDK,Fosdyke,60.1667,5.4667
GBFEB,Ferrybridge,53.7,-1.2667
GBFEE,Fairlie,55.75,-4.85
GBFEI,Felbrigg,52.9,1.2667
GBFEO,Feolin Ferry,55.85,-6.0667
GBFID,Findochty,57.7,-2.9
GBFIH,Fisherrow/Musselburgh,55.9333,-3.0667
GBFIN,Findhorn,57.65,-3.6
GBFIO,"Fionnphort, Isle of Mull",56.3167,-6.3667
GBFIS,Fishguard,51.9833,-4.9667
GBFLE,Fleetwood,53.9167,-3.0
GBFLH,Flotta,58.8333,-3.1333
GBFLK,Flookburgh,54.1667,-2.9667
GBFLN,Flaxton,54.0333,-0.95
GBFLT,Farlington,54.1,-1.0667
GBFLU,Flushing,50.15,-5.0667
GBFLW,Flixborough,53.6167,-0.6833
GBFNH,"Fishnish, Isle of Mull",56.5,-5.8
GBFNT,Finnart,56.6667,-4.4167
GBFNV,Foinaven,60.3333,-4.4
GBFOI,Foindlemore - Loch Glendhu,58.25,-4.9833
GBFOL,Folkestone,51.0833,1.15
GBFOR,Forth,55.75,-3.6833
GBFOY,Fowey,50.4,-4.5833
GBFRB,Fraserburgh,57.6833,-2.0167
GBFRD,Ferndale,51.65,-3.4333
GBFRI,Frinton-on-Sea,51.8333,1.2333
GBFRM,Formby,53.55,-3.05
GBFRW,Freshwater,50.6667,-1.5167
GBFRX,Ferrybridge,50.5667,-2.4667
GBFTI,The Forties,52.7667,-1.4833
GBFTR,Fortrose,57.5833,-4.1333
GBFUC,Waterfoot,55.0667,-6.0667
GBFUR,Furnace,56.15,-5.1667
GBFUU,Thurnscoe,53.5333,-1.3
GBFWE,Freshwater East,51.65,-4.8667
GBFWM,Fort William,56.8167,-5.1167
GBFXT,Felixstowe,69.0167,15.1333
GBFYD,Ferryside,51.7667,-4.3667
GBGAD,Garelochhead,56.0833,-4.8333
GBGAE,Graemsay,58.9167,-3.2667
GBGAR,Gairloch,57.7,-5.6667
GBGAS,"Galmisdale, Eigg",56.8833,-6.1333
GBGAT,Gateshead,54.9333,-1.6167
GBGDN,Gardenstown,57.6667,-2.3333
GBGIG,"Ardminish, Gigha Island",55.6667,-5.7333
GBGIL,Gillingham,51.3833,0.55
GBGIR,Girvan,55.2333,-4.8667
GBGIS,Garlieston,54.7833,-4.3667
GBGIV,Govilon,51.8167,-3.0667
GBGL9,Poulton,51.7,-1.85
GBGLA,Glenarm,54.8,-5.95
GBGLC,Glenluce,54.8667,-4.8333
GBGLD,Glasson Dock,53.9833,-2.85
GBGLG,Glenuig,56.8333,-5.8167
GBGLH,Gareloch,56.1,-4.8167
GBGLP,Golspie,57.9833,-3.9667
GBGLW,Glasgow,55.8333,-4.25
GBGMA,Glenmallan,56.1167,-4.8167
GBGMY,Grimsay,57.4667,-7.2
GBGNC,Greencastle,54.0333,-6.1
GBGNL,Glenelg,57.2167,-5.6333
GBGNQ,Gunthorpe,52.8667,0.9833
GBGOA,Great Oakley,51.9,1.1833
GBGOO,Goole,53.7167,-0.8667
GBGOR,Gorran Haven,50.2333,-4.8
GBGOS,Gosport,39.35,-86.6667
GBGOX,Goxhill,53.6667,-0.3333
GBGRG,Grangemouth,56.0,-3.7167
GBGRH,Great Harwood,44.1333,-78.1833
GBGRJ,Grovehurst Jetty/Sittingbourne,51.3333,0.7333
GBGRK,Greenock,55.9333,-4.75
GBGRN,Granton,55.9667,-3.2167
GBGRO,Groomsport,54.6667,-5.6167
GBGRU,Grutness,59.8667,-1.2833
GBGRW,Grove Port,53.5833,-0.7
GBGSA,Glensanda,56.5667,-5.55
GBGSR,Aldersgate,51.5167,-0.0833
GBGSY,Grimsby,53.5333,-0.5
GBGTN,Garston,53.3333,-2.9
GBGTY,Great Yarmouth,50.7,-1.5
GBGUD,Gourdon,56.8333,-2.2833
GBGUR,Gourock,55.95,-4.8333
GBGUT,"Gutcher, Yell",60.6667,-1.0167
GBGUW,Gunness Wharf,58.45,-6.3333
GBGVL,Gulval,50.1333,-5.5167
GBGWG,Great Wakering,51.55,0.8
GBGWK,Gweek,50.1,-5.2
GBGYL,Argyll,56.15,2.8
GBGYS,Grays,49.05,4.0
GBHA2,Ashley,51.0667,-1.45
GBHAA,Harraby,54.8833,-2.9
GBHAM,Hamble,55.3167,-1.5833
GBHAY,Hayle,49.05,4.0
GBHBK,Hest Bank,54.0833,-2.8
GBHDB,Hilton/Derby,52.9333,-1.5
GBHDD,Howdendyke,53.7333,-0.85
GBHDF,Huddersfield,53.65,-1.7833
GBHDR,Helford River,50.0833,-5.15
GBHDS,Holland on Sea,51.7667,1.1333
GBHEB,Hebburn,54.9667,-1.5167
GBHEQ,Heaton,54.0333,-2.85
GBHGW,Hightown,53.5167,-3.05
GBHGY,Hougharry and Loch Eport,57.6,-7.55
GBHKI,Halkirk,58.5167,-3.5
GBHLN,Helensburgh,56.0,-4.7333
GBHLO,Holy Loch,55.9833,-4.9333
GBHLU,Hunslet/Leeds,53.7833,-1.5333
GBHMA,Helmsdale,58.1167,-3.65
GBHMV,"Hamnavoe, Burra Isle",60.1,-1.3333
GBHMY,Hemsby,52.7,1.6833
GBHNS,"Hamars Ness, Fetlar",60.6167,-0.9333
GBHNT,Hunstanton,59.4667,17.3833
GBHNU,Hainault,51.6,0.0833
GBHOJ,Howdon,54.9833,-1.4667
GBHOM,Holm,58.9,-2.9
GBHOP,Hopeman,57.7,-3.4333
GBHOS,Hoswick,60.0,-1.2667
GBHOV,"Housa Voe, Papa Stour",60.3333,-1.6667
GBHP2,Greatham,54.6333,-1.2333
GBHPC,Hope Cove,50.2333,-3.85
GBHPT,Hound Point,56.0333,-3.3
GBHRF,Harefield,51.6,-0.4833
GBHRN,Herne Bay,51.55,7.2167
GBHSE,Hessle/Hull,53.7167,-0.4333
GBHST,Hunterston,55.7167,-4.8833
GBHTA,Streatham,51.4167,-1.1333
GBHTG,Hastings,-38.3,145.25
GBHTH,Hythe,51.0667,1.0833
GBHTP,Hartlepool,54.6833,-1.2167
GBHTS,Whitehills,57.6667,-2.5667
GBHTT,Hetton,59.4667,17.3833
GBHUL,Hull,53.7333,-0.3167
GBHUT,Houton,58.9167,-3.1833
GBHUX,Hutton,51.6167,22.0
GBHVO,"Ham Voe, Foula",60.1333,-2.0333
GBHWV,Howwood,55.8,-4.55
GBHWZ,Hugh Town,49.9167,-6.3167
GBHXL,Goxhill,53.8833,-0.2
GBHXX,Hedon,53.7333,-0.1833
GBHYG,Hayling Island,50.8333,-0.9833
GBHYI,Holy Island,55.6667,-1.8
GBHYR,Heybridge,51.7167,0.7
GBIAY,Inverallochy,57.6667,-1.9167
GBICH,Inchture,56.4333,-3.1667
GBIFN,Shifnal,52.6667,-2.3667
GBIGG,Eigg,56.9,-6.1667
GBIGM,Ingoldmells,53.1833,0.3333
GBIGT,Ingatestone,42.8333,17.7
GBILF,Ilfracombe,51.2167,-4.1167
GBILL,Gills,58.65,-3.15
GBIMG,Islandmagee,54.8167,-5.7
GBIMM,Immingham,53.6,-0.2167
GBINK,Inverkeithing,56.0167,-3.4
GBINR,Inverie,57.0333,-5.6833
GBINS,Instow,51.05,-4.1667
GBINT,Wintringham,54.1333,-0.65
GBINV,Inverness,57.4833,-4.2167
GBIOG,Isle of Grain,51.45,0.7
GBION,"Baile Mor, Iona",56.3333,-6.4
GBIOS,Isle of Sheppey,51.4,0.8167
GBIPS,Ipswich,42.7333,-71.85
GBIRB,Irby,50.3167,-4.95
GBIRE,Leire,52.5,-113.6667
GBIRV,Irvine,55.6,-4.6667
GBISA,Port Isaac,50.5833,-4.8167
GBISY,Islay,55.8,-6.25
GBIVG,Invergordon,57.7,-4.1667
GBIVK,Inverkip,55.9,-4.8667
GBIVR,Inveraray,56.2333,-5.0667
GBJAR,Jarrow,54.9833,-1.45
GBJHV,Johnshaven,56.8,-2.3333
GBJHW,Crown Dry-Dock,53.2333,-0.3167
GBJOG,John O'Groats,58.6333,-3.0667
GBJTB,Johnstonebridge,55.2,-3.4167
GBJUR,Jura,56.0167,-5.9167
GBKAL,"Kallin (Ceallan), Isle of Grimsay",57.4833,-7.2
GBKBE,Kinlochbervie,58.45,-5.0333
GBKBK,Burstwick,53.7333,-0.1333
GBKBT,Kirkcudbright,54.8333,-4.05
GBKCG,Kennacraig,55.8,-5.4667
GBKCN,Kircubbin,54.4833,-5.5333
GBKDE,Kincardine,56.0667,-3.7
GBKEA,Keadby,53.6,-0.7333
GBKEI,Keighley,53.8833,-1.9167
GBKES,Keiss,58.5333,-3.1167
GBKET,"Kettletoft, Sanday",59.2333,-2.6
GBKEV,Keyhaven,50.7167,-1.5667
GBKGH,Killingholme,53.6167,-0.2667
GBKHA,Thakeham,50.9333,-0.4167
GBKHN,Kinghorn,56.0667,-3.1667
GBKIB,Kingsbridge,50.2833,-3.7667
GBKIC,Kilcreggan,55.9833,-4.85
GBKIM,Kimmeridge,50.6167,-2.1167
GBKIO,Killough,54.25,-5.6333
GBKIP,Kippford,54.8667,-3.7833
GBKIS,Kishorn,57.4,-5.5833
GBKKD,Kirkcaldy,56.1167,-3.15
GBKKH,Kirkheaton,54.0333,-2.85
GBKKL,Kirkby Lonsdale,61.3667,5.4167
GBKKN,Kirkconnel,55.3833,-4.0
GBKLK,Kilkeel,54.0667,-6.0
GBKLN,King's Lynn,52.75,0.3833
GBKLY,Kilgetty,51.7333,-4.7
GBKMI,Kemsing,51.3,0.2167
GBKNC,Kinlochleven,56.7,-4.9833
GBKOA,Kilchoan,56.7,-6.1
GBKOH,"Kinloch, Rum",57.0,-6.2833
GBKRM,Kirtomy,58.5333,-4.15
GBKTT,Ketteringham,48.3,14.5167
GBKWE,Kingswear,50.3333,-3.5667
GBKWH,Hatston,59.0,-2.9667
GBKWL,Kirkwall,58.9833,-2.95
GBKYE,Kyles of Bute,55.8667,-5.2167
GBKYH,Killyleagh,54.4,-5.7167
GBKYL,Kyle of Lochalsh,57.2667,-5.7167
GBKYN,Kyleakin,57.2667,-5.7333
GBKYU,Kylesku,58.25,-5.0167
GBLAB,Llanaber,52.7333,-4.0833
GBLAH,Lamlash,55.5333,-5.15
GBLAN,Lancaster,48.85,-96.8167
GBLAO,Landore,51.6333,-3.9167
GBLAV,Lavenham,52.1,0.8
GBLAX,Laxo,60.35,-1.2
GBLBA,Leeds,53.8,-1.5833
GBLBD,"Lochboisdale (Loch Baghasdail), South Uist",57.15,-7.3167
GBLBE,Loch Buie (Mull),56.3,-5.9
GBLBH,Lamb Head,59.0833,-2.5333
GBLCA,Lochawe,56.4,-5.05
GBLCC,Loch Carnan,57.3333,-7.25
GBLCD,Loch Torridon,57.9667,-6.2667
GBLCG,Loch Long,56.0833,-4.85
GBLCM,Lytchett Minster,50.7333,-2.05
GBLCN,Lincoln,44.9667,-124.0167
GBLCR,Lochcarron,57.4,-5.4833
GBLDC,Ladock,50.3167,-4.95
GBLDS,Saint Leonards-on-Sea,50.85,0.5667
GBLDY,Londonderry,59.4667,17.3833
GBLEA,Long Eaton,59.4667,17.3833
GBLEI,Leith,55.95,-3.1667
GBLEQ,Land's End,50.0667,-5.7167
GBLER,Lerwick,60.15,-1.15
GBLEW,Edgeware,59.4833,10.3667
GBLFF,Llansteffan,51.7667,-4.3833
GBLGO,Largo,56.2167,-2.95
GBLGP,London Gateway Port,51.5,0.4833
GBLGS,Largs,55.7833,-4.85
GBLHO,"Longhope, Hoy",58.8,-3.2
GBLHP,Longhope,58.8,-3.2
GBLHS,Loch Striven,55.9333,-5.0667
GBLHT,Little Hulton,59.4667,17.3833
GBLHV,Little Haven,51.7667,-5.1
GBLIB,Liverpool Bay Terminal,53.6833,-3.55
GBLIF,Foston,42.8333,17.7
GBLIT,Littlehampton,-38.3333,145.25
GBLIV,Liverpool,53.4167,-3.0
GBLL3,Lullington,52.7,-1.6167
GBLLD,Llanddulas,53.2833,-3.6333
GBLLN,Llanelli,51.6667,-4.15
GBLLO,Llanon,34.5,-117.8167
GBLLS,Llanstephan,51.7833,-4.4
GBLLU,Littlebourne,51.2667,1.1667
GBLMA,Lochmaddy,57.6,-7.1833
GBLMK,Limekilns,56.0333,-3.4833
GBLMN,Ballymartin,54.0667,-5.95
GBLMT,Llansamlet,51.65,-3.8833
GBLNA,Lochearnhead,56.3833,-4.2833
GBLNM,Lynmouth,51.2167,-3.8167
GBLOE,Looe,50.35,-4.45
GBLOK,Little Oakley,51.9167,1.2333
GBLOL,Lochaline,56.5333,-5.7833
GBLON,London,51.5,0.4833
GBLOS,Leigh-on-Sea,51.55,0.6667
GBLOV,Lochinver,58.15,-5.25
GBLOW,Lowestoft,69.0167,15.1333
GBLOY,Walls,60.2167,-1.55
GBLRG,Lairg,58.0333,-4.4
GBLRP,Loch Ryan Pt,54.9833,-5.0333
GBLRZ,"Lochranza, Isle of Arran",55.7,-5.3
GBLSC,Loch Scridain (Isle Mull),56.3333,-6.1833
GBLSH,Langstone,50.8333,-0.9833
GBLSM,Lismore Island,56.4833,-5.55
GBLSS,Lossiemouth,57.7,-3.2833
GBLTD,Bolt Head,50.2167,-3.7833
GBLTP,London Thamesport,51.4333,0.6
GBLTS,"Loth, Sanday",59.2,-2.7
GBLUG,Lugton,55.75,-4.5333
GBLUI,"South Cuan, Luing",56.2667,-5.6333
GBLUL,Lulworth Camp,50.6333,-2.2333
GBLUX,Luxulyan,50.3833,-4.75
GBLVK,Levenwick,59.9667,-1.2667
GBLVR,"Leverburgh, Harris",57.7667,-7.0167
GBLWC,Lulworth Cove,50.6667,-2.2167
GBLWL,Latheronwheel,58.2667,-3.3667
GBLWT,West Thurrock,50.5333,-4.9
GBLXG,Luxborough,51.1167,-3.4667
GBLXY,Loxley,53.4,-1.4833
GBLYB,Lybster,58.3,-3.2833
GBLYD,Lydney,51.7167,-2.5167
GBLYL,Leyland,34.25,-78.0333
GBLYM,Lymington,59.4667,17.3833
GBLYR,Lyme Regis,50.7333,-2.9333
GBLYS,Lyness,58.8333,-3.2
GBLYT,Lynton,51.2167,-3.8333
GBLYW,Ballywalter,54.5333,-5.4833
GBM89,Miserden,51.7833,-2.1
GBMAI,Maidens,55.3333,-4.7833
GBMAL,Maldon,-12.5833,-69.2
GBMAW,Marchwood,50.8833,-1.4333
GBMBT,Market Bosworth,60.1667,5.4667
GBMCD,Macduff,57.6667,-2.4833
GBMDE,Bramdean,51.0333,-1.1167
GBMDI,Ardwick,53.4667,-2.2
GBMDL,Middleham,54.2833,-1.8
GBMED,Med,51.6667,0.9
GBMES,Medstead,51.6667,0.9
GBMFN,Morfa Nefyn,52.9333,-4.5333
GBMFS,Milford-on-Sea,50.7167,-1.5833
GBMFY,Meikle Ferry,57.85,-4.1333
GBMGH,Maghera,45.45,12.2167
GBMGP,"Magilligan Point Ferry Terminal, Lough Foyle",55.1833,-6.9667
GBMHD,Minehead,51.2,-3.4667
GBMHJ,Meppershall,52.0,-0.3333
GBMHT,Martlesham Heath,50.6167,3.7667
GBMID,Middlesbrough,54.5667,-1.15
GBMIS,Mistley,44.2667,14.7667
GBMLF,Milford Haven,51.7167,-5.0333
GBMLG,Mallaig,57.0,-5.8333
GBMLI,Mullion,50.0333,-5.2333
GBMLP,"Millport, Great Cumbrae",55.75,-4.95
GBMML,Melmerby,39.5833,-75.1667
GBMMR,Mossmoran,56.0833,-3.3167
GBMNC,Manchester,53.5,-2.2167
GBMNS,"Moaness, Hoy",58.9167,-3.3167
GBMON,Montrose,56.7,-2.45
GBMRB,"Maryfield, Bressay",60.15,-1.1167
GBMRR,Moelfre Roads,53.35,-4.2333
GBMRS,Morston,52.95,0.9667
GBMRY,Maryport,49.7333,0.3167
GBMSC,"Manchester Ship Canal, Salford",53.4833,-2.3167
GBMSD,Maitresse Island,48.9667,-2.0667
GBMSH,Mousehole,50.0833,-5.55
GBMSI,Great Massingham,52.7667,0.6667
GBMTH,Methil,56.1833,-3.0167
GBMUA,Muasdale,55.6,-5.6667
GBMVC,Moreton Valence,44.9333,4.8833
GBMVG,Mevagissey,50.2667,-4.7833
GBMYE,Mid Yell,60.6,-1.0667
GBMYL,Mylor,50.1667,-5.05
GBMYN,Maydown,55.0167,-7.25
GBMYS,Maylandsea,51.6833,0.7667
GBMYW,Maesycwmmer,51.6333,-3.2333
GBNAI,Nairn,57.5833,-3.8833
GBNAR,Arran,53.0,-1.1167
GBNBC,Newbiggin by the Sea,55.1667,-1.5167
GBNBI,Nethy Bridge,57.2667,-3.6333
GBNBS,Newton by the Sea,55.5,-1.6667
GBNBW,North Berwick,56.0667,-2.7167
GBNCL,Newcastle upon Tyne,54.9667,-1.6
GBNCN,Norton Canes,52.6667,-1.9667
GBNCS,Newcastle,54.2167,-5.9
GBNCY,Newcastle Emlyn,52.0333,-4.4667
GBNDY,Sanday,49.05,4.0
GBNEA,Neath,51.65,-3.8
GBNEF,Nefyn,52.9333,-4.5
GBNFC,North Finchley,51.6167,-0.1667
GBNFK,Hoverton,52.9333,1.3
GBNGG,Nigg,57.7167,-4.0
GBNGI,Newbiggin,54.6333,-2.1333
GBNHC,North Cove,52.4333,1.7333
GBNHO,New Holland,53.7,-0.3667
GBNHS,North Harris,57.8833,-6.8667
GBNHV,Newhaven,38.6,-91.2167
GBNLE,Thornley,54.75,-1.4333
GBNLN,Nelson,49.4833,-117.3
GBNME,Northmavine,60.6333,-1.3333
GBNMT,North Marston,42.8333,17.7
GBNMY,Normans Bay,50.8167,0.3833
GBNNR,Normanton le Heath,52.7,-1.4333
GBNO2,Gretton,52.5333,-0.6667
GBNOH,"North Haven, Fair Isle",59.5333,-1.6
GBNOQ,North Queensferry,56.0167,-3.4
GBNOT,Norton,54.1167,-0.7667
GBNPO,Newport,50.7,-1.2833
GBNPT,Newport,50.7,-1.2833
GBNRB,Northbay,57.0,-7.4
GBNRF,North Ferriby,53.7167,-0.5
GBNRM,North Walsham,37.3833,-102.2667
GBNRO,North Ronaldsay,59.35,-2.4333
GBNRR,North Roe to Hillswick,60.5833,-1.3333
GBNSA,Ness,58.45,-6.3333
GBNSD,North Sunderland,55.5667,-1.6667
GBNSH,North Shields,55.0,-1.4667
GBNSN,Neilston,55.7833,-4.4167
GBNSS,Thorpeness,52.1667,1.6167
GBNTF,Newton Ferrers,50.3167,-4.0333
GBNTG,Nottingham,-29.35,30.0
GBNTL,North Lochs,58.1,-6.4833
GBNTZ,North Tawton,50.8,-3.9
GBNUI,North Uist,57.6,-7.15
GBNWF,Newhaven/Edinburgh,55.9833,-3.1833
GBNWK,Newark,40.7333,-74.1667
GBNWN,Newtown,50.7,-1.4
GBNY2,Buckden,54.1833,-2.0833
GBNYD,Neyland,51.7,-4.9333
GBOAK,Oakhamness,58.45,-6.3333
GBOBA,Oban,56.4167,-5.4667
GBOBR,Oulton Broad,52.4833,1.7333
GBOCH,Lochs,58.1,-6.4833
GBODD,"Oddsta, Fetlar",60.6167,-0.9167
GBODH,Oldham,53.55,-2.1167
GBODO,Old Dornie,58.0333,-5.4167
GBOGH,Brough,53.7167,-0.5833
GBOHM,Bosham,50.8167,-0.8667
GBOHT,Shotts,55.8167,-3.7833
GBOKK,Old Kilpatrick,55.9167,-4.45
GBOLL,Coll,56.6167,-6.5167
GBOOT,Hooton,53.2833,-2.95
GBORH,Orford,52.1,1.5333
GBORK,Orkney,59.0667,-2.8833
GBORR,Corran,56.7167,-5.2333
GBOTC,South Lochs,58.1,-6.4833
GBOTR,"Otternish, North Uist",57.6833,-7.1833
GBOWW,Oswaldtwistle,44.2667,14.7667
GBPAD,Padstow,-33.95,151.0333
GBPAE,Pentraeth,53.2667,-4.2167
GBPAG,Paglesham,51.6333,0.6667
GBPAK,Port Askaig,55.85,-6.1167
GBPAL,Palnackie,57.4167,-6.1833
GBPAP,Port Appin,56.55,-5.4
GBPAR,Par,50.35,-4.7167
GBPAT,Paddington,51.5,-0.1833
GBPBA,Portballintrae,55.2167,-6.5333
GBPBD,Pembridge,52.2167,-2.9
GBPBM,Prenton/Birkenhead,53.3667,-3.0333
GBPCO,Porth Colmon,52.9,-4.6333
GBPCW,Porthcawl,51.4833,-3.7
GBPDD,Pen-Clawdd,51.6333,-4.0833
GBPDL,Pontardulais,51.7167,-4.0833
GBPED,Pembroke Dock,-32.75,151.1
GBPEG,Port Edgar,55.9833,-3.4167
GBPEM,Pembroke,51.6667,-4.9
GBPER,Perth,56.4,-3.4333
GBPFY,Portaferry,54.3833,-5.55
GBPGD,Portgordon,57.6667,-3.0167
GBPGG,Port Glasgow,55.9333,-4.6833
GBPGI,Porthgain,51.9333,-5.1667
GBPGV,Port Gaverne,50.6,-4.8167
GBPHD,Peterhead,57.5,-1.7833
GBPHV,Peacehaven,50.8,0.0
GBPI7,Pitney,51.05,-2.7833
GBPIE,"Pierowall, Westray",59.3167,-3.0
GBPKA,Portskerra,58.5667,-3.9167
GBPKD,Penkridge,52.7333,-2.1167
GBPKL,Pocklington,53.6,-0.75
GBPKN,Portknockie,57.7,-2.8667
GBPKR,Pickering,54.25,-0.7833
GBPLN,Port Ellen,55.6333,-6.1833
GBPLO,Plockton,57.3333,-5.65
GBPLP,Polperro,50.3333,-4.5333
GBPLR,Polruan,50.3167,-4.6167
GBPLV,Porthleven,50.0833,-5.3167
GBPLY,Plymouth,50.4,-4.1167
GBPME,Portsmouth,15.5667,-61.45
GBPMK,Portmahomack,57.8333,-3.8167
GBPMR,"Port Mor, Muck",56.8333,-6.2333
GBPMY,Pembrey,51.6833,-4.2667
GBPNA,Patna,55.3667,-4.5
GBPNB,Penberth,50.05,-5.6
GBPNE,Pendeen,50.1667,-5.6667
GBPNG,Portnalong,57.2,-6.25
GBPNH,Penarth,51.4333,-3.1667
GBPNV,Portnahaven,55.6667,-6.5
GBPOC,Port Clarence,54.5833,-1.2333
GBPOG,Port Logan,54.7,-4.95
GBPOH,Porthoustock,50.05,-5.0667
GBPOI,"Point, Island of Lismore",56.55,-5.4333
GBPOR,Porth,51.6167,-3.4
GBPPG,Pipe Gate,52.9667,-2.3833
GBPPK,Portpatrick,54.85,-5.1167
GBPPO,Saint Peter Port,49.45,-2.5333
GBPPW,Papa Westray,59.3333,-2.8833
GBPQT,Bishopsteignton,50.55,-3.5333
GBPRE,Preston,53.75,-2.7167
GBPRJ,Portreath,50.2667,-5.3
GBPRL,Portloe,50.2167,-4.9
GBPRN,Portnaguran and Ness,58.4833,-6.2167
GBPRP,Portincaple,56.1,-4.85
GBPRT,Portree,57.4167,-6.1833
GBPRU,Portbury,51.4667,-2.7167
GBPRZ,Porlock,51.2,-3.4167
GBPSB,Sutton Bridge,52.7667,0.1833
GBPSC,Portscatho,50.1833,-4.9833
GBPSE,Port Seton,55.9667,-2.95
GBPSM,Port Saint Mary,54.0667,-4.7333
GBPST,Parkeston Quay,49.05,4.0
GBPSU,Port Sunlight,53.3333,-2.9833
GBPSW,Portstewart,55.1833,-6.7167
GBPSY,Portsoy,57.6833,-2.6833
GBPTB,Port Talbot,51.6,-3.7833
GBPTC,Pettycur,56.0667,-3.1833
GBPTD,Porthmadog,52.9333,-4.1167
GBPTG,Porthgwarra,50.0333,-5.6667
GBPTH,Portishead,51.4833,-2.7667
GBPTL,Portland,-35.8,174.3167
GBPTT,Partington,53.4167,-2.4167
GBPVD,Portavadie,55.8667,-5.3
GBPVG,Portavogie,54.45,-5.45
GBPWE,Poolewe,57.75,-5.6
GBPWI,Port William,54.7667,-4.5833
GBPWL,Pwllheli,52.8833,-4.4167
GBPWM,Pittenweem,56.2167,-2.7333
GBQDL,Quedgeley,51.8167,-2.2833
GBQGT,Wallesbourne Hastings,52.1833,-1.5833
GBQWR,Bishops Castle,52.5,-3.0
GBQZL,Clevedon,51.4333,-2.8333
GBRAP,"Rapness, Westray",59.2667,-2.8667
GBRAS,"Clachan, Raasay",57.3333,-6.0667
GBRAV,Ravensthorpe Dewsbury,50.9,-0.5667
GBRAY,"Rothesay, Isle of Bute",55.8833,-5.15
GBRBB,Robin Hoods Bay,54.4,-0.4833
GBRBD,Rawcliffe Bridge,53.6667,-0.9333
GBRBL,Erribol,58.4667,-4.2333
GBRCB,Rhu Coigach - Badluachrach,57.8833,-5.3833
GBRCD,Bracadale,57.35,-6.4
GBRDA,Rossendale,53.6833,-2.25
GBRDH,Rudh Re - Red Point,57.6333,-5.8167
GBRDN,Reading,51.45,-0.9667
GBRDS,Reddish,53.4333,-2.15
GBREA,Reay,58.55,-3.7833
GBREB,Redcliff Bay,51.4667,-2.7833
GBRED,Red Bay,55.0667,-6.0167
GBREJ,Rejerrah,50.35,-5.0833
GBREM,Reedham,52.55,1.5667
GBREN,Renfrew,55.8833,-4.4
GBRER,Redcar,54.6,-1.05
GBREV,"Brevig, Barra",56.95,-7.4333
GBRFR,Rock Ferry,53.3667,-3.0
GBRGH,Brough,58.65,-3.3333
GBRGL,Ravenglass,54.35,-3.4
GBRHB,"Rhubodach, Isle of Bute",55.9167,-5.1333
GBRHS,Rhos-on-Sea,53.3,-3.75
GBRHU,Rhu,56.0167,-4.7667
GBRIC,Richborough,51.2833,1.3333
GBRIE,Scourie,58.35,-5.15
GBRIG,Tendring,51.8833,-1.1
GBRLG,Bar Light,53.5333,-3.3167
GBRLW,Carloway,58.2667,-6.7667
GBRMB,Ramsbottom,53.6333,-2.3167
GBRME,Rosemarkie,57.6,-4.1167
GBRNE,Rhosneigr,53.2333,-4.5167
GBRNN,Bernera (N Uist),57.6,-7.15
GBRNR,Bernera (Lewis),58.1833,-6.9833
GBROC,Rock,50.5333,-4.9
GBROR,Rostrevor,54.1,-6.2
GBROU,Rousay,59.1333,-2.9667
GBROY,Rosyth,56.0333,-3.4333
GBRPH,Reepham,53.2333,-3.0
GBRRB,Garrabost,58.2167,-6.2333
GBRRD,River Dart,50.3333,-3.55
GBRRO,Carron,57.4,-5.6
GBRRR,Eardiston,44.2667,14.7667
GBRSB,Birsay,59.1167,-3.2833
GBRSH,Rosneath,56.0167,-4.8167
GBRSL,Thundersley,51.55,0.5833
GBRST,Breasclete,58.2,-6.75
GBRSY,Ramsey,54.3167,-4.3833
GBRTH,Rotherham,53.4333,-1.35
GBRTL,Port Erroll,57.4,-1.8333
GBRTY,Rosehearty,57.7,-2.1
GBRUM,Ruan Minor,49.9833,-5.1833
GBRUN,Runcorn,53.3333,-2.75
GBRVF,River Fowey,50.4,-4.5833
GBRWS,Wetheringsett,52.25,1.1167
GBRYD,Ryde,50.7333,-1.1667
GBRYE,Rye,40.9667,-73.6833
GBRYL,Reynoldston,51.5833,-4.1833
GBSAA,Southend-on-Sea,51.5333,0.7
GBSAD,Sandford,50.8167,-3.6667
GBSAG,Saint Agnes,49.8833,-6.3333
GBSAI,Shanklin,50.6167,-1.1833
GBSAU,Saundersfoot,51.7,-4.7167
GBSAV,Stratford-upon-Avon,57.8833,19.0167
GBSBA,Stapleford Abbots,51.6333,0.1667
GBSBI,Stowbridge,52.6333,0.3667
GBSCB,Salcombe,50.2333,-3.7833
GBSCC,"Scalpay, Outer Hebridies",57.8667,-6.6833
GBSCF,Scapa,58.9667,-2.9833
GBSCG,"Scalasaig, Colonsay",56.0667,-6.1667
GBSCH,Stockinish,57.8,-6.1667
GBSCM,Saint Combs and Charleston,57.6667,-1.9167
GBSCN,"Scarinish, Tiree",56.5167,-6.8167
GBSCO,"Sconser, Isle of Skye",57.3,-6.1167
GBSCP,Scunthorpe,53.5833,-0.65
GBSCR,Scrabster,58.6167,-3.55
GBSCT,Stockton,52.25,-2.7
GBSDM,Sidmouth,50.6833,-3.25
GBSDO,Sandown,50.65,-1.15
GBSDQ,Sheldon,52.45,-1.7667
GBSDS,Sandside,58.5667,-3.7833
GBSDT,Bradstone,50.5667,-4.2667
GBSDW,Sandwich,51.2667,1.35
GBSEC,Southend Argyll,55.3167,-5.6333
GBSED,Salt End,53.7333,-0.2333
GBSEF,Seaforth,53.4667,-3.0167
GBSES,Sidlesham,50.7833,-0.7833
GBSEZ,Sheen,53.15,-1.8333
GBSF5,Scarcliffe,53.35,-1.4333
GBSFK,Scarfskerry,58.65,-3.2667
GBSFR,Seaford,50.7667,0.1
GBSFU,Stuartfield,57.5,-2.05
GBSFW,Scapa Flow,58.8833,-3.0667
GBSFY,Salford,53.4833,-2.2667
GBSGC,Badminton,51.5333,-2.2833
GBSGM,Sheringham,52.9333,1.2
GBSGP,Saint Margaret's Hope,58.8333,-2.95
GBSGT,Stillington,59.4667,17.3833
GBSHE,Sheffield,53.3667,-1.5
GBSHG,South Hayling,50.7833,-0.9667
GBSHK,Southwick,50.8333,-0.2333
GBSHN,Shandon,56.05,-4.8
GBSHO,Shoreham,51.3167,0.1833
GBSHS,Sheerness,50.1667,4.8333
GBSHT,Shotton,59.4667,17.3833
GBSHU,Seahouses,55.5833,-1.6667
GBSHV,Shell Haven,51.2167,5.8
GBSHX,Shieldaig,57.5167,-5.6333
GBSHY,Saint Helens,53.45,-2.7333
GBSID,Snape Bridge,52.15,1.5
GBSIL,Silloth,50.7667,4.2667
GBSJJ,Small Heath,52.45,-1.8167
GBSJL,Strangford,54.3667,-5.5667
GBSJU,Saint Just,50.1,-5.6833
GBSJY,Studland,50.6333,-1.9333
GBSKE,Skegness,53.15,0.3333
GBSKR,Skerray,58.5333,-4.3
GBSKV,Saint Keverne,50.05,-5.1
GBSKZ,Skeld,60.1667,-1.4333
GBSLB,Selby,53.7833,-1.0667
GBSLC,Saltcoats,55.6167,-4.8
GBSLV,Solva (Solfach),51.8667,-5.1833
GBSMA,Saint Marys Bay,51.0167,0.9667
GBSMC,Saint Monance (Saint Monans),56.2167,-2.7667
GBSMH,"Saint Margaret's Hope, South Ronaldsay",58.8333,-2.9667
GBSMM,Saint Michael's Mount,50.1167,-5.4667
GBSMP,Saint Sampson (Golant),50.3667,-4.65
GBSMU,Summercourt,50.35,-4.9667
GBSMV,Saint Mawes,50.15,-5.0167
GBSMW,Simonswood,53.5,-2.8667
GBSNC,Sennen Cove,50.0667,-5.7
GBSND,Southend,51.5333,0.7
GBSNJ,Sand,60.2167,-1.3833
GBSNK,Sandness,60.3,-1.65
GBSNS,Stromness,58.45,-6.3333
GBSNV,Saint Minver,50.55,-4.8667
GBSNW,St Andrews,56.3333,-2.7833
GBSOA,Stroma,58.6833,-3.1167
GBSOQ,South Queensferry,55.9833,-3.4
GBSOT,Stoke on Trent,53.0,-2.1833
GBSOU,Southampton,32.25,-64.85
GBSOW,Stanlow,52.5833,-2.3
GBSPI,Sandhaven and Pitullie,57.6833,-2.0333
GBSPQ,Stackpole Quay,51.6167,-4.9
GBSPT,Sompting,50.8167,-0.35
GBSPY,Shapinsay,59.05,-2.85
GBSQK,Saint Martins,49.95,-6.2833
GBSRC,Strathcarron,57.4333,-5.4167
GBSRH,Strathaird,57.1667,-6.05
GBSRI,Stalbridge,50.95,-2.3667
GBSRQ,Southerness,54.8667,-3.6
GBSRT,Southport,53.65,-3.0
GBSRX,Sark,49.4333,-2.3667
GBSRY,South Ronaldsay,58.7333,-2.9667
GBSRZ,Strete,50.3167,-3.6333
GBSSH,South Shields,54.9833,-1.4167
GBSSK,Shiskine,55.5167,-5.3
GBSSS,Sharpness,58.45,-6.3333
GBSSY,Selsey,50.7333,-0.8
GBST2,Stechford,52.4833,-1.8
GBSTH,Salthouse,52.9333,1.1
GBSTO,Stornoway,58.2167,-6.3667
GBSTQ,Saint Quivox,55.4833,-4.5667
GBSTR,Stranraer,54.9,-5.0333
GBSTT,Stockton-on-Tees,54.5667,-1.3167
GBSTZ,Staithes,54.55,-0.8
GBSUL,Sullom Voe,60.4667,-1.3
GBSUN,Sunderland,54.9,-1.3833
GBSUT,South Arne,56.0667,4.25
GBSVI,Sevington,51.1167,0.9
GBSVN,Stonehaven,56.9667,-2.2167
GBSVS,Saint David's,51.8833,-5.2667
GBSVT,Silvertown,51.5,0.0333
GBSVW,Seaview,50.6833,-1.3
GBSVZ,Saint Mary's,49.9167,-6.3
GBSWA,Swansea,51.6333,-3.9667
GBSWC,Sandwick,59.9833,-1.25
GBSWE,Swanage,50.6167,-1.9667
GBSWN,Swinton,53.5,-2.35
GBSWY,Scalloway,60.1333,-1.2833
GBSXE,Staxigoe,58.4333,-3.0333
GBSYL,Shinness,58.0833,-4.4667
GBSYM,Symbister,60.3333,-1.0333
GBSYR,Stourton/Leeds,53.7833,-1.5333
GBSYY,Steynton,51.7167,-5.0167
GBSZB,Sizewell Beach,52.2,1.6167
GBSZC,Saint Clement,50.25,-5.0167
GBSZT,Snizort,57.4833,-6.3167
GBTAB,"Tarbert,Harris",57.9,-6.8
GBTAD,Taddiport,50.9333,-4.15
GBTAI,Tayinloan,55.65,-5.65
GBTAM,Tameside,53.4833,-2.0833
GBTAR,"Tarbert, Loch Fyne",55.8667,-5.4167
GBTAY,Tayport,56.45,-2.8833
GBTBN,Toberonochy,56.2,-5.6167
GBTBR,Saint Brelade,49.2,-2.2
GBTBY,Torbay/Paignton,50.45,-3.5667
GBTDI,Tudweiliog,52.9,-4.6
GBTED,Stanstead,52.1,0.6833
GBTEE,Teesport,54.5833,-1.15
GBTEN,Tenby (Dinbych-y-pysgod),51.6667,-4.7167
GBTEZ,Talbot Green,53.2,-3.7833
GBTFO,Tilford,51.1833,-0.75
GBTFR,Trefforest,51.5833,-3.3167
GBTFT,Toft Shetland,60.4667,-1.2167
GBTGU,Tongue,58.4667,-4.4167
GBTHM,Topsham,50.6833,-3.45
GBTHP,Thamesport,51.4333,0.6
GBTHR,Thurso,58.5833,-3.5167
GBTHT,South Uist and Eriskay,57.0667,-7.2667
GBTIG,Tighnabruaich,55.9,-5.2333
GBTIL,Tilbury,50.9,-0.5667
GBTLD,Shetland,60.5333,-1.2167
GBTLE,Saint Helens,50.6833,-1.1
GBTLI,Tayvallich,56.0167,-5.6167
GBTLN,Talmine,58.5333,-4.4167
GBTND,Standlake,51.7167,-1.4167
GBTNG,Tingwall Orkney,59.0833,-3.05
GBTNM,Teignmouth,50.55,-3.4667
GBTNN,Hilton,43.2833,-77.6167
GBTNR,Saint Helier,49.1833,-2.1
GBTOB,Tobermory,56.6333,-6.0833
GBTOL,Tollesbury,50.9,-0.5667
GBTOR,Torquay,50.45,-3.5
GBTPB,Thorpe Bay,51.8833,0.75
GBTPO,Torpoint,50.3833,-4.2167
GBTRA,Tranmere,53.3667,-3.0167
GBTRD,Torridon,57.5333,-5.5167
GBTRL,Thornhill,53.35,-1.7
GBTRN,Troon,55.55,-4.65
GBTRO,Trefor,53.0,-4.4
GBTRR,Trearddur,53.2833,-4.6167
GBTRS,South Harris,58.0167,-6.35
GBTSO,Tresco,49.95,-6.3333
GBTTL,Tetney Terminal,53.4833,0.0167
GBTVD,Tividale,52.5167,-2.0667
GBTWL,Tingwall,60.1667,-1.2167
GBTYD,Tyddewi (St David's),51.8833,-5.25
GBTYM,Tynemouth,55.0167,-1.4333
GBTYN,Tyne,55.0,-1.4333
GBUCN,Buchan,57.9,0.0333
GBUEN,Saint Ouen,49.2167,-2.2
GBUFY,Upper Froyle,51.1833,-0.9167
GBUGH,Billingborough,52.8833,-20.0
GBUIG,Uig,57.5833,-6.3667
GBULF,Ulva Ferry,56.4833,-6.1333
GBULL,Ullapool,57.9,-5.1667
GBULS,"Ulsta, Yell",60.5,-1.1667
GBUNS,Bunessan,56.3167,-6.2333
GBUPH,Upholland,53.5333,-2.7167
GBUPI,Uppingham,52.5833,-0.7167
GBUPR,Upnor,51.4,0.5167
GBURT,Sturton by Stow,53.3,-0.65
GBUTS,Stromeferry,57.35,-5.5333
GBUYE,"Uyeasound, Unst",60.7,-0.9167
GBVEN,Ventnor,50.6,-1.2
GBVID,Vidlin,60.3667,-1.1333
GBVOE,Voe,60.35,-1.25
GBVVE,Belgrave,52.65,-2.1667
GBWAB,Wadebridge,50.5167,-4.8333
GBWAX,West Auckland,54.6333,-1.7333
GBWBF,West Burrafirth,60.3,-1.5333
GBWBY,Wembley,51.55,-0.2833
GBWCB,Whitcombe,50.6833,-2.4
GBWDN,Widnes,53.35,-2.7333
GBWEX,Withernsea,53.7333,0.3333
GBWFD,Wakefield,53.7,-1.4833
GBWFT,Waterfoot,55.0667,-6.0667
GBWGD,West Grinstead,50.9667,-0.3333
GBWGN,Wigan,53.5333,-2.6167
GBWGW,Walsgrave on Sowe,52.4167,-1.4333
GBWHE,Whitehead,54.75,-5.7
GBWHH,Isle of Whithorn,54.7,-4.3667
GBWHL,"Whitehall Village, Stronsay",59.1333,-2.6167
GBWIC,Wick Caithness,58.4333,-3.0833
GBWIG,Wigtown,54.8667,-4.4333
GBWJH,Blewbury,51.55,-1.2333
GBWKI,West Kirby,50.3167,-4.95
GBWKM,Wickham,50.9,-1.1833
GBWKO,Warkworth,55.35,-1.6
GBWL2,Willingham,52.3167,0.6667
GBWLG,Whaligoe,58.3333,-3.1833
GBWLK,Walker,54.9833,-1.55
GBWLS,Wells,-34.6,138.5
GBWLZ,Walls Shetland,60.2167,-1.5667
GBWMB,Wemyss Bay,55.8833,-4.9
GBWMD,West Mainland,60.2167,-1.3833
GBWMS,West Mersea,51.7833,0.9167
GBWND,Warndon,52.2,-2.1667
GBWNL,Whinnyfold,57.3833,-1.8667
GBWNS,Wells-next-the-Sea,52.95,-0.8333
GBWNZ,Walton-on-the-Naze,51.8667,1.2667
GBWOL,North Woolwich,51.5,0.6667
GBWOR,Workington,59.4667,17.3833
GBWOT,Worthing,50.8167,-0.3833
GBWPT,Warrenpoint,59.4833,10.3667
GBWRB,West Loch Tarbert,55.85,-5.4333
GBWRE,Wardle,53.1167,-2.5833
GBWRH,Wareham,50.6833,-2.1167
GBWRN,Warrington,53.3833,-2.6
GBWRY,Westray,49.05,4.0
GBWSM,Weston-Super-Mare,51.35,-2.9667
GBWSP,Weston Point,53.3167,-2.75
GBWTB,Whitby,54.4833,-0.6167
GBWTE,Westerleigh,51.5,-2.4167
GBWTW,Wallsend,54.9833,-1.5333
GBWUF,Wolvey,60.0167,5.8
GBWWE,West Wemyss,56.1333,-3.0833
GBWWW,Hutton Cranswick,51.6167,22.0
GBWXW,Westgate,54.7333,-2.1333
GBWYC,Wychbold,52.2833,-2.1
GBWYK,Wyke Regis,50.5833,-2.4833
GBWYR,Wyre,59.1333,-2.9667
GBWYS,Westbury on Severn,51.8167,-2.4167
GBWYX,West Bay,50.7,-2.75
GBXSS,Seal Sands,54.6333,-1.1333
GBYAP,Yapton,50.8,-0.6
GBYFR,Yell and Fetlar,60.7,-0.9667
GBYLL,Yelland,51.2167,5.8
GBYLW,Holywood,54.6333,-5.8167
GBYMO,Yarmouth,50.7,-1.5
GBYNT,Whitney,52.1167,-3.0833
GBYOS,Lydd on Sea,50.9333,0.95
GBYRK,York,40.7333,-73.9333
GBYTH,Blyth,53.3667,-1.0667
GBYVZ,Stonehouse,42.8333,17.7
GBZOY,Westonzoyland,51.1,-2.9167
GDGRE,Grenville,44.7833,-95.2
GDSTG,Saint George's,3.9,-51.8
GEABK,Sukhumi,43.0,41.0
GEANA,Anaklia,42.4,41.5833
GEIES,Khashmi,41.75,45.1667
GEKUL,Kulevi,42.2667,41.6333
GESPS,Sup'sa,42.0333,41.8
GFCAY,Cayenne,4.9333,-52.3333
GFCCY,Awala-Yalimapo,5.6833,-53.9333
GFDDC,Degrad des Cannes,4.8667,-52.2667
GFLCY,Ouanary,4.2167,-51.6667
GFOYP,Saint-Georges,3.9,-51.8
GFQKR,Kourou,5.15,-52.6333
GFREM,Degrad des Cannes-Pariacabo Pt/Remire,4.8833,-52.2833
GFSLM,Saint-Laurent-du-Maroni,5.5,-54.0333
GGACI,Alderney,49.6833,-2.2
GGGCI,Guernsey,49.4333,-2.5833
GGSPT,Saint Peter Port,49.45,-2.55
GHADA,Ada,-60.7333,-44.7333
GHAUR,Aura,50.45,4.0833
GHAXI,Axim,49.0333,8.3
GHSEK,Sekondi,59.4667,17.3833
GHSPD,Saltpond,59.4667,17.3833
GHTEM,Tema,-44.6167,170.2667
GHWEA,Winneba,43.7667,-94.1833
GIGIB,Gibraltar,69.9667,23.2333
GLAGM,Tasiilaq,65.6,-37.6333
GLDAN,Daneborg,43.25,-89.5
GLFHN,Kangerdluarssoruseg (Faringehavn,43.85,25.9667
GLGOH,Nuuk (Godthaab),64.1833,-51.75
GLJGO,Qeqertarsuaq (Godhavn),47.7,19.1333
GLJGR,Kangilinguit (Gronnedal),4.7167,7.15
GLJHS,Sisimiut (Holsteinsborg),49.5167,12.2333
GLKAN,Kangerlussuaq Havn,66.9667,-50.9333
GLKUL,Kullorsuaq,74.5833,-57.2
GLKUN,Kuummiut,65.8667,-37.0167
GLMML,Maarmorliik,71.1333,-51.2833
GLNAL,Nalunaq Gold Mine,60.3167,-44.9333
GLOBY,Illorqortoormiut (Scoresbysund),-37.9,145.2167
GLSEQ,Seqi Olivine Mine,64.9667,-51.5667
GLTNT,Tiniteqilaaq,65.9,-37.8167
GLTOV,Toqqusaq,64.8667,-52.2
GLUMD,Uummannaq,63.3167,12.5333
GMSUK,Sukuta,13.4,-16.7
GNBEL,Bel-Air,10.2333,-14.4667
GNBFA,Boffa,10.1833,-14.0333
GNBRP,Port de Boke,10.5167,-14.7167
GNCKY,Conakry,59.4667,17.3833
GNDKA,Dubreka,9.7833,-13.5
GNDPL,Dapilon,10.85,-14.5
GNKMC,Kamsar,10.6667,-14.5833
GNKMR,Port-Kamsar,10.65,-14.6167
GNKTG,Katougouma,0.05,-14.45
GNPMT,Dougoula,10.75,-14.55
GNSBY,Moresby,59.4833,10.3667
GPAIF,Baillif,16.0333,-61.7333
GPBBR,Basse-Terre,16.0,-61.7167
GPBMH,Baie-Mahault,16.2667,-61.5833
GPBOU,Bouillante,16.1333,-61.7667
GPCBE,Capesterre-Belle-Eau,16.05,-61.55
GPDHR,Deshaies,16.3,-61.7833
GPFAE,Folle-Anse,15.95,-61.3333
GPFPI,Anse-Bertrand,16.4667,-61.5167
GPGOS,Le Gosier,16.2,-61.4833
GPGRB,Grand-Bourg,15.8833,-61.3
GPMSB,Marigot,18.0667,-63.0833
GPPBG,Petit-Bourg,16.1833,-61.5833
GPPTL,Port-Louis,16.4167,-61.5333
GPPTP,Point-a-Pitre Apt,16.2333,-61.5333
GPSFC,Saint-Francois,16.25,-61.2667
GQBSG,Bata,-23.8833,-46.4167
GQPET,Punta Europa Terminal,3.7833,8.7167
GQSER,Serpentina Terminal,3.8,8.0833
GQSSG,Malabo,61.2167,17.15
GQZAF,Zafiro Terminal,3.85,8.1667
GRACL,Achladi,38.8833,22.8167
GRADL,Adamas Milos,36.7167,24.4333
GRAEF,Agia Efimia,38.3,20.6
GRAEG,Aegina,37.7333,23.4167
GRAEN,Aigion,38.25,22.0833
GRAGA,Agria,39.3333,23.0
GRAGE,Agios Georgios,38.8333,22.8833
GRAGF,Agios Nikolaos Fokidas,38.3333,22.15
GRAGG,Agistri Aiginas,37.7167,23.35
GRAGK,Agiokampos Larissas,39.6833,22.8833
GRAGM,Agia Marina Fthiotidas,38.9,22.5833
GRAGN,Agathonisi,37.45,26.9667
GRAGO,Agios Efstratios,39.5333,24.9833
GRAGT,Agio Theodoroi,37.9167,23.1167
GRAID,Aidipsou,38.85,23.0333
GRAIG,Aigiali Amorgou,36.9,25.9667
GRAIO,Alimos,37.9167,23.7167
GRAKH,Akhillion,39.0,22.9667
GRAKI,Agios Kirykos,37.6167,26.3
GRAKM,Agia Kyriaki (Trikeri Magnisia),39.0833,23.0667
GRAKO,Agios Konstantinos,38.75,22.8667
GRAKT,Aktio Vonitsas,38.95,20.75
GRALG,Plakias,35.1833,24.3833
GRALO,Alonnisos,39.15,23.8667
GRAMF,Amfilochia,38.8667,21.1667
GRAMI,Amoliani,40.3333,23.9167
GRAML,Agia Marina Lerou,37.15,26.85
GRAMR,Agia Marina Aiginas,37.7333,23.5333
GRANA,Anafi,36.35,25.7667
GRAND,Andros,37.8333,24.9333
GRANI,"Agios Nikolaos, Kriti",35.1833,25.7167
GRANL,Agnontas Skopelos,39.0833,23.7
GRANP,Antiparos,37.0333,25.0833
GRANT,Andirrion,38.3333,21.7667
GRAOK,Karpathos,35.5,27.2333
GRAON,Kounoupidiana,35.5333,24.0833
GRAOR,Agiokampos Oreon,38.9333,23.0333
GRAPE,Agia Pelagia,36.3333,22.9833
GRAPL,Amaliapolis,39.1667,22.8833
GRAPV,Asprovalta,40.7167,23.7
GRARD,Arkioi Dodekanissou,37.3833,26.7333
GRARK,Arkitsa,38.75,23.0333
GRARM,Argostolion,38.1833,20.4833
GRARS,Astros,37.4,22.7167
GRARX,Araxos,38.2,21.3833
GRASF,Agios Stefanos Corfu,39.7667,19.95
GRASS,Aspropirgos,38.0667,23.5833
GRAST,Astakos,38.5333,21.0833
GRATA,Atalandi,38.65,23.0
GRATK,Antikyra,38.3833,22.6333
GRATL,Atherinolakos Ierapetras,35.0,26.1333
GRATN,Athinios Thira Santorini,36.3833,25.4167
GRATS,Altsi,35.1667,25.8833
GRAVA,Avlida,38.4,23.6
GRAXD,Alexandroupolis,40.85,25.8667
GRCFU,Kerkira (Corfu),39.6167,19.9167
GRCHQ,Chania,35.5167,24.0167
GRCLK,Chalkida,38.4667,23.5833
GRCSF,Khora Sfakion,35.2,24.1333
GRDAF,Dafni,40.2167,24.2167
GRDIA,Diafanion,35.75,27.2167
GRDIK,Diakofti Kythiron,36.2667,23.0833
GRDMB,Dombraina Boiotias,38.2167,22.95
GRDON,Donousa Kykladon,37.1,25.8
GRDOS,Delos,37.4,25.2667
GRDPA,Drapetzona,37.95,23.6167
GRDRE,Drepano Riou,38.3333,21.85
GRDSD,Prosotsani,41.1833,23.9667
GREDI,Edipsos,38.8667,23.0333
GREEU,Eleusina,38.0333,23.5333
GREGI,Eginion,40.4833,22.5833
GRELN,Elafonissos Lakonias,36.5167,22.9833
GRELT,Eleftheres,40.85,24.3167
GREPI,Epidavros,37.6333,23.15
GRERE,Eretria,38.4,23.8
GRERK,Ereikousses Diapontioi Islands,39.8667,19.5667
GRERM,Ermioni,37.3833,23.25
GRERY,Erythres,38.2167,23.3167
GRETK,Eratini,38.3667,22.2333
GREYD,Eydilos,37.6333,26.1833
GRFAM,Farmakonissi Dodekanissos,37.2833,27.0833
GRFIS,Fiskardo,38.45,20.5667
GRFLS,Eleusis,38.0333,23.5333
GRFNR,Faneromeni Salaminas,37.9833,23.4167
GRFOL,Folegandros,36.6167,24.95
GRFOU,Fournoi,37.5,26.5
GRGAD,Gavdos Chanea,34.85,24.1167
GRGAL,Galatas Troizinas,37.5,23.45
GRGAV,Gavrion,37.8833,24.7333
GRGFD,Glyfada,37.8667,23.75
GRGLO,Glossa,39.1667,23.6167
GRGLX,Galaxidi,38.3833,22.3833
GRGLY,Glyfa Fthiotidas,38.95,22.9667
GRGMA,Agia Marina Grammatikou Attikis,38.1833,24.0667
GRGOV,Gouvion,39.65,19.85
GRGPA,Patras,38.2333,21.7167
GRGYT,Gythion,36.7667,22.5667
GRHAL,Halki Dodekanison,36.2167,27.6
GRHER,Heraklion (Iraklion),35.3333,25.1667
GRHER,Iraklion (Heraklion),35.3333,25.1667
GRHRK,Herakleia Kykladon,36.8667,25.4667
GRHYD,Hydra (Idhra),37.35,23.4667
GRHYD,Idhra (Hydra),37.35,23.4667
GRIER,Ierapetra,35.0,25.7333
GRIES,Ierissos,40.3833,23.8833
GRIGO,Igoumenitsa,39.5,20.2667
GRINO,Inousses,38.5167,26.2167
GRIOS,Ios,36.7167,25.2667
GRITA,Itea,38.4333,22.4167
GRITH,Ithaki (Ithaca),38.3667,20.7167
GRITM,Isthmia,37.9167,23.0
GRJKH,Chios,38.3667,26.1333
GRJMK,Mykonos,37.45,25.3333
GRJNX,Naxos,37.1,25.3833
GRJSH,Siteia,35.2,26.1167
GRJSI,Skiathos,39.1667,23.4833
GRJSY,Syra (Syros),60.1667,5.4667
GRJSY,Syros (Syra),60.1667,5.4667
GRJTR,Thira,36.4167,25.4333
GRJTY,Astypalaia,36.55,26.35
GRKAG,Karkinagri Ikarias,37.5167,26.0167
GRKAH,Kato Achaia,38.15,21.55
GRKAI,Kalamos Island (Lefkada),38.6167,20.9167
GRKAK,Katakolon,37.65,21.3167
GRKAP,Kapsalion (Kythira),36.15,23.0
GRKAR,Neon Karlovasion,37.8,26.6833
GRKAS,Kastellorizou (ex Megisti),36.15,29.6
GRKDM,Kardamyla,38.5333,26.1
GRKEA,Kea (Tzia),37.65,24.3167
GRKEF,Kefalos Ko,36.7333,26.9667
GRKEI,Katerini,40.2667,22.5
GRKEM,Kosta Ermionidas,37.3,23.1667
GRKER,Keramoti,40.8667,24.7
GRKGS,Kos,36.8667,27.25
GRKIM,Kimi (Kymi),38.6333,24.1
GRKIM,Kymi (Kimi),38.6333,24.1
GRKIN,Koilas Ermionidos,37.4167,23.1333
GRKIO,Kiato,38.0,22.75
GRKIP,Kiparissia,37.25,21.6667
GRKIS,Kastelli Kissamou,35.5167,23.6333
GRKLD,Kalathos Rodou,36.1167,28.0667
GRKLI,Klima,39.1333,23.65
GRKLL,Kalilimenes,34.9333,24.8
GRKLM,Kalamaki,37.9167,23.0167
GRKLX,Kalamata,37.0333,22.1167
GRKMI,Kalymnos,36.95,26.9833
GRKMS,Kimolos,36.7833,24.5833
GRKNS,Kontias Limnou,39.8333,25.15
GRKOF,Koufonissia Kykladon,36.9333,25.6
GRKPS,Kopanos,40.6333,22.1167
GRKRE,Kamares Sifnos,36.9833,24.6667
GRKRM,Kardamaina Kos,36.7833,27.15
GRKRT,Korinthos,37.9333,22.9167
GRKSA,Kassiopis,39.7833,19.9167
GRKSI,Kastos Island,38.5667,20.9167
GRKSJ,Kassos,35.4167,26.9167
GRKSK,Kamiros Skala,36.2667,27.8167
GRKSP,Kassiopi Corfu,39.7833,19.9167
GRKST,Karystos,38.0167,24.4167
GRKTP,Katapola,36.8333,25.8667
GRKTS,Keratsinion,37.9667,23.6
GRKVA,Kavala,40.9333,24.4
GRKYL,Kyllini,37.9333,21.15
GRKYM,Kimasi,38.8,23.5167
GRKYT,Kythnos,37.3833,24.4
GRLAR,Lardos Rhodes,36.0667,28.0333
GRLAV,Laurium (Lavrion),37.7167,24.0667
GRLAV,Lavrion (Laurium),37.7167,24.0667
GRLDR,Lindos Rodou,36.1,28.0833
GRLEF,Lefkandi,38.4167,23.6833
GRLEV,Lefkada (Lefkas),38.8333,20.7
GRLEV,Lefkas (Lefkada),38.8333,20.7
GRLFK,Lefkimmi,39.4167,20.1
GRLIA,Linaria,38.85,24.5333
GRLII,Limni,38.7667,23.3167
GRLIN,Linoperamata Hrakliou,35.35,25.05
GRLIP,Lipsoi,37.2833,26.7667
GRLIX,Lixuri,38.2,20.4333
GRLND,Leonidion,37.15,22.9
GRLRS,Leros,37.1833,26.8
GRLRY,Larymna,38.5667,23.2833
GRLTR,Loutro Chanion,35.2,24.0833
GRLVR,Aliverio,38.4,24.05
GRM8L,Magoula,39.8167,22.0833
GRMDR,Moudhros,39.8667,25.2667
GRMEA,Methana,37.5833,23.55
GRMEG,Megalon Livadion,37.15,24.4167
GRMEL,Mesolongion,38.3667,21.4333
GRMEN,Menidi,39.0333,21.1167
GRMET,Methoni,36.8167,21.7167
GRMGL,Magoula,38.0833,23.5167
GRMGN,Meganisi,38.6667,20.75
GRMHI,Mesta Hiou,38.2833,25.9333
GRMJT,Mytilene,39.1,26.55
GRMKP,Marathokampos Samou,37.7,26.7
GRMOL,Molyvos,39.3667,26.15
GRMON,Monemvasia,36.6833,23.05
GRMOU,Moutsouna,37.0833,25.5833
GRMPO,Mpoukaris,39.45,19.9833
GRMRM,Marmari,38.05,24.3167
GRMRS,Myrties Kalymnou,36.9833,26.9167
GRMSA,Malessina,38.65,23.2333
GRMSS,Messongis,39.4667,19.9333
GRMTR,Mathraki Diapontioi Island,39.7833,19.5167
GRMVO,Moni Vatopediou,40.3,24.2
GRMXK,Mastichari Kos,36.85,27.0667
GRMYB,Myrtos Beach,38.35,20.5333
GRMYL,Mylaki,38.3833,24.0667
GRMYR,Mirina,39.8667,25.0667
GRNAF,Nafplion,37.5667,22.8
GRNAR,Nea Artaki,38.5167,23.6333
GRNAS,Naoussa Parou,37.1167,25.2333
GRNEA,Neapolis,36.5,23.0667
GRNID,Nidhrion,38.7,20.7167
GRNIS,Nisiros,36.6167,27.1333
GRNKA,Nea Kallikratia,40.3167,23.0667
GRNKV,Nea Karvali,40.9667,24.5167
GRNMA,Nea Moudhania,40.2333,23.2833
GRNPK,Navpaktos,38.4,21.8333
GRNPY,Nea Playia,40.2667,23.2
GRNST,Nea Stira,38.1833,24.2
GROIK,Oia Kyklades,36.4667,25.3833
GRORE,Orei,38.95,23.0833
GRORO,Oropos,38.3167,23.7833
GROTH,Othonoi,39.85,19.4
GROTO,Agios Stefanos Avliotes,39.75,19.65
GROUR,Ouranopolis,40.3167,23.9833
GRP5T,Platy,40.6333,22.5333
GRPAA,Psara,38.5333,25.5667
GRPAO,Paloukia,37.9667,23.5333
GRPAR,Parga,39.2833,20.4
GRPAS,Paros,37.0833,25.15
GRPAX,Paxi,39.2,20.1833
GRPCH,Paleochora,35.2167,23.6667
GRPEB,Petani Beach,38.2667,20.3667
GRPEL,Pelasyia,38.95,22.8333
GRPEP,Palaia Epidavros,37.6333,23.15
GRPER,Perama,37.9667,23.55
GRPFA,Palaia Fokaia,37.7167,23.95
GRPGM,Perama Geras Mytilinis,39.0333,26.5
GRPHE,Porto Heli,54.6,18.8
GRPIA,Platania,39.1333,23.2667
GRPIL,Agia Galini,35.0833,24.6833
GRPIR,Piraeus,37.9333,23.6167
GRPIS,Pissaetos Ithakis,38.35,20.6833
GRPIT,Pitra,36.6833,22.8333
GRPKE,Poros Kefallinias,-21.3,165.7167
GRPKI,Prassa Kimolos,36.8167,24.5833
GRPKK,Lakkion,37.1333,26.85
GRPLC,Polychnitos Lesvou,34.1,26.1667
GRPLG,Platygiali Etoloakarnanias,38.4667,21.1
GRPLI,Pyli,40.7667,21.0333
GRPLM,Plomarion,38.9833,26.3667
GRPLV,Petra,39.3333,26.1833
GRPME,Pachi,37.9667,23.35
GRPMS,Patmos,37.3167,26.55
GRPNT,Ormos Panormou,37.65,25.05
GRPOA,Potamos Antikithera,35.8833,23.2833
GRPPI,Prinos Thassou,40.75,24.5667
GRPRE,Petries Evvoias,38.4,24.1833
GRPRN,Prasonisi Rhodes,35.8833,27.7667
GRPRO,Proti,40.95,24.0
GRPRR,Perea,40.5,22.9
GRPSA,Psakhna,38.5833,23.6333
GRPSE,Phserimos Dodekanisou,36.9333,27.1333
GRPSF,Paleohora Sfakion,35.2,24.1333
GRPSK,Pessada Kefallinnias,38.1,20.5833
GRPTC,Petriti,39.45,20.0
GRPTE,Pteleos,39.0333,22.9833
GRPTI,Plataria,39.45,20.2833
GRPTK,Politika,38.5833,23.55
GRPTL,Lagos (Porto-Lago),41.0167,25.1167
GRPTR,Poros Trizinias,-21.3,165.7167
GRPVK,Preveza/Lefkas,59.4833,10.3667
GRPXO,Antipaxoi,39.15,20.2333
GRPYL,Pylos,36.9,21.6833
GRPYR,Pyrgos,60.1667,5.4667
GRPYT,Pythagoreion,37.7,26.95
GRPYV,Peyki Evvoias,39.0,23.2167
GRRET,Rethymnon,35.3667,24.4667
GRREV,Revithoussa,37.95,23.3833
GRRHO,Rhodes,-33.8333,151.0833
GRRIO,Rio,43.45,-89.2333
GRRIZ,Rizes,36.2333,22.95
GRROU,Agia Roumeli,35.2333,23.9667
GRSAI,Sami,38.25,20.65
GRSAL,Salamis,37.9667,23.4833
GRSAM,Samothraki,40.4833,25.5167
GRSAT,Frikes Ithakis,38.4667,20.6667
GRSCR,Stavrochorion,59.4667,17.3833
GRSDH,Souda,35.5167,24.1333
GRSER,Seriphos,37.15,24.5
GRSFN,Souflion,41.2,26.3167
GRSGB,Saint George,32.3833,-64.6833
GRSGI,Sigrion,39.2167,25.85
GRSGR,Sigri Lesvou,39.2167,25.8333
GRSGT,Sagiada Thesprotias,39.6333,20.1833
GRSHA,Stavros Halkidikis,37.9667,23.6833
GRSHC,Schinousa Kykladon,36.8667,25.5
GRSHI,Shinari Zakynthou,37.9,20.7
GRSII,Sikinos,36.7,25.1167
GRSIK,Sikionia,59.4667,17.3833
GRSKA,Skaramangas,38.0,23.5833
GRSKD,Skafidia,37.7,21.3333
GRSKG,Thessaloniki,40.6333,22.95
GRSKM,Skaloma,39.6167,20.1833
GRSKO,Skopelos,39.0833,23.7
GRSKU,Skiros,38.9,24.5667
GRSLA,Souvala,37.7667,23.4833
GRSMI,Samos,60.1667,5.4667
GRSNK,Salonika,59.4667,17.3833
GRSOG,Sougia Chanion,35.2,23.8
GRSOI,Soroni,36.3667,28.0
GRSOS,Assos,38.3833,20.5333
GRSOU,Soussaki,37.9167,23.05
GRSPE,Spetsai,37.2667,23.15
GRSTI,Stratoni,57.8833,19.0167
GRSTN,Saint Nicolas,38.35,22.6833
GRSUD,Suda Bay,49.05,4.0
GRSYM,Symi,36.6,27.8333
GRSYS,Stylis (Stylida),38.9167,22.6167
GRSYS,Stylida (Stylis),38.9167,22.6167
GRSYV,Syvota,39.4,20.2333
GRTEM,Artemis,37.9667,24.0
GRTHM,Thymaina Island,37.5833,26.45
GRTHP,Thisvi Port,38.2167,22.95
GRTIL,Tilos,36.4167,27.3667
GRTIN,Tinos,37.5333,25.1667
GRTLA,Tolo Argolidos,37.5167,22.85
GRTRK,Trikeri,39.0833,23.0667
GRTRS,Thirasia,36.4333,25.35
GRTRY,Trypiti Chalkidikis,40.3667,23.9167
GRTSA,Benitsa,39.55,19.9
GRTSI,Tsingeli,39.1667,22.85
GRTSO,Thasos,60.1667,5.4667
GRTVR,Tavros,37.9667,23.6833
GRVAB,Vatika Bay,36.5,23.0333
GRVLC,Volissos (Limnia) Chios,38.4667,25.9167
GRVLM,Vouliagmeni,37.8167,23.7833
GRVOL,Volos,39.3667,22.95
GRVOM,Voudia Milos,36.75,24.5333
GRVRI,Vrisakia,38.5667,23.6
GRVSS,Vassiliki Leykadas,38.6167,20.5833
GRVTH,Port Vathy (Vathy),37.75,26.9833
GRVTH,Vathy (Port Vathy),37.75,26.9833
GRXIR,Xirokampos Leros,37.1167,26.8667
GRXKB,Xirokambion,36.9667,22.45
GRXYT,Xylokeratia Milos,36.6667,24.3667
GRXZX,Elaiokhoria,40.3333,23.1667
GRYAL,Yaltra,38.85,22.9833
GRYER,Yerakini,40.2833,23.45
GRYPS,Ypsos,39.7,19.8333
GRZAQ,Serifos,37.15,-24.5
GRZTH,Zakynthos,37.7833,20.9
GSGRV,Grytviken,-54.2667,-36.5
GSLEH,Leith Harbour,55.95,-3.1667
GTCHR,Champerico,14.3,-91.9167
GTE8C,El Carmen,15.15,-90.2333
GTELE,El Estor,69.0167,15.1333
GTLAA,La Aurora,39.05,-84.9
GTLIV,Livingston,15.8333,-88.75
GTPBR,Puerto Barrios,36.7167,25.2667
GTRIO,Rio Bravo,14.4,-91.3167
GTSNJ,San Jose,9.9333,-84.0833
GTSTC,Puerto Santo Tomas de Castilla,15.7,-88.6167
GUBRR,Barrigada,13.4667,144.7833
GUGUM,Guam,-5.1,-36.3167
GWBNT,Binta,12.4167,-15.3167
GWBOL,Bolama,11.5833,-15.4667
GWBQE,Bubaque,11.2833,-15.8333
GWCAC,Cacheu,12.2667,-16.15
GWCJA,Canjaja,12.3833,-15.35
GWFAR,Farim,12.4833,-15.2167
GWOXB,Bissau,11.85,-15.5833
GYANT,Adventure,7.0833,-58.4833
GYEVR,Everton,6.9167,-58.3333
GYGEO,Georgetown,13.2667,-61.1167
GYGFO,Bartica,42.0833,19.0833
GYLDN,Linden,6.0,-58.2833
GYNAM,New Amsterdam,52.4,4.8167
HK9YM,Yau Ma Tei,22.3167,114.1667
HKABD,Aberdeen,22.25,114.15
HKCWB,Causeway Bay,22.2833,114.1833
HKHKC,Ha Kwai Chung,22.3667,114.1167
HKHKG,Hong Kong,22.3167,114.1667
HKKWN,Kowloon,22.3,114.1667
HKTST,Tsim Sha Tsui,22.3,114.1667
HKVIC,Victoria,48.4333,-123.35
HKWNI,Wan Chai,22.2833,114.1667
HKYUE,Yuen Long,59.4667,17.3833
HMHEA,Heard Island,-53.0833,73.7167
HMMCD,McDonald Island,-53.0333,72.5833
HNAMP,Amapala,61.2167,17.15
HNOMO,Omoa,15.7667,-88.0333
HNRTB,Roatan,16.3,-86.55
HNRTM,Mahogany Bay,16.3333,-86.5
HNSAP,San Pedro Sula,-33.6833,-59.1667
HNSLO,San Lorenzo,1.25,-78.8333
HNTEA,Tela,51.5,3.4667
HR9SA,Velika Mlaka,45.7333,16.0167
HRALJ,Aljmas,45.5333,18.95
HRATL,Antenal,45.3167,13.55
HRBAK,Bakar,45.3,14.5167
HRBAS,Baska,44.9667,14.75
HRBAT,Batina,45.8667,18.8667
HRBLC,Belisce,45.7,18.4167
HRBLE,Blace,43.0167,17.4833
HRBNM,Biograd na Moru,43.9333,15.45
HRBOL,Bol,43.2667,16.65
HRBOR,Borovo,45.3667,18.9667
HRBRB,Brbinj/Lucina,44.0833,15.0
HRBRI,Brioni,44.9,13.75
HRBRV,Borovo Selo,45.4167,18.9833
HRBZA,Bozava,44.1333,14.9
HRCRA,Crikvenica,45.1833,14.7
HRCRS,Cres,44.95,14.4
HRCVT,Cavtat,42.5667,18.2167
HRDAL,Dalmacia,44.05,15.3
HRDBV,Dubrovnik,42.65,18.0833
HRDLJ,Dalj,45.4833,18.9833
HRDNC,Donje Celo,42.6833,18.0
HRDRK,Drvenik,43.15,16.25
HRDUR,Dugi Rat,43.4333,16.6333
HRERD,Erdut,45.5333,19.0667
HRFIL,Filipjakov,43.9667,15.4167
HRFNA,Fazana,44.9333,13.7333
HRGNA,Gazenica,44.1,15.2667
HRHVA,Hvar,43.1667,16.4333
HRILO,Ilok,45.2167,19.3667
HRIST,Ist,44.2667,14.7667
HRJAB,Jablanac,44.7167,14.9
HRJDR,Jadrija,43.7167,15.85
HRJSA,Jelsa,43.1667,16.7
HRKAB,Karlobag,44.5167,15.0667
HRKAL,Kali,44.0667,15.2
HRKJV,Kijevo,44.0,16.35
HRKLK,Klek,42.95,17.5667
HRKMN,Klimno,45.15,14.6333
HRKMZ,Komiza,43.0333,16.0833
HRKOR,Korcula,42.95,17.1167
HRKOS,Kostrena,45.3,14.5
HRKPR,Kaprije,43.6833,15.7167
HRKRA,Kraljevica,45.2667,14.5667
HRKRK,Krk,45.0333,14.5833
HRKRM,Koromacno,44.9667,14.1167
HRKUK,Kukljica,44.0333,15.25
HRKZA,Kneza,42.9667,17.05
HRLAM,Lamjane,44.0333,15.2
HRLKR,Lokrum,42.6167,18.1333
HRLPD,Lopud,42.6833,17.95
HRLPR,Lopar,44.8333,14.8
HRLST,Lastovo,42.7667,16.9
HRLSZ,Mali Losinj,44.5333,14.4667
HRMAK,Makarska,43.3,17.0167
HRMAL,Malinska,45.1167,14.5333
HRMAS,Maslenica,44.2167,15.5333
HRMET,Metkovic,43.05,17.6333
HRMHV,Mohovo,45.25,19.2167
HRMIL,Milna,43.3167,16.45
HRMIZ,Mali Iz,44.0333,15.1333
HRMNK,Misnjak,44.7,14.8667
HRMOD,Moscenicka Draga,45.2333,14.25
HRMOM,Momjan,45.4333,13.7
HRMRG,Merag,44.9833,14.45
HRMRJ,Muna na Zirju,43.6667,15.6667
HRMTA,Martinscica,44.8167,14.4167
HRMUR,Murter,43.8167,15.6
HRN9F,Fericanci,45.5167,17.9667
HRNDD,Novigrad (Dalmacija),44.1833,15.55
HRNOV,Novaglia,44.55,14.8833
HRNRZ,Nerezine,44.6667,14.4
HRNVD,Novi Vinodolski,45.1333,14.7833
HRNVG,Novigrad,45.3,13.55
HRNVL,Novalja,44.55,14.8833
HROMI,Omisalj,45.2167,14.55
HROMS,Omis,43.45,16.7
HRONJ,Obonjan,43.6833,15.7833
HROPA,Opatija,45.3333,14.3
HROPT,Opatovac,45.2667,19.1667
HRORB,Orebic,42.9667,17.1833
HROSI,Osijek,45.55,18.6833
HRPAG,Pag,44.4333,15.05
HRPAS,Pasman,43.95,15.3833
HRPCA,Pucisca,43.3667,16.75
HRPLA,Polace,42.7833,17.3833
HRPLE,Ploce,43.05,17.4333
HRPLM,Plomin,45.1333,14.1667
HRPMN,Pomena,42.7833,17.35
HRPNT,Punat,45.0167,14.6333
HRPOR,Porec,45.2167,13.5833
HRPRE,Preko,44.0833,15.2
HRPRI,Primosten,43.5833,15.9333
HRPRN,Prizna,44.6,14.9667
HRPRP,Prapratno,42.8167,17.6833
HRPRS,Prvic Sepurine,43.7333,15.7833
HRPRV,Prvic,43.7167,15.8
HRPRZ,Porozina,45.1333,14.1333
HRPUY,Pula,44.8667,13.8333
HRPVK,Privlaka,44.2667,15.1167
HRRAB,Rab,44.75,14.75
HRRAS,Rasa,45.0667,14.0667
HRRBC,Rabac,45.0833,14.1667
HRRES,Duga Resa,45.4167,15.4833
HRRGC,Rogac,43.4,16.3
HRRGN,Rogoznica,43.5333,15.9667
HRRJK,Rijeka,45.3333,14.4
HRROV,Rovinj,45.0833,13.6333
HRRVC,Rugvica,45.7333,16.2333
HRSAL,Sali,43.9333,15.1667
HRSBD,Slavonski Brod,45.15,18.0
HRSBR,Sobra,42.75,17.6167
HRSDR,Sudurad,42.7167,17.9167
HRSEN,Senj,44.9833,14.9
HRSGD,Stari Grad,43.1833,16.6
HRSGR,Starigrad,44.3,15.4333
HRSIB,Sibenik,43.7333,15.8833
HRSIL,Silba,44.3667,14.7
HRSIS,Sisak,45.4667,16.3667
HRSLA,Slano,42.7833,17.9
HRSLC,Selce,45.15,14.7167
HRSLO,Silo,45.15,14.6667
HRSLT,Slatine,43.5,16.35
HRSMN,Sumartin,43.2833,16.8833
HRSPL,Splitska,43.3667,16.6
HRSPU,Split,43.5,16.45
HRSRD,Skradin,43.8167,15.9167
HRSRG,Sarengrad,45.2333,19.2833
HRSSK,Susak,44.5167,14.3
HRSTM,Stomorska,43.3667,16.35
HRSTO,Ston,42.8333,17.7
HRSTP,Sustjepan,42.6667,18.1
HRSUC,Sucuraj,43.1167,17.1833
HRSUP,Supetar,43.3833,16.55
HRSUR,Sucurac,43.55,16.4167
HRSUS,Susak,45.4833,14.3167
HRSUT,Sutivan,43.3833,16.4833
HRSVJ,Sveti Juraj,44.9333,14.9167
HRSVK,Sveti Kajo,43.5333,16.45
HRTKN,Tkon,43.9167,15.45
HRTNO,Tisno,43.8,15.65
HRTNR,Tunarica,44.9667,14.1
HRTRI,Tribunj,43.75,15.75
HRTRJ,Trpanj,43.0167,17.2667
HRTRK,Trstenik,42.9167,17.4167
HRTRO,Trogir,43.5,16.25
HRTUR,Turanj,43.9667,15.4
HRUBL,Ubli,42.75,16.8333
HRUMG,Umag,45.4167,13.5167
HRUNJ,Unije,44.6333,14.2333
HRUVM,Uvala Mir,43.8833,15.15
HRVDC,Vodice,43.7667,15.7667
HRVGN,Viganj,42.9833,17.1
HRVIS,Vis,43.05,16.1667
HRVIZ,Veli Iz,44.05,15.1167
HRVLB,Valbiska,45.0333,14.5
HRVLK,Vela Luka,42.95,16.7167
HRVLN,Veli Losinj,44.5167,14.5
HRVRA,Vranjic,43.5333,16.4667
HRVRG,Vrgada,43.8667,15.5
HRVRK,Vrbnik,45.0833,14.6833
HRVRR,Vrsar,45.15,13.6
HRVRS,Vrboska,43.1833,16.6833
HRVUK,Vukovar,45.35,19.0
HRXXX,RIS Inland waterways,-38.0,145.1167
HRZAD,Zadar,44.1167,15.2333
HRZGL,Zigljen,44.5833,14.95
HRZLR,Zlarin,43.7,15.8333
HRZUT,Zut Marina,43.8833,15.2833
HTACA,Les Cayes,49.05,4.0
HTCAP,Cap-Haitien,19.75,-72.2
HTCRC,Caracol,19.6833,-72.0167
HTFOM,Fond Mombin,59.4667,17.3833
HTGVS,Gonaives,59.4667,17.3833
HTJEE,Jeremie,59.4833,10.3667
HTLFF,Lafiteau,18.6833,-72.35
HTPAP,Port-au-Prince,48.55,-58.7167
HTPEG,Petit Goave,18.4333,-72.8667
HTPLH,Lafito Port,18.6833,-72.35
HTSMC,Baie de Saint-Marc,19.1167,-72.7
HUADY,Adony,47.1167,18.8667
HUAFU,Almasfuzito,47.7,18.2667
HUAKT,Andornaktalya,47.8333,20.4167
HUALS,Alsoors,46.9833,17.9833
HUASZ,Alsozsolca,48.0667,20.8833
HUBDA,Berhida,48.1667,18.1333
HUBRS,Badacsonyors,46.8,17.5333
HUBUD,Budapest,47.5,19.0833
HUBZE,Berzence,46.2,17.15
HUBZO,Balatonszarszo,46.8333,17.8333
HUCMR,Csomor,47.55,19.2333
HUCPE,Csepel,47.4167,19.0667
HUDEB,Debrecen,59.4833,10.3667
HUDPA,Dunapataj,46.6167,18.9833
HUDRE,Dunaremete,47.8833,17.4333
HUDUU,Dunaujvaros,46.9667,18.9333
HUDVE,Dunavecse,46.9167,18.9667
HUEBS,Ebes,47.4667,21.5
HUERD,Erdobenye,48.2667,21.3667
HUFVS,Ferencvaros,47.4667,19.0833
HUGNY,Gonyu,47.7333,17.8333
HUGYO,Gyor,47.6833,17.6333
HUHAL,Halasztelek,47.3667,18.9833
HUHRT,Harta,46.6833,19.0167
HUHYF,Hegyfalu,47.35,16.8833
HUJKZ,Jaszarokszallas,47.6333,19.9667
HUKAR,Karcag,47.3,20.9167
HUKCO,Kalocsa,46.5167,19.0
HUKIA,Kisvarda,48.2167,22.0667
HUKKU,Kekkut,46.85,17.5667
HUKOM,Komarom,47.7333,18.1167
HUKOR,Kormend,47.0167,16.6
HULAB,Labatlan,47.75,18.5167
HULMY,Lagymanyos,47.4667,19.05
HUMKN,Mecseknadasd,46.2167,18.4667
HUMOH,Mohacs,46.0,18.6833
HUMTY,Martely,46.4833,20.2167
HUNGB,Nagybajom,46.3833,173.1667
HUNSZ,Neszmely,47.7167,18.35
HUNZA,Nagyrada,46.6167,17.1167
HUOOD,God,47.7,19.1333
HUPAL,Palmonostora,46.6333,19.9333
HUPES,Szigetcsep,47.2667,18.9833
HURSP,Sarospatak,48.3167,21.5667
HUSZD,Szentendre,47.7,19.05
HUSZM,Szigetszentmiklos,47.35,19.05
HUTAC,Tac,47.0833,18.4
HUTHT,Tahitotfalu,47.75,19.1
HUTOJ,Tokaj,48.1167,21.4167
HUUPS,Ujpest,47.5667,19.0833
HUVIG,Visegrad,47.8,18.9667
HUXXX,RIS Inland waterways,-38.0,145.1167
HUZAR,Aszar,47.6333,19.9667
HUZSI,Zsira,47.4333,16.6667
HUZTK,Zlate Klasy,48.1167,17.4167
IDADB,Adang Bay,49.05,4.0
IDAGR,Anggrek,0.85,122.7833
IDAJN,"Arjuna, Java",50.5167,5.15
IDAKE,Akeselaka,1.05,127.9667
IDAMA,"Amamapare, Ij",50.35,-4.7167
IDAMP,"Ampenan, Bali",25.15,121.4
IDAMQ,"Ambon, Molucas",51.1833,5.1
IDANG,Angar,-3.65,130.8333
IDANO,Anoa Natuna Pt.,5.2333,105.6
IDANR,Anyer Kidul,-6.0667,105.8833
IDAPN,Ampana,-0.8667,121.5833
IDARB,Aroe Bay,55.2667,9.75
IDASI,Asike,-6.65,140.4167
IDBAL,Balongan Terminal,-6.3833,108.4
IDBAM,Batuampar,-0.9667,102.7333
IDBAP,Batu Ampar,-0.75,109.5333
IDBEN,Benete,-8.8667,116.7167
IDBET,Belida Terminal,4.1333,105.1333
IDBGD,Bagendang,-2.7333,112.55
IDBIK,"Biak, Irian Jaya",49.05,4.0
IDBIR,Biringkassi,-4.8167,119.4833
IDBJU,"Banjuwangi, Java",50.5167,5.15
IDBLH,Balohan,5.8167,95.3333
IDBLT,Belitung,-2.8333,107.9167
IDBMT,"Bima Terminal, Jv",4.2167,7.3833
IDBMU,"Bima, Sb",4.2167,7.3833
IDBNG,Bonggala,61.2167,17.15
IDBNT,Belanak Terminal,4.1667,106.2333
IDBOA,Benoa,-8.7667,115.2167
IDBPN,Balikpapan,-1.2833,116.8333
IDBTM,Batam Island,1.0833,104.0333
IDBTN,Banten,52.7667,5.75
IDBTW,Batulicin,-3.45,115.9833
IDBUG,"Buleleng, Bali",25.15,121.4
IDBUR,Batu Ampar,1.1667,104.0167
IDBXT,"Bontang, Kl",59.4667,17.3833
IDBYQ,Bunyu,3.5,117.8
IDCBN,Cirebon (Tjeribon),-6.7333,108.5667
IDCER,Cereweh,-8.8167,116.8167
IDCIW,Ciwandan,-6.0167,105.95
IDCTO,New Priok Port,-6.0833,106.9167
IDCXP,Cilacap (Tjilatjap),-7.7333,109.0
IDDAS,"Dabo, Singkep Isl",-0.5,104.55
IDDJJ,"Jayapura, Irian Jaya",-2.5333,140.7
IDDMA,Demta,-2.3333,140.1333
IDDOB,Dobo,-5.75,134.2167
IDDOG,Donggi,-1.5333,122.25
IDELA,Elat,-5.65,133.1167
IDENO,Kuala Enok,-0.5333,103.4
IDEXS,Exspan,-1.8,105.1333
IDFKQ,"Fak Fak, Irian Jaya",44.5,-70.2167
IDFTG,Pelabuhan Futong Terminal,0.8167,102.4
IDGEE,Gee Island,0.8333,128.3167
IDGIL,"Gilimanuk, Bali",4.2167,7.3833
IDGRE,"Gresik, Java",-7.15,112.65
IDGTO,"Gorontalo, Sulawesi",44.85,12.3
IDGTS,Gatot Subroto Permai,-8.6333,115.2
IDIBT,Indonesia Bulk Terminal,53.05,5.85
IDINA,Inanwatan,-2.1333,132.1667
IDJBK,Jababeka,-6.25,107.15
IDJBT,Jabung Terminal,-0.8833,104.0667
IDJEP,Jepara,-6.5833,110.65
IDJIP,Jogja Inland Port,-7.9,110.3833
IDJKT,"Jakarta, Java",-6.1333,106.8333
IDJOR,Jorong Anchorage,-4.1833,115.1
IDJPU,Jakarta Pusat,-6.1833,106.8333
IDJWA,Jawa Timur,-7.7333,112.5
IDKAH,Kahayan Bay,49.05,4.0
IDKAM,"Kambunong, Celebes",47.4667,21.5
IDKAR,"Karosa, Sulawesi",55.2667,9.75
IDKAS,"Kasim, Ij",36.1833,29.6333
IDKAU,Kau,1.1833,127.9
IDKBH,Kalabahi,-8.2167,124.5167
IDKDW,Kendawangan,-2.5333,110.2
IDKGH,Krueng Geukueh,5.25,97.0333
IDKHY,Kahyangan,-8.4833,116.6667
IDKID,"Kidjang, Bintan",12.4167,-15.3167
IDKKA,"Kuala Kapuas, Kl",61.2167,17.15
IDKKB,"Kunak, Borneo",51.0333,5.8167
IDKMD,Komodo,-8.5833,119.5
IDKNL,Kolonodale,-1.9667,121.3333
IDKNT,Kakap Natuna Terminal,5.0167,105.95
IDKOJ,Koja,-6.3,106.3833
IDKOK,Kokas,-2.7,132.4333
IDKOL,Kolaka,-4.05,121.5667
IDKPL,Kampung Laut,-0.9,103.8
IDKPN,"Kotapinang, Baru",42.2667,8.75
IDKRG,Kariangau,-1.1667,116.7833
IDKSE,Kassue,-6.9833,139.2167
IDKSO,Kalbut Situbondo,-7.6167,113.8833
IDKTJ,Kualatanjung,3.35,99.4833
IDKUA,Kualalangsa,4.5333,98.0167
IDKUM,Kumai,-2.7333,111.7167
IDLAH,"Labuha, Molucas",-0.6167,127.4833
IDLAT,"Lalang Terminal, St",61.2167,17.15
IDLBM,Lobam,1.0,104.2667
IDLBO,Labuan Bajo,-8.5,119.8833
IDLBR,Lembar,-8.7333,116.0667
IDLKI,Loki,-3.3,128.05
IDLOM,Lombok,-8.5,116.6667
IDLSW,Lhokseumawe,5.1667,97.1333
IDLTT,Lubuk Tutung,0.7667,117.7333
IDMAI,Mapia Island,0.8833,134.3167
IDMAK,Makassar,-5.1167,119.4
IDMAR,Marabahan,-2.9833,114.7667
IDMBK,Muara Bangkong,0.4,103.7833
IDMDR,Madura Terminal,-6.85,112.95
IDMES,"Medan, Sumatra",51.6667,0.9
IDMGB,Manggis,-8.4833,115.5167
IDMIT,Misool Terminal,-1.5667,130.5167
IDMKJ,Mangkajang,2.1333,117.7333
IDMKQ,"Merauke, Irian Jaya",44.5,-70.2167
IDMKW,"Manokwari, Irian Jaya",44.5,-70.2167
IDMNT,"Mantang, Riau",-0.95,-80.7333
IDMOF,"Maumere, Flores",59.4833,10.3667
IDMOR,Mornopo,0.7833,128.2167
IDMOW,Morowali,-1.8667,121.5
IDMPN,Muara Pantai,9.45,8.4667
IDMRI,"Musi River, Sumatra",43.7333,4.2
IDMRK,"Merak, Java",50.5167,5.15
IDMSB,Muara Siberut,-1.5833,99.2
IDMSK,Muara Sabak,-0.8,103.9167
IDMUW,Muara Teweh,-56.9667,114.9
IDNIP,Nipah,1.1167,103.55
IDNPL,North Pulau Laut,-3.2167,116.2667
IDPAC,Paciran,-6.8667,112.3333
IDPAG,"Pagatan, Kalimantan",-0.95,-80.7333
IDPAL,Palu,-0.8833,119.85
IDPAS,Pasir Panjang,1.2667,103.7833
IDPAZ,"Pasuruan, Java",-7.6333,112.9
IDPBB,Pelabuhan Badas,-8.45,117.3667
IDPBJ,Pulau Bunyu,-0.3,115.8667
IDPDG,Padang,-0.95,100.35
IDPER,Perawang,1.0667,102.8667
IDPEX,"Pekalongan, Java",50.5167,5.15
IDPGA,Pagerungan,-6.9167,115.9167
IDPGM,Pagimana,-0.8,122.6167
IDPGX,"Pangkal Balam, Banka",45.0,-79.6
IDPIR,Piru,-3.0667,128.1833
IDPKN,Pangkalanbuun,61.2167,17.15
IDPKS,"Pangkalan Susu, Sumatra",61.2167,17.15
IDPLA,"Plaju, Sumatra",-2.9833,104.8
IDPMG,Port Meneng,50.8,3.1167
IDPMK,Pomako,-4.8,136.7667
IDPNJ,Panjang,-7.1833,115.7833
IDPNK,"Pontianak, Kalimantan",-0.95,-80.7333
IDPNN,"Pamanukan, Java",50.5167,5.15
IDPOT,Poto Tano,-8.5167,116.8333
IDPPO,"Palapo, Sulawesi",-3.0833,120.2333
IDPPS,Pulangpisau,44.8667,13.8333
IDPRN,"Panarukan, Java",50.5167,5.15
IDPRO,"Probolinggo, Java",50.5167,5.15
IDPSJ,"Poso, Sulawesi",2.8333,8.0
IDPSS,"Pulau Sambu, Riau",44.8667,13.8333
IDPTK,Padang Tikar,-0.6667,109.2667
IDPUM,"Pomalaa, Sulawesi",-4.0333,121.5833
IDPUT,Pulau Laut,-3.2833,116.15
IDPWG,Perawang,0.6333,101.6167
IDREO,Reo,-8.3167,120.5
IDRGT,"Rengat, Sumatra",59.4833,10.3667
IDRNI,Ranai,3.9167,108.3833
IDSAD,"Sadau, Borneo",51.0333,5.8167
IDSAN,"Sanang, Celebes",47.4667,21.5
IDSAP,Sape,-8.5667,118.9833
IDSAS,Sasayap,49.05,4.0
IDSAT,"Santan Terminal, Kl",4.2167,8.3167
IDSBG,"Sabang, Sumatra",17.6333,-63.2333
IDSBM,Subaim,1.1167,128.1667
IDSBS,"Sambas, Kalimantan",-0.95,-80.7333
IDSDA,Durian,1.0167,103.5667
IDSEB,"Sebangan Bay, Kalimantan",-0.95,-80.7333
IDSEP,Sepanjang Terminal,-7.1833,115.7833
IDSGG,Senggigi,-8.5,116.05
IDSGO,Port Segoro Fajar Satryo/Jakarta,44.85,12.3
IDSGU,Sanggau,0.1167,110.6
IDSID,Sidangoli,0.9,127.4833
IDSKI,"Sangkulirang, Kalimantan",-0.95,-80.7333
IDSKP,Sekupang,1.1333,103.9333
IDSKW,"Singkawang, Kalimantan",-0.95,-80.7333
IDSLG,"Sibolga, Sumatra",43.2667,16.65
IDSMB,"Semangka Bay, St",49.05,4.0
IDSMQ,"Sampit, Kalimantan",-0.95,-80.7333
IDSOQ,Sorong,59.4667,17.3833
IDSPA,"Selat Pandjang, Sumatra",-5.65,133.1167
IDSPH,Senipah Terminal,1.1167,103.55
IDSRG,Semarang,-6.9667,110.4833
IDSRI,"Samarinda, Kalimantan",-0.95,-80.7333
IDSTN,Setagin,-3.2833,116.1667
IDSUA,Suaran,2.05,117.7
IDSUB,Surabaya,-7.2333,112.75
IDSUK,Sukabumi,-65.85,106.9167
IDSUM,Sumenep,-7.05,113.95
IDSUN,Sunut,-8.8667,116.55
IDSUP,"Sumenep, Madura",-7.05,113.95
IDSWT,Salawati Terminal,-1.35,131.0
IDSZA,Cikande,-6.2,106.35
IDSZH,Senipah,-0.95,117.15
IDTAB,Taboneo,-3.6833,114.4167
IDTAN,Tanjunguban,1.05,104.2333
IDTAR,Tarjun,-3.2667,116.0833
IDTBL,Toboali,-3.0,106.5
IDTBO,Tobelo,9.55,-79.65
IDTBR,Telukbayur,-1.0,100.3667
IDTBU,Tanjung Buli,0.8333,128.25
IDTEG,"Tegal, Java",50.5167,5.15
IDTER,Terempa,3.2167,106.2167
IDTJB,Tanjungbalai,1.0,103.4333
IDTJQ,Tanjung Pandan,-2.75,107.65
IDTKA,"Telok Ayer, Kalimantan",-0.95,-80.7333
IDTME,Tanjung Merangas,0.0333,117.5167
IDTMK,Timika,-4.75,136.55
IDTNJ,Tanjungpinang,0.9167,104.45
IDTPN,Tanjung Pemancingan,-3.1833,116.2667
IDTRH,Tarahan,-5.5667,105.3667
IDTRK,"Tarakan, Kalimantan",-0.95,-80.7333
IDTTE,"Ternate, Halmahera",50.8667,4.1833
IDTUA,Tual,-5.6333,132.7333
IDTZD,Amurang,1.1667,-124.5667
IDUDG,Udang Natuna Terminal,4.0167,106.4667
IDWAI,Wainibe,-3.0667,126.5333
IDWAN,Wanam,-7.55,139.1
IDWED,Weda,0.3333,127.8833
IDWGP,"Waingapu, Sumba",-9.65,120.2667
IDWSS,Wamsasi,-3.5667,126.1667
IEALQ,Alexandra Quay,49.05,4.0
IEARD,Ardmore,51.95,-7.7167
IEATN,Annacotty,52.4,-8.3
IEBBG,Balbriggan,53.6167,-6.1833
IEBGY,Ballynacargy,53.5667,-7.5333
IEBHT,Blanchardstown,53.3833,-6.3667
IEBIF,B & I Ferryport,49.7333,0.3167
IEBLL,Ballina,54.1167,-9.1667
IEBNA,Ballina,52.8,-8.4333
IEBNG,Bangor,54.1333,-9.7333
IEBTH,Bantry Harbour,51.6833,-9.45
IEBTM,Baltimore,39.2833,-76.6167
IEBUR,Burtonport,54.9833,-8.4333
IEBVD,Ballydavid,52.2167,-10.35
IEBYT,Bantry,51.6833,-9.45
IECAR,Carlingford,-33.7833,151.05
IECFI,Castlefinn,54.8,-7.6
IECFN,Donegal,59.4667,17.3833
IECHE,Cahirciveen,51.95,-10.2167
IECLC,Clarecastle,52.8167,-8.95
IECLD,Clare Island,53.8,-9.95
IECLG,Clogherhead,53.7833,-6.2333
IECRS,Carrick-on-Suir,52.3333,-7.4
IECTB,Castletown Bearhaven,51.65,-9.9167
IEDCN,Duncannon/Saint Helens,52.2167,-6.9833
IEDFA,Dublin-Ferryport Terminal 1,53.3167,-6.1833
IEDFB,Dublin-Ferryport Terminal 2,53.3167,-6.2
IEDFC,Dublin-Ferryport Terminal 3,53.3167,-6.2333
IEDFT,Dublin-Dublin Ferryport Terminals,53.3167,-6.2333
IEDFY,Dunfanaghy,55.1833,-7.9667
IEDGV,Dungarvan,52.5833,-7.0833
IEDIN,Dingle,53.3833,-2.95
IEDLG,Dun Laoghaire,53.3,-6.1333
IEDMF,Drogheda Maxol Facility,53.7167,-6.3333
IEDNM,Dunmore East,59.4833,10.3667
IEDPP,Drogheda Premiere Periclase,53.7167,-62.5167
IEDRO,Drogheda,53.7167,-6.3333
IEDUB,Dublin,43.5,-81.2833
IEDWE,Ennistymon,52.9333,-9.2833
IEEBF,Broadford,53.7833,-1.75
IEEKY,Easkey/Rathlee,54.2833,-8.9667
IEESB,ESB Poolbeg-Dublin,53.3333,-6.1833
IEFEN,Fenit,52.2667,-9.8667
IEFGY,Coolock,53.3833,-6.1833
IEFIN,Fintona,54.5,-7.3167
IEFOV,Foynes,53.05,5.85
IEFPD,Flogas Products Drogheda,53.7167,-6.35
IEFRW,Ford's Wharf (Topaz Energy Terminal),51.8833,-8.4333
IEFTD,Fethard/Slade,52.2,-6.8333
IEGGA,Glengarriff,51.75,-9.55
IEGOW,Gowran,57.6167,-7.4
IEGRE,Greencastle,55.2,-6.9833
IEGRN,Greenore,59.4833,10.3667
IEGRT,Gortahork,55.1167,-8.1333
IEGWY,Galway,49.05,4.0
IEKIN,Kilronan,53.1167,-9.6667
IEKLA,Killala,61.2167,17.15
IEKLN,Kinsale,34.0333,-6.8
IEMAG,Maghera,45.45,12.2167
IEMAR,Marshmeadows/New Ross,52.3833,-6.95
IEMOT,Moneypoint,59.4667,17.3833
IEMOV,Moville,55.1833,-7.0333
IEMRT,Magheraroarty,55.1333,-8.1667
IEMTL,Dublin-Marine Terminal,53.3333,-6.2333
IENAY,Newtonabbey,54.65,-5.9333
IENET,Newport,53.8833,-9.5333
IENEX,Newtown,-37.7,143.65
IENRR,New Ross-Raheen/Roberscon,52.3833,-6.95
IENRS,New Ross,52.3833,-6.9333
IEPAP,Parnell Place,50.35,-4.7167
IEPAW,Passage West,51.8667,-8.35
IERAT,Rathmullan,55.1,-7.5333
IERAV,Rossaveel,53.2667,-9.55
IERDM,Rathdrum,52.9167,-6.2333
IERDT,Ringaskiddy Deepwater Terminal,51.8333,-8.3167
IERIN,Ringaskiddy,51.8333,-8.3167
IEROE,Rosslare,51.7667,5.5333
IEROS,Rosslare Harbour,51.7667,5.5333
IERPT,Ringaskiddy Passenger Terminal,51.8333,-8.3167
IERRR,Kildorrery,52.2333,-8.4167
IERSM,Rossaveel,53.2667,-9.55
IERTN,Ramelton,55.0333,-7.6333
IERUS,Rushbrooke,51.85,-8.3167
IESKL,Skull,51.5167,-9.5333
IESNN,Shannon,52.7,-8.85
IESNR,Stokestown/New Ross,52.35,-6.9833
IETAR,Tarbert,57.9,-6.8
IETME,Tramore,59.4833,10.3667
IETOB,Tober,53.3667,-7.65
IETQY,Town Quays/Drogheda,53.7167,-6.3333
IETRP,Tom Roes Point Terminal/Drogheda,53.7167,-6.3
IEUHL,Unionhall,51.55,-9.15
IEWAT,Waterford,52.25,-7.1
IEWCQ,Waterford City Quays,52.25,-7.1
IEWES,Westport,44.6833,-76.4
IEWGI,Waterford Great Island (ESB),52.2667,-6.9833
IEWIL,Wilton,59.4667,17.3833
IL8UH,Gush Halav,33.1667,35.4333
ILACR,Acre,50.7333,3.85
ILAKK,Akko,32.9167,35.0667
ILAKL,Ashkelon,59.4667,17.3833
ILAS2,Mishor Adumim,31.7833,35.3167
ILASH,Ashdod,31.8167,34.65
ILAST,Ashdod Southport,31.8167,34.65
ILBGV,Binyamina-Giv'at Ada,32.5167,34.9333
ILETH,Elat (Eilath),50.6167,3.7667
ILHBT,Haifa Bayport,32.8,34.9833
ILHFA,Haifa,32.8,34.9833
ILJUL,Julis,31.6833,34.65
ILKFV,Kfar Vitkin,32.3667,34.8667
ILKY7,Karmei Yosef,31.8333,34.9167
ILM8A,Magshimim,32.0333,34.9
ILMSP,Haifa Israel Shipyards Port,32.8,34.9833
ILNAB,Nabulus,32.2167,35.25
ILNAT,Netanya,32.3333,34.8667
ILOFR,Ofra,31.95,35.25
ILTIB,Tiberias,32.8,35.5333
ILTLV,Tel Aviv-Yafo,32.05,34.75
IMCTN,Castletown,54.0833,-4.65
IMDGS,Douglas,54.1667,-4.4833
IMPEL,Peel,54.2167,-4.7667
IMPER,Port Erin,54.0833,-4.7667
IMPSM,Port Saint Mary,54.0667,-4.7333
IMRAM,Ramsey,54.3167,-4.3833
IMSAN,Santon,54.1167,-4.5833
INACH,Achra,57.8833,-5.3833
INAIS,Amini Island,11.1167,72.7333
INALA,Alang SBY,61.2167,17.15
INALF,Alleppey,9.4833,76.3167
INANL,Arnala,61.2167,17.15
INATU,Attur,12.7333,79.95
INBDH,Bhadohi,25.4167,82.5667
INBDQ,Vadodara,22.3,73.2
INBEY,Beypore,59.4833,10.3667
INBHM,Bheemunipatnam,55.3667,-4.5
INBHU,Bhavnagar,21.7667,72.1333
INBLK,Belekeri,50.95,3.6333
INBLM,Bilimora,39.6667,-3.7667
INBOM,Mumbai (ex Bombay),18.9667,72.8167
INBPQ,Pratapganj,26.3,86.9667
INBPT,Bangarapet,12.9833,78.1833
INBRU,Bharuch,21.7,72.9667
INCAM,Cambay,49.05,4.0
INCBL,Chandbali,25.15,121.4
INCCJ,Kozhikode (ex Calicut),11.25,75.7667
INCCU,Kolkata (ex Calcutta),22.5667,88.35
INCDL,Cuddalore,59.4833,10.3667
INCOK,Kochi,9.9667,76.2667
INCOL,Colochel,46.2833,4.7667
INDAM,Daman,47.5167,-2.5833
INDIG,Dighi (Pune),18.25,72.9667
INDIU,Diu,44.2667,28.5667
INDIV,Div,-39.8167,-73.2167
INDMA,Dhamara,20.8,86.9
INDMQ,Dhamra Port,20.8167,86.95
INDRL,Dabolim,43.2667,16.65
INDWA,Dwarka,20.75,70.6667
INEKM,Ernakulam,9.9833,76.2833
INENR,Ennore,59.4833,10.3667
INERO,Erode,11.35,77.7333
INESH,Elphinstone Harbour,42.8333,17.7
INGAN,Gandhar,21.0833,72.6333
INGGA,Gogha,21.6833,72.2667
INGGV,Gangavaram,17.65,83.25
INGHA,Ghogha,21.6833,72.2667
INGND,Greater Nodia,28.8167,77.8833
INGNO,Greater Noida,28.4667,77.5167
INGRR,Garden Reach,22.5167,88.3
INHAL,Haldia,58.8,22.45
INHGT,Hangarkatta,-3.65,130.8333
INHIP,Himachal Pradesh,4.2167,7.3833
INHON,Honavar,59.4667,17.3833
INHWR,Honawar,59.4667,17.3833
INHZA,Hazira Port/Surat,21.0833,72.6167
INICD,New Delhi,28.6,77.2
INIXE,Mangalore,59.4833,10.3667
INIXJ,Jammu,32.7,74.85
INIXM,Madurai,9.9333,78.1167
INIXY,Kandla,23.0333,70.2167
INJBD,Jafarabad,20.85,71.3667
INJDG,Jodhpur,21.8833,70.0333
INKAR,Karur,10.95,78.0833
INKAT,Kattupalli,13.3,80.35
INKDP,Kondiapetnam,59.4667,17.3833
INKHO,Khodiyar,23.05,72.9333
INKON,Konarak,59.4667,17.3833
INKPI,Kalpeni Island,10.0667,73.6333
INKRI,Krishnapatnam,55.3667,-4.5
INKSG,Kasargod,47.7,19.1333
INKTK,Toranagallu,15.2,76.6833
INKTP,Kattupalli Port,13.3,80.3833
INKVI,Kavi,62.45,6.3333
INKVL,Kovalam,61.2167,17.15
INLNG,Lapanga,21.7333,84.0167
INMAA,Chennai (ex Madras),13.0833,80.2833
INMAC,Machilipatnam,16.1833,81.1333
INMAH,Mahe,11.7,75.5333
INMAP,Masulipatnam,55.3667,-4.5
INMDK,Mul Dwarka,20.75,70.6667
INMDV,Mandvi,22.8333,69.3667
INMDW,Meadows,52.3833,-6.95
INMLI,Maroli,55.2667,9.75
INMOB,Morbi,22.8167,70.8333
INMRA,Mora,39.6667,-3.7667
INMRI,Mithivirdi,21.4667,72.2333
INMRK,Malappuram,61.2167,17.15
INMRM,Marmagao (Marmugao),15.4,73.7833
INMRM,Marmugao (Marmagao),15.4,73.7833
INMUG,Munger,25.3833,86.4667
INMYB,Mayabandar,49.05,4.0
INNDG,Nandgaon,59.4667,17.3833
INNEE,Nindakara,8.9333,76.5333
INNEL,Nellore,51.2167,5.8
INNGC,Nagercoil,8.1667,77.4333
INNHV,Nhave,18.95,72.9667
INNML,New Mangalore,59.4833,10.3667
INNPT,Nagappattinam,10.7833,79.8167
INNTU,New Tuticorin,8.75,78.2167
INNVB,Navabunder,6.1167,105.2833
INOKH,Okha,53.5667,143.0
INONJ,Onjal,59.4667,17.3833
INORS,Orissa,20.2333,84.2667
INPAV,Pipavav (Victor) Port,20.9667,71.55
INPNN,Ponnani,59.4667,17.3833
INPNY,Pondicherry,11.9167,79.8167
INPPT,Paradip Port,20.25,86.5833
INPPV,Port Pipavav,20.9333,71.5167
INPRG,Purangad,18.8833,72.9333
INPRN,Portonovo,6.4833,2.6167
INPRT,Paradip Garh,20.3167,86.6167
INPST,Positra,22.4,69.1667
INPUR,Puri,42.25,3.1333
INQUI,Quilon,-17.65,-71.3333
INRED,Redi,59.4833,10.3667
INRGT,Ranghat Bay,49.05,4.0
INRJP,Rajpara/Navabunder,50.35,-4.7167
INRKG,Rajakkamangalam,58.8333,26.95
INRNR,Ranpar,50.35,-4.7167
INROZ,Rozi,22.5667,70.0333
INRVD,Revdanda,59.4833,10.3667
INSAD,Sanathnagar,50.6167,3.7667
INSAL,Salaya,49.05,4.0
INSAM,Samalkot,17.05,82.1833
INSIK,Sika,22.4333,69.8333
INSIL,Siliguri,26.7167,88.4167
INSIM,Sima/Navabunder,6.1167,105.2833
INSKK,Sikkim,27.3167,88.6167
INSRV,Surasani-Yanam,45.0667,14.0667
INSTV,Surat,21.1667,72.8333
INSWA,Sahnewal,30.85,75.95
INSWD,Shriwardhan,33.85,-81.7167
INTAD,Tadri,14.5167,74.35
INTEL,Tellicherry,50.5167,8.8167
INTHL,Thal,48.6833,16.8667
INTHN,Thane,19.2,72.9667
INTJA,Talaja,61.2167,17.15
INTKS,Tenkasi,36.1833,29.6333
INTMP,Trombay,49.05,4.0
INTND,Tondi,59.4667,17.3833
INTPN,Talpona,59.4667,17.3833
INTRA,Tranquebar,42.0833,19.0833
INTRV,Thiruvananthapuram (ex Trivandrum),8.4833,76.9167
INTUN,Tuna,10.4833,-84.65
INTUT,Tuticorin,8.7833,78.1333
INTYR,Tirukkadayyur,49.05,4.0
INULW,Ulwa,-36.0,146.0
INUMR,Umarsadi,35.8667,14.4833
INURA,Uran,18.8833,72.9333
INVRU,Vadarevu,59.4833,10.3667
INVTZ,Visakhapatnam,17.7,83.3
INVYD,Vijaydurg,49.05,4.0
INVZJ,Vazhinjam,8.3833,77.0
INWAD,Wada,18.9833,73.75
INZUM,Tumkur,16.5,77.0833
IQALF,Abu Al Fulus,6.1167,105.2833
IQASD,Al Asad,33.7833,42.4333
IQBGW,Baghdad,33.3333,44.3833
IQBSR,Basra,29.75,48.8333
IQFAO,Fao,41.5167,-8.7667
IQHIL,Al Hillah,32.4833,44.4333
IQKAR,Karbala,45.0,-79.6
IQKHA,Khor Al Amaya,50.55,5.3167
IQMAB,Basrah Oil Terminal,29.75,48.8333
IQMAN,Mandali,58.0167,7.45
IQNJF,Najaf,31.9833,44.3
IQNSR,Nasiriyah,31.05,46.25
IQOSM,Mosul (Ak Mawsil),36.1667,42.5833
IQSAM,Samarra',34.2,43.8667
IQTJI,Taji,33.5167,44.2667
IQTQD,Al Taqaddum,33.3333,43.5833
IQUQR,Umm Qasr Port,30.0333,47.9333
IQZAO,Zakho,37.1333,42.7
IRAMD,Bandar Amirabad,36.7833,53.35
IRAMP,Amir Abad Pt,36.0833,52.3667
IRASA,Asaluyeh,27.4667,52.6
IRBAM,Amirabad,26.85,54.3667
IRBAZ,Bandar-e Anzali,37.4667,49.4667
IRBIK,Imam Khomeini Pt/ Mahshahr City,30.4167,49.0667
IRBKK,Bandar-e Emam Khomeyni,30.4333,49.1
IRBKM,Bandar Khomeini,30.4333,49.1
IRBMR,Bandar Mashur,30.55,49.1833
IRBND,Bandar Abbas,27.1833,56.2667
IRBPA,Bandare Parsian,27.1667,52.9
IRBRG,Bandar-e Gaz,36.7833,53.95
IRBSR,Bandar Shahid Rajaee,27.1167,56.0667
IRBUZ,Bushehr,28.9667,50.8333
IRCYT,Soroosh (Cyrus) Terminal,29.0333,49.4667
IRDAY,Dayyer,27.8333,51.9333
IRFKR,Freidoon Kenar,36.7,52.55
IRIMH,Imam Hasan,4.2167,7.3833
IRKAS,Kashan,36.1833,29.6333
IRKAV,Kuvei,26.95,56.0
IRKSH,Kermanshah (Bakhtaran),34.3,47.05
IRLVP,Lavan,47.1333,5.5833
IRMRX,Bandar-e Mah Shahr,30.5333,49.1667
IRNEK,Bandar Neka,36.8667,53.5333
IRNKA,Neka,36.8333,53.2667
IRSBR,Shahid Bahonar,27.1333,56.2
IRSIX,Sari,-25.8,-64.9667
IRSRA,Sarooj Anchorage,27.7333,52.15
IRSRP,Shahid Rajaee Pt/Bandar Abbas,27.1167,56.0667
IRTMB,Tombak,27.7167,52.1667
ISAKR,Akranes,53.05,5.85
ISAKU,Akureyri,59.4833,10.3667
ISASS,Arskogssandur,65.9333,-18.3667
ISBAK,Bakkafjordur,66.0333,-14.8
ISBGJ,Borgarfjordur eystri,40.9833,37.8667
ISBIL,Bildudalur - hofn,59.55,10.0333
ISBLO,Blonduos,60.1667,5.4667
ISBOL,Bolungarvik,66.1333,-23.25
ISBOR,Borgarnes,53.05,5.85
ISBRE,Breiddalsvik,59.4833,10.3667
ISBRJ,Brjanslakur,65.5333,-23.2
ISBUD,Budardalur,65.1167,-21.7667
ISDAL,Dalvik,65.9667,-18.5333
ISDJU,Djupivogur,64.65,-14.2833
ISDPV,Djupavik,69.75,20.5
ISDRA,Drangsnes,53.05,5.85
ISESK,Eskifjordur - hofn,59.55,10.0333
ISFAS,Faskrudsfjordur,40.9833,37.8667
ISFEY,Flatey,65.3667,-22.9333
ISGRB,Gardabaer,64.0833,-12.9333
ISGRE,Grenivik,65.95,-18.1833
ISGRF,Grundarfjordur,40.9833,37.8667
ISGRI,Grindavik,63.8333,-22.4333
ISGUF,Gufunes/Reykjavik,64.15,-21.95
ISHAF,Hafnarfjordur,40.9833,37.8667
ISHEL,Helguvik,64.0333,-22.55
ISHFN,"Hofn, Hornafjordur",64.25,-15.2167
ISHNR,Hafnir,63.9167,-22.6833
ISHOF,Hofsos,65.9,-19.4333
ISHUS,Husavik - hofn,59.55,10.0333
ISHVR,Midsandur,60.2167,-1.3833
ISISA,Isafjordur - hofn,59.55,10.0333
ISKEV,Keflavikurkaupstadur,1.1833,127.9
ISKJF,Skerjafjordur,40.9833,37.8667
ISKOP,Kopasker - hofn,59.55,10.0333
ISKOV,Kopavogur,64.1,-21.9167
ISKRO,Krokfjardarnes,53.05,5.85
ISLAN,Landeyjahofn,61.5167,-20.1167
ISLSA,Litli Sandur,64.4,-21.45
ISMJH,Mjoeyrarhofn,64.9167,-13.95
ISMJO,Mjofjordur,40.9833,37.8667
ISMOS,Mosfellsbaer,64.1667,-21.7167
ISNES,Neskaupstadur,1.1833,127.9
ISNOU,Nordurfjordur,40.9833,37.8667
ISOLF,Olafsfjordur,40.9833,37.8667
ISOLV,Olafsvik,64.8833,-23.7167
ISOSP,Ospakseyri,65.45,-21.4333
ISPAT,Patreksfjordur - hofn,59.55,10.0333
ISRAU,Raufarhofn,66.45,-15.95
ISREY,Reykjavik,64.15,-21.95
ISRFJ,Reydarfjordur,59.4833,10.3667
ISRHA,Reykholar,65.45,-22.2
ISRIF,Rif-Hellisandur,60.2167,-1.3833
ISSAN,Sandgerdi,60.2167,-1.3833
ISSAU,Saudarkrokur - hofn,59.55,10.0333
ISSEY,Seydisfjordur,40.9833,37.8667
ISSIG,Siglufjordur - hofn,59.55,10.0333
ISSKA,Skagastrond,65.8333,-20.3167
ISSTD,Stodhvarfjordur,43.1667,16.4333
ISSTR,Straumsvik,57.8833,19.0167
ISSTY,Stykkisholmur - hofn,58.9,-2.9
ISSUD,Sudureyri/Sugandafjord,69.9833,19.4
ISSVA,Svalbardseyri,42.0833,19.0833
ISTAL,Talknafjordur/Sveinseyri,40.9833,37.8667
ISTHH,Thorlakshofn,59.55,10.0333
ISTHN,Tjorneshofn,53.05,5.85
ISTHO,Thorshofn,59.55,10.0333
ISVES,Vestmannaeyjar - hofn,59.55,10.0333
ISVOG,Vogar,63.9833,-22.3833
ISVPN,Vopnafjordur,65.75,-14.8333
ITAAS,Marina di Davoli,38.6667,16.55
ITACL,Aci Castello,37.55,15.1333
ITACT,Aci Trezza,37.5667,15.1667
ITADA,Andora,43.95,8.15
ITAEL,Castel Volturno,41.3333,13.9333
ITAGP,Agropoli,40.35,14.9833
ITAHO,Alghero,40.55,8.3167
ITALS,Alassio,44.0,8.1667
ITAMA,Amalfi,40.6333,14.6
ITAMN,Santa Maria Navarrese,39.9833,9.6833
ITAMT,Amantea,39.1333,16.0667
ITANZ,Anzio,41.45,12.6167
ITAOA,Paola,39.35,16.0333
ITAOI,Ancona,43.6333,13.5
ITAOL,Acciaroli,40.1833,15.0167
ITAOR,Caorle,45.6,12.8833
ITATA,Arma di Taggia,43.8167,7.85
ITATI,Castiglioncello,43.4,10.4
ITATX,Arbatax,39.9333,9.7
ITAUG,Augusta,37.2167,15.2167
ITAVO,Avola,36.9,15.1333
ITAZA,Arenzano,44.4,8.6833
ITB8D,Bardello,45.8333,8.7
ITBAI,Baia,40.8167,14.0667
ITBCB,Bagnara Calabra,38.2833,15.8
ITBCE,Bisceglie,41.2333,16.5
ITBDS,Brindisi,40.6333,17.9333
ITBGH,Bordighera,43.7667,7.6667
ITBLA,Bellaria,44.15,12.4667
ITBLN,Bagnoli,40.8,14.1667
ITBLT,Barletta,41.3167,16.2833
ITBMA,Bovalino Marina,38.15,16.1667
ITBMT,Belvedere Marittimo,39.6167,15.85
ITBNC,Bianco,38.0833,16.15
ITBOA,Bosa,40.3,8.5
ITBRI,Bari,41.1333,16.85
ITBVM,Bova Marina,37.9333,15.9167
ITCAG,Cagliari,39.2167,9.1167
ITCAS,Castellammare di Stabia,40.7,14.4833
ITCCB,Cape Carbonara,39.1,9.5167
ITCCL,Cattolica,43.9667,12.7333
ITCCQ,Cetraro,39.5167,15.9333
ITCEC,Cecina,43.3167,10.5167
ITCEQ,Castiglione della Pescaia,42.7667,10.8833
ITCEV,Cervia,44.2667,12.3667
ITCFU,Cefalu,38.0333,14.0167
ITCGC,Corigliano Calabro,39.6,16.5167
ITCHI,Chioggia,45.2333,12.2833
ITCHX,Chiavari,44.3167,9.3167
ITCLF,Carloforte,39.15,8.3
ITCLS,Calasetta,39.05,8.3667
ITCML,Casamicciola Terme,40.75,13.8833
ITCNT,Cesenatico,44.2,12.4167
ITCOQ,Capo d'Orlando,38.1667,14.75
ITCPA,Capraia,43.05,9.8333
ITCPM,Cupra Marittima,43.0167,13.85
ITCPN,Copanello,38.7667,16.55
ITCRQ,Castro Marina,39.9833,18.4
ITCRT,Cariati,39.5,16.95
ITCRV,Crotone,39.0833,17.1333
ITCTA,Catania,37.5,15.1
ITCTK,Castelsardo,40.9167,8.7167
ITCTR,Castellammare del Golfo,38.0167,12.8833
ITCVV,Civitavecchia,42.1,11.8
ITCVX,Cavo,42.85,10.4167
ITDIA,Diamante,39.6833,15.8167
ITDNO,Duino,45.7667,13.5833
ITFAL,Falconara,59.4667,17.3833
ITFAO,Fano,43.8333,13.0167
ITFAV,Favignana,37.9333,12.3333
ITFCO,Fiumicino,41.7667,12.2333
ITFCO,Fiumicino Apt/Roma,41.7667,12.2333
ITFCV,Foce Varano,41.9167,15.8
ITFGE,Fregene,41.85,12.2
ITFME,Francavilla al Mare,42.4167,14.2833
ITFNL,Finale Ligure,44.1667,8.3333
ITFOL,Follonica,42.9167,10.75
ITFOM,Formia,41.25,13.6167
ITFOR,Isolotto Formica,37.9833,12.4167
ITFPO,Filicudi Porto,41.15,-8.6167
ITFRD,Forio,40.7333,13.85
ITFSA,Fusina,45.4167,12.2333
ITGAE,Gaeta,41.2,13.5833
ITGAI,Golfo Aranci,41.0,9.6167
ITGAL,Gallipoli,40.05,17.9833
ITGEA,Gela,37.0667,14.25
ITGIA,Giardini Naxos,37.8167,15.2667
ITGII,Giannutri,63.3167,12.5333
ITGIT,Gioia Tauro,38.4167,15.9
ITGLJ,Camogli,44.35,9.15
ITGMA,Gabicce Mare,43.9667,12.7667
ITGOA,Genova,44.4167,8.95
ITGOO,Goro,44.85,12.3
ITGOR,Gorgona,59.4667,17.3833
ITGRD,Grado,45.6833,13.3833
ITGSV,Rosignano Solvay,43.3833,10.4333
ITGUI,Giulianova,42.75,13.9667
ITGVZ,Giovinazzo,41.1833,16.6667
ITGZS,Anguillara Sabazia,42.0833,12.2667
ITICA,Torvaianica,41.6333,12.4667
ITIDF,Isola delle Femmine,38.2,13.25
ITIDG,Isola del Giglio,42.3667,10.9
ITIMP,Imperia,43.8833,8.05
ITIOA,Civitanova Marche,43.3,13.7333
ITIOI,Maiori,40.65,14.6333
ITISB,Pier Isab,37.1167,15.25
ITISH,Ischia,40.7333,13.95
ITISN,Isola Asinara,41.05,8.2667
ITISS,Isola Santo Stefano,43.8333,13.0167
ITITI,Sistiana,45.75,13.6333
ITJLO,Iesolo,45.5333,12.65
ITLAD,Ladispoli,41.9333,12.0833
ITLAE,Lacco Ameno,40.75,13.9
ITLAW,Lavagna,44.3,9.3333
ITLEA,Scalea,39.8167,15.7833
ITLEC,Leuca,39.8,18.35
ITLEN,Levanto,44.1667,9.6333
ITLER,Lerici,44.0667,9.9167
ITLES,Lesina,41.8667,15.35
ITLEV,Levanzo,37.9833,12.3333
ITLIC,Licata,37.1,13.9333
ITLIP,Lipari,38.45,14.95
ITLIU,Linosa,60.1667,5.4667
ITLIV,Livorno,43.55,10.3167
ITLLT,Savelletri,40.8667,17.4167
ITLMP,Lampedusa,35.5,12.6
ITLOA,Loano,44.1333,8.25
ITLSD,Lignano Sabbiadoro,45.7,13.15
ITM2R,Marina di Ragusa,36.7833,14.55
ITMAH,Marina di Ginosa,40.4167,16.8833
ITMAJ,Marano Lagunare,45.7667,13.1667
ITMAM,Marciana Marina,42.8,10.2
ITMAZ,Mazara del Vallo,37.65,12.5833
ITMDA,La Maddalena,41.2167,9.4
ITMDW,Margherita di Savoia,41.3667,16.15
ITMFR,Manfredonia,41.6333,15.9167
ITMGE,Marina Grande,40.55,14.25
ITMIM,Mili Marina,38.1167,15.5167
ITMIS,Misano Adriatico,43.9667,12.7
ITMIT,Marina di Camerota,40.0,15.3667
ITMLB,Marina della Lobra,40.6,14.3333
ITMLS,Montalto di Castro,42.35,11.6167
ITMLU,Massa Lubrense,40.6,14.3333
ITMMO,Marettimo,-21.5,167.9833
ITMND,"Mondello, Palermo",38.2,13.3333
ITMNF,Monfalcone,59.4667,17.3833
ITMNP,Monopoli,8.5167,124.5667
ITMNU,Marinella di Selinunte,37.5833,12.7833
ITMOL,Molfetta,51.1833,5.1
ITMPA,Marina di Pisa,43.6667,10.2667
ITMPS,Melito di Porto Salvo,37.9167,15.7833
ITMRA,Marsala,37.8,12.4333
ITMRM,Ciro Marina,39.3667,17.1333
ITMRP,Marina di Campo,42.7333,10.2333
ITMSB,Marina di Pisciotta,40.1,15.2333
ITMSD,Marina di Grosseto,42.7167,10.9833
ITMTH,Meta,40.65,14.4
ITNAP,Napoli,40.8333,14.25
ITNCT,San Cataldo,40.3833,18.3
ITNGA,Sperlonga,41.25,13.4333
ITNIG,Cannigione,63.3167,12.5333
ITNLI,Noli,44.2,8.4333
ITNNE,Cala Gonone,40.3,9.6333
ITNSR,Nova Siri,40.15,16.5333
ITNTA,Sant'Antioco,39.0667,8.45
ITNTE,Sestri Levante,44.2667,9.4
ITNTT,Nettuno,41.4667,12.6833
ITNUM,Numana,43.5167,13.6167
ITOBT,Orbetello,42.45,11.2167
ITODB,Mola di Bari,41.0667,17.0833
ITODG,Mondragone,41.1167,13.8833
ITOGN,Ognina,36.9833,15.25
ITOLB,Olbia,40.9167,9.5167
ITONE,Oneglia,59.4667,17.3833
ITORL,Porticello,38.0833,13.5333
ITOTN,Ortona,59.4667,17.3833
ITOZI,Pozzillo,37.65,15.1833
ITPAN,Panarea,59.4833,10.3667
ITPAU,Palau,61.2167,17.15
ITPAZ,Porto Azzurro,41.15,-8.6167
ITPCE,Porto Cervo,41.15,-8.6167
ITPCN,Porto Conte Torre Nuova,40.6,8.2
ITPDI,Porto d'Ischia,40.7333,13.95
ITPED,Pedaso,43.1,13.8333
ITPEM,Porto Empedocle,41.15,-8.6167
ITPES,Pesaro,43.9,12.9167
ITPFE,Portoferraio,41.15,-8.6167
ITPFX,Porto Foxi (Sarroch),39.05,9.0
ITPFX,Sarroch (Porto Foxi),39.05,9.0
ITPGA,Porto Garibaldi,41.15,-8.6167
ITPGL,Portigliola,38.2333,16.2167
ITPIA,Pianosa,42.5667,10.0667
ITPIM,Praia a Mare,39.9,15.7833
ITPIZ,Pizzo,38.7333,16.1667
ITPLI,Porto Lignano,41.15,-8.6167
ITPLN,Palinuro,40.0333,15.2833
ITPMA,Marghera,45.45,12.2167
ITPMM,Palmi,38.35,15.85
ITPMO,Palermo,38.1167,13.3667
ITPMZ,Porto Maurizio,47.3333,8.6667
ITPNG,Porto Nogaro,55.2667,9.75
ITPNL,Pantelleria,51.2167,5.8
ITPNZ,Ponza,40.9,12.9667
ITPOM,Pomezia,41.6667,12.5
ITPOQ,Porto Viro,45.05,12.25
ITPOS,Positano,60.1667,5.4667
ITPPF,Porto Palo,37.5667,12.9
ITPPL,Portopalo,36.6833,15.1333
ITPPT,Porto Tolle,44.9333,12.3667
ITPRF,Porto Recanati,43.4333,13.6667
ITPRH,Sapri,40.0667,15.6333
ITPRJ,Capri,40.55,14.2333
ITPRL,Priolo Gargallo,37.15,15.1833
ITPRR,Piano di Sorrento,40.6333,14.3833
ITPRW,Portovenere,44.05,9.85
ITPSR,Pescara,42.4667,14.2333
ITPSS,Porto Santo Stefano,43.8333,13.0167
ITPTC,Portici,40.8167,14.3333
ITPTF,Portofino,41.15,-8.6167
ITPTH,Porto Ercole,42.3833,11.2
ITPTI,Patti,38.1333,14.9667
ITPTO,Porto Torres,59.4833,10.3667
ITPUC,Punta Cugno,37.2167,15.2
ITPVE,Portoscuso (Porto Vesme),39.2,8.3833
ITPVT,Porto Levante,45.05,12.3667
ITPZL,Pozzallo,36.7167,14.85
ITQMM,Marina di Massa,44.0,10.1
ITQOS,Oristano,39.9,8.6
ITRAN,Ravenna,42.4667,-73.8167
ITRCE,Riccione,43.9833,12.65
ITREC,Recco,44.3667,9.15
ITREG,Reggio di Calabria,38.1,15.65
ITRIN,Rinella,38.5333,14.8333
ITRMA,Rio Marina,43.45,-89.2333
ITRMG,Rio Maggiore,44.1,9.7333
ITRMI,Rimini,44.0667,12.5833
ITRNS,Spotorno,44.2333,8.4167
ITROC,Roccella Ionica,38.3167,16.4
ITRPO,Rapallo,44.35,9.2333
ITRPT,Riposto,37.7333,15.2
ITRRO,Sorrento,40.6333,14.3833
ITRRV,Sferracavallo,38.2,13.2333
ITRSM,Monterosso al Mare,44.15,9.65
ITRTS,Riva Trigoso,44.2667,9.4167
ITRTT,Marotta,43.7667,13.1333
ITSAL,Salerno,34.0333,-6.8
ITSAT,Sant' Antioco,39.0667,8.45
ITSCK,Sciacca,37.5167,13.05
ITSCO,Scoglitti,36.8833,14.4333
ITSDB,San Benedetto del Tronto,42.95,13.8833
ITSEG,Senigallia,43.7167,13.2167
ITSFE,San Felice Circeo,41.2333,13.0833
ITSFM,Santa Foca di Melendugno,40.2667,18.3333
ITSID,Siderno Marina,38.2667,16.3
ITSIG,Porto San Giorgio,43.1833,13.8
ITSLA,Santa Marina Salina,38.5667,14.8667
ITSLC,"Saline, Reggio Calabria",37.95,15.7
ITSLL,Scilla,38.25,15.7167
ITSLV,Silvi Marina,42.5667,14.0833
ITSMA,Santa Marinella,42.0333,11.85
ITSMK,Santa Maria di Castellabate,40.2833,14.95
ITSML,Santa Margherita Ligure,9.45,8.4667
ITSNR,Terrasini,38.15,13.0833
ITSOO,Soverato,38.6833,16.55
ITSPA,Santa Panagia,37.1,15.25
ITSPE,La Spezia,44.1167,9.8333
ITSRE,San Remo,59.4833,10.3667
ITSRH,Scario,40.05,15.4833
ITSSF,Santo Stefano al Mare,43.8333,7.8833
ITSTE,Santa Teresa di Gallura,41.2333,9.1833
ITSTR,Stromboli,43.2667,16.65
ITSVN,Savona,44.2833,8.5
ITTAA,Cetara,40.65,14.7
ITTAL,Talamone,61.2167,17.15
ITTAO,Taormina,37.85,15.2833
ITTAR,Taranto,40.4833,17.2333
ITTCC,Trebisacce,39.8667,16.5333
ITTCS,Torre Cesarea,40.0333,18.45
ITTEA,Maratea,39.9833,15.7167
ITTEF,Santo Stefano di Camastra,38.0167,14.35
ITTGR,Torregrande,59.4833,10.3667
ITTGV,Torre Gaveta,40.8167,14.05
ITTLY,Porto San Vitale,44.4333,12.2333
ITTMI,Termoli,51.1833,5.1
ITTMT,Isole Tremiti,42.1167,15.4833
ITTOA,Torre Annunziata,59.4833,10.3667
ITTPS,Trapani,38.0167,12.4833
ITTRH,Torre Faro,38.25,15.6333
ITTRI,Termini Imerese,37.9833,13.7
ITTRU,Torre San Giovanni d'Ugento,39.9167,18.15
ITTTN,Stintino,40.9333,8.2167
ITTVC,Torviscosa,45.8167,13.2667
ITUGG,Muggia,45.6,13.7667
ITULE,Zaule,45.6,13.8
ITURI,Scauri,41.25,13.7
ITVCE,Venezia,45.4333,12.3333
ITVDA,Vada,-33.1833,-68.4667
ITVDL,Vado Ligure,44.2667,8.45
ITVEN,Ventimiglia,43.7833,7.6
ITVIA,Viareggio,59.4833,10.3667
ITVSG,"Villa San Giovanni, Calabria",38.2167,15.6333
ITVSO,Vasto,69.0167,15.1333
ITVT3,Villafranca Tirrena,38.2333,15.4333
ITVTI,Voltri,44.4333,8.75
ITVUL,Vulcano porto,41.15,-8.6167
ITVZN,Vernazza,44.1333,9.6833
ITXXX,RIS Inland waterways,-38.0,145.1167
ITZQQ,Polignano a Mare,41.0,17.2167
JESAB,Saint Aubin,49.1833,-2.1667
JESCJ,Saint Clement,49.1667,-2.0667
JESTH,Saint Helier,49.1833,-2.1
JMALP,Alligator Pond,59.4667,17.3833
JMFMH,Falmouth,17.0167,-61.7833
JMKIN,Kingston,13.1333,-61.2167
JMMBJ,Montego Bay,49.05,4.0
JMOCJ,Ocho Rios,36.7167,25.2667
JMORC,Oracabessa,18.4,-76.95
JMPHE,Port Henderson,17.95,-76.8833
JMPMO,Port Morant,39.6667,-3.7667
JMPOT,Port Antonio,59.4667,17.3833
JMRIB,Rio Bueno,43.45,-89.2333
JMROP,Rocky Point,-33.5,123.9833
JMSAW,Saint Ann's Bay,18.4333,-77.2
JMSLM,Savanna-la-Mar,18.2167,-78.1333
JOAQJ,Al 'Aqabah,29.5333,35.0
JODAH,Abu Alandah,31.9,35.9667
JPAAM,"Ama, Shimane",4.2167,7.3833
JPABO,Aboshi/Himeji,60.1667,5.4667
JPABT,Abuto,6.1167,105.2833
JPABU,Aburatsu,6.1167,105.2833
JPADE,Ade,48.45,15.7167
JPADO,Ado,-26.35,-54.6833
JPAFG,Akitafunagawa,39.8833,139.95
JPAGJ,Aguni,38.0,-122.7
JPAGN,Agenosho,44.2,0.6167
JPAGR,Agonoura,59.4667,17.3833
JPAGS,Ageshima,4.2167,7.3833
JPAIG,Aki-gun/Hiroshima,34.3333,132.5333
JPAII,Aio,40.3333,23.1667
JPAIM,Aishima,4.2167,7.3833
JPAIO,Aioi,34.7833,134.4667
JPAJI,Aji,19.7,109.2167
JPAJX,Aja,-16.1667,-68.7333
JPAKA,Akashi,36.1833,29.6333
JPAKB,Akohbaru,42.0833,19.0833
JPAKK,"Akasaki, Kumamoto",36.1833,29.6333
JPAKO,Akoh,-40.8333,172.8833
JPAKZ,Aika,32.9333,129.65
JPAMA,Amagasaki,34.7167,135.4167
JPAMU,Amura,35.7667,139.3
JPAMX,AmagasakiNishinomiyaAshiya,34.7167,135.4167
JPANA,Anan,-1.3667,-48.3667
JPANB,Anbo,50.9167,-1.9167
JPAOG,Aogashima,4.2167,7.3833
JPAOM,Omi,37.0167,137.8
JPAON,Aonae,59.4667,17.3833
JPAOS,Aoshima,4.2167,7.3833
JPAPP,Koshi,32.8833,130.7833
JPARA,Arari,-1.0,-48.95
JPARG,Amurogama,42.55,8.9167
JPARI,"Ariake, Tokyo",35.6333,139.7833
JPARO,Arao,-32.55,-53.3667
JPARZ,Arouzu,55.2667,9.75
JPASA,Asa,44.3333,-64.4333
JPASI,Asahimachi,35.5333,139.7
JPASJ,Amamioshima,36.7167,25.2667
JPASK,"Akasaki, Tottori",36.1833,29.6333
JPASM,Asami,40.75,13.8833
JPASU,Kasuya,33.6167,130.4833
JPATA,Ataka,36.4167,136.4167
JPATT,Atatajima,33.5167,44.2667
JPAUI,Asakuchi,34.5167,133.5833
JPAWA,Awa,-37.3,140.8167
JPAWM,Awashimanishi,4.2167,7.3833
JPAWS,Awashima,4.2167,7.3833
JPAXT,Akita,39.8833,139.95
JPAXZ,Zushi,35.2833,139.5833
JPAYU,Ayukawa,49.05,4.0
JPAZR,"Ajiro, Okayama",49.05,4.0
JPAZU,Azu,-33.9,-58.8667
JPBEP,"Beppu, Shimane",4.2167,7.3833
JPBFS,Beppushinko,36.5667,138.0667
JPBIZ,Bizen,34.7333,134.1833
JPBKW,Shibukawa,36.4833,139.0
JPBOM,Boma,-34.85,150.6167
JPCHB,Chiba,35.5833,140.3833
JPCHF,Chofu,59.55,10.0333
JPCHG,Chigasaki,35.3167,139.4
JPCHK,Chikubushima,4.2167,7.3833
JPCHO,Choshi,60.1667,5.4667
JPCHT,"Chitose, Hiroshima",4.2167,7.3833
JPCHW,Chimu Wan,26.3833,127.9167
JPCIO,Chio,41.5833,9.2833
JPCTA,Chita,16.4333,-95.0167
JPCYU,Chiryu,35.0,137.05
JPDTU,Daito,25.8333,131.2333
JPEGO,Ego,-51.6333,-69.2167
JPEGS,Eigashima,4.2167,7.3833
JPEII,Ei,48.3833,15.5167
JPEJM,Ejima,4.2167,7.3833
JPEMM,Erimo,36.9333,27.1333
JPENA,Ena,48.1833,16.4333
JPENN,En,41.8,19.5667
JPESM,Eshima,4.2167,7.3833
JPETA,Etajima,33.5167,44.2667
JPFJN,Fujino,47.25,132.0333
JPFKH,"Fukae, Hiroshima",4.2167,7.3833
JPFKK,"Fukaura, Aomori",1.1833,127.9
JPFKM,"Fukushima, Nagasaki",33.35,129.8
JPFKR,"Fukaura, Ehime",1.1833,127.9
JPFKU,"Fukushima, Hokkaido",41.4667,140.25
JPFKY,"Fukuyama, Hiroshima",4.2167,7.3833
JPFMS,"Fukushima, Miyazaki",31.4667,131.2167
JPFMT,"Futamata, Kagoshima",4.2167,7.3833
JPFNA,Funaya,49.05,4.0
JPFNK,Funagawa,39.8833,139.95
JPFNS,Funakoshi,36.8667,27.25
JPFRJ,"Fukuura, Ishikawa",26.4167,127.8167
JPFRU,"Furue, Kagoshima",4.2167,7.3833
JPFSK,Fushiki,36.8,137.1167
JPFST,"Furusato, Kagoshima",27.3667,128.6333
JPFTS,"Futtsu, Chiba",35.5833,140.3833
JPFTT,"Futamata, Shimane",4.2167,7.3833
JPFTX,Fushikitoyama,36.8,137.1167
JPFUU,"Fukura, Kagoshima",4.2167,7.3833
JPFYM,"Fukuyama, Kagoshima",4.2167,7.3833
JPGKA,Gushikawa,26.35,127.8667
JPGKS,Gokasho,36.1833,29.6333
JPGON,Gonoura,59.4667,17.3833
JPGOO,Gobo Wakayama,33.8833,135.15
JPGTK,Kitanagoya,35.2333,136.85
JPGTO,Goto,32.6833,128.8333
JPHAA,Hami,60.1,19.95
JPHAB,"Habu, Hiroshima",6.1167,105.2833
JPHAD,Heda,53.7167,-6.3333
JPHAH,Hashima,4.2167,7.3833
JPHAN,Hannan,54.9833,-3.2667
JPHAR,Hara,50.05,7.7667
JPHAU,"Habu, Tokyo",35.6833,139.75
JPHBB,"Habu, Yamaguchi",6.1167,105.2833
JPHBK,Hibikishinko,33.9833,130.75
JPHDO,Himedo,51.6667,0.9
JPHED,Hetono,59.4667,17.3833
JPHET,Heta,22.65,113.1333
JPHGN,Higashisonogi-Gun Cho,32.0333,129.9167
JPHGS,Ohshima/Hagi,4.2167,7.3833
JPHHM,Hohomi,37.0167,137.8
JPHHR,Higashiharima,4.2167,7.3833
JPHIB,Hibi,33.9833,130.75
JPHIC,Hitachinaka,47.0833,18.4
JPHIE,Hikone,59.4667,17.3833
JPHIG,Higashishioya,24.7333,118.6333
JPHII,Hirasaki,45.0667,14.0667
JPHIJ,Hiroshima,34.3333,132.5333
JPHIK,Hiki,36.8,137.1167
JPHIO,Higashi-Ogishima,33.2833,130.2
JPHIS,Hikoshima,36.8667,27.25
JPHIU,Hiratsuka,35.3167,139.35
JPHIZ,Hizenohshima,4.2167,7.3833
JPHJA,Honjima,4.2167,7.3833
JPHJI,Hiji,24.6167,118.4333
JPHJM,Hamajima,4.2167,7.3833
JPHJT,"Hirota, Kagoshima",42.2667,8.75
JPHKJ,Hamasaka,40.6333,72.2333
JPHKM,Honkushima,4.2167,7.3833
JPHKR,Hikari,43.35,141.5
JPHKS,Hakatashima,4.2167,7.3833
JPHKT,Hakata/Fukuoka,33.6,130.4167
JPHKW,Hamakanaya,49.05,4.0
JPHMA,Hishima,4.2167,7.3833
JPHMH,Himeshima,4.2167,7.3833
JPHMJ,Himi,32.0333,34.9
JPHMR,Hamura,35.7667,139.3
JPHMS,Himosashi,60.1667,5.4667
JPHNE,Hane,49.45,17.1833
JPHNJ,"Honjo, Kyoto",59.4667,17.3833
JPHNN,Honmoku,59.4667,17.3833
JPHNS,Hinoshima,4.2167,7.3833
JPHOD,Hondo,34.65,125.1833
JPHOF,Hofu,34.0333,131.5667
JPHON,"Honjo, Akita",59.4667,17.3833
JPHOS,"Hoshika, Saga",33.0833,133.1
JPHRM,Haramachi,12.15,-84.2167
JPHRO,Hiro,36.2667,23.0833
JPHSG,Saga,33.0833,133.1
JPHSI,"Hoshika, Nagasaki",33.0667,129.6167
JPHSM,Hososhima,4.2167,7.3833
JPHSR,Hashirajima,4.2167,7.3833
JPHSS,Hase,53.6333,9.6
JPHSW,Hirasawa,45.0667,14.0667
JPHTA,"Hirota, Iwate",42.2667,8.75
JPHTC,Hitachi,47.0833,18.4
JPHTK,Hitakatsu,51.5667,3.8667
JPHTM,"Futami, Tokyo",35.6833,139.75
JPHTO,Hatoma,24.4667,123.7667
JPHTS,Hitsushima,4.2167,7.3833
JPHTT,Hata,8.7833,126.2833
JPHUR,Hannoura,63.3167,12.5333
JPHWS,Hiwasa,-73.05,-13.4167
JPHYK,Hayakawa,49.05,4.0
JPHYM,Hayama,49.05,4.0
JPHYS,Hisayoshi,49.05,4.0
JPHYT,Hayato,49.05,4.0
JPICO,Ichikikushikino,31.7167,130.2667
JPICW,Ishikariwan Shinko,43.35,141.5
JPIDM,Iwayadomari,49.05,4.0
JPIEJ,Iejima/Okinawa,4.2167,7.3833
JPIES,"Ieshima, Hyogo",4.2167,7.3833
JPIGO,Igo,45.6167,-62.4167
JPIGR,Imagire,4.2167,7.3833
JPIHO,Ihota,42.2667,8.75
JPIII,Ii,59.0,22.85
JPIKD,"Ikeda, Wakayama",49.05,4.0
JPIKE,Ikeshima,4.2167,7.3833
JPIKK,Ikitsuki,33.3833,129.4333
JPIKW,Ishikawa,26.4167,127.8167
JPIMA,Imafuku,4.2167,7.3833
JPIMB,Imabari,41.1333,16.85
JPIMI,Imari,4.2167,7.3833
JPIMM,Imi,-1.75,-55.85
JPIMT,Imazato,4.2167,7.3833
JPIMZ,Imazu,4.2167,7.3833
JPINA,Ina,25.9833,55.9333
JPIND,Inonada,59.4667,17.3833
JPINE,Ine,50.7667,2.9833
JPINS,Innoshima,4.2167,7.3833
JPINT,Iinoseto,32.9333,129.6333
JPINZ,Inujima,4.2167,7.3833
JPIOU,"Iwojima, Kagoshima",4.2167,7.3833
JPISE,Ise,56.25,-61.85
JPISG,Ishigaki,24.3333,124.15
JPISH,Ishima,28.3167,129.9833
JPISI,Ishikari,43.35,141.5
JPISK,Iseki,36.6667,36.2167
JPISY,Isahaya,49.05,4.0
JPITS,Itsukushima,4.2167,7.3833
JPITU,"Itoh, Shimane",4.2167,7.3833
JPIWT,"Iwojima, Nagasaki",4.2167,7.3833
JPIWY,Iwaya,49.05,4.0
JPIYA,Iya,25.3,55.3167
JPIYM,Iyomishima,43.45,16.7
JPIYO,Iyo,41.3667,-6.1
JPIZU,Izuka,33.65,130.6833
JPIZW,Inazawa,35.25,136.7833
JPJON,Jonoshita,60.1667,5.4667
JPJTS,Joetsu,37.15,138.2333
JPKAA,Kada,38.6167,20.9167
JPKAC,Kasaura,36.1833,29.6333
JPKAD,Kaita,61.75,23.7167
JPKAE,Kashimae,4.2167,7.3833
JPKAI,Kainan,50.6333,3.3667
JPKAJ,"Kama, Shimane",4.2167,7.3833
JPKAO,Kashino,36.1833,29.6333
JPKAR,Karatsu,41.0667,30.7833
JPKAT,"Katsuura, Wakayama",51.5667,3.8667
JPKAU,Kasumigaura,36.0333,140.2167
JPKBM,Kabashima,4.2167,7.3833
JPKBS,Kobishima,4.2167,7.3833
JPKCZ,Kochi,9.9667,76.2667
JPKDA,Kishiwada,18.9833,73.75
JPKDJ,Kasedo,36.1833,29.6333
JPKDK,Kodakashima,4.2167,7.3833
JPKDX,Kita/Minamidaito,25.8333,131.2333
JPKGE,Kumage,45.4167,13.5167
JPKGJ,Kigasajima,4.2167,7.3833
JPKGO,Kumago,45.4167,13.5167
JPKHJ,Kurimamaehama,4.2167,7.3833
JPKHM,"Ohama, Kagoshima",4.2167,7.3833
JPKII,Kiire,59.4833,10.3667
JPKIM,Kineshima,4.2167,7.3833
JPKIR,"Kitaura, Ehime",59.05,5.9
JPKIT,"Kitaura, Miyazaki",59.05,5.9
JPKJA,Kohjima,4.2167,7.3833
JPKJD,Kudadon,59.4667,17.3833
JPKJG,"Kaga, Shimane",4.2167,7.3833
JPKJJ,Koshima,36.8667,27.25
JPKJN,Kannonji,63.3167,12.5333
JPKJT,"Kitaura, Akita",59.05,5.9
JPKJU,"Koura, Kagoshima",4.2167,7.3833
JPKKJ,Kitakyushu,33.8333,130.8333
JPKKM,Katakami,36.4167,136.4167
JPKKU,"Kuji, Kagoshima",4.2167,7.3833
JPKKX,Kikaishima,28.3167,129.9833
JPKKZ,Kashikojima,4.2167,7.3833
JPKMI,"Miyazaki, Miyazaki",31.4667,131.2167
JPKMN,Kominato,37.0167,137.8
JPKMR,"Kameura, Tokushima",4.2167,7.3833
JPKMS,Kumeshima,4.2167,7.3833
JPKNB,Konbukariishi,59.4667,17.3833
JPKNI,Konagai,59.4667,17.3833
JPKNK,Kinkasan,36.1833,29.6333
JPKNM,Kanmon,33.9,130.9167
JPKNN,Kin,-62.2167,-58.7833
JPKNO,Konoura,59.4667,17.3833
JPKNY,Koniya,59.4667,17.3833
JPKOF,Konan,59.4667,17.3833
JPKOG,"Kogushi, Okayama",49.05,4.0
JPKOH,Kohama,24.3333,123.9833
JPKOI,Koike/Uwajima,4.2167,7.3833
JPKOJ,Kagoshima,27.3667,128.6333
JPKOK,Kokura,33.8,130.8833
JPKOM,Komatsushima,4.2167,7.3833
JPKON,Konoshima,4.2167,7.3833
JPKOS,Kose,60.1667,5.4667
JPKOU,Kohzujima,4.2167,7.3833
JPKOX,Kaminoseki,35.4833,136.9167
JPKOY,Koyoh/Etajima,1.0,15.9
JPKRA,Kannoura,63.3167,12.5333
JPKRC,Kuramai,12.15,-84.2167
JPKRE,"Kure, Hiroshima",4.2167,7.3833
JPKRI,Kurio,43.45,-89.2333
JPKRJ,"Kuroshima, Okinawa",4.2167,7.3833
JPKRN,Kuranotani,42.2667,8.75
JPKRS,Kurushima,61.8667,23.7333
JPKRY,"Kariya, Saga",33.0833,133.1
JPKSA,Kasaoka,36.1833,29.6333
JPKSC,"Kashima, Saga",33.0833,133.1
JPKSD,Kasado,36.1833,29.6333
JPKSF,Kitsuki,33.4167,131.6167
JPKSK,Kurosaki,60.1667,5.4667
JPKSM,"Kashima, Ibaraki",42.0833,19.0833
JPKSS,"Kasasa, Kagoshima",4.2167,7.3833
JPKSU,Katsumoto,51.5667,3.8667
JPKSW,"Kashiwa, Ehime",36.1833,29.6333
JPKSX,Kosuki,36.8667,27.25
JPKSY,"Kasasa, Yamaguchi",36.1833,29.6333
JPKTJ,Kotakarajima,42.2667,8.75
JPKTL,Kitakijima,4.2167,7.3833
JPKTN,Kitakami,39.2833,141.1167
JPKTR,"Kitaura, Kagawa",59.05,5.9
JPKTS,Katashima,4.2167,7.3833
JPKTZ,Kata,37.65,21.3167
JPKUD,Kudamatsu,34.0,131.7667
JPKUE,"Kure, Kochi",9.9667,76.2667
JPKUR,"Katsuura, Chiba",51.5667,3.8667
JPKUX,Kuronohama,59.4667,17.3833
JPKWJ,"Kawajiri, Hiroshima",4.2167,7.3833
JPKWR,"Kawajiri, Ibaraki",42.0833,19.0833
JPKWS,Kawasaki,-73.05,-13.4167
JPKWZ,Kashiwazaki,36.1833,29.6333
JPKXS,Kasumi,36.0333,140.2167
JPKYK,Kanayaki,49.05,4.0
JPKYM,Kuyama,34.0,131.7667
JPKYO,Koyoh/Kawajiri,1.0,15.9
JPKYR,Isso,37.3833,26.7333
JPKZI,Kijima,4.2167,7.3833
JPKZS,Kazusaminato,38.25,20.65
JPMAT,"Matsushima, Nagasaki",4.2167,7.3833
JPMAU,"Matsuura, Kagoshima",4.2167,7.3833
JPMAW,Nishimaizuru,4.2167,7.3833
JPMBR,Mebaruzaki,42.0833,19.0833
JPMDJ,"Masuda, Kagoshima",4.2167,7.3833
JPMDR,Maedomari/Tarama,12.15,-84.2167
JPMEG,Megi,36.15,29.6
JPMEN,Mei,50.9,3.7
JPMGC,Maguchi,34.0833,131.1833
JPMGN,Mogine,33.2833,130.2
JPMGS,Megoshima,4.2167,7.3833
JPMGY,Nagayama,49.05,4.0
JPMIH,Mihonoseki,35.4833,136.9167
JPMIJ,"Miike, Tokyo",35.6833,139.75
JPMIR,Miura/Mitsushima,4.2167,7.3833
JPMIT,"Mitaka, Hiroshima",4.2167,7.3833
JPMIZ,Mizushima,35.2833,139.5833
JPMJR,Mitajiri,34.0333,131.5833
JPMKI,"Misaki, Kochi",9.9667,76.2667
JPMKR,Mikurajima,4.2167,7.3833
JPMKS,Mitsukoshima,36.8667,27.25
JPMKX,"Mishima, Kawanoe",4.2167,7.3833
JPMMD,Minamidaito,25.8333,131.2333
JPMMI,"Misumi, Shimane",4.2167,7.3833
JPMMM,Mageshimamisaki,4.2167,7.3833
JPMMY,Miyakojima,24.7833,125.3
JPMNE,Mine,50.7667,2.9833
JPMNM,Minami,25.8333,131.2333
JPMNN,Minna/Tarama,12.15,-84.2167
JPMNY,Minmaya,49.05,4.0
JPMOJ,Moji/Kitakyushu,33.9,130.9667
JPMOM,Morodomi,37.0167,137.8
JPMOT,Motomachi,36.8333,138.4167
JPMOU,Motoura/Toshima,4.2167,7.3833
JPMOX,Monoi,59.4667,17.3833
JPMRA,"Matsushima, Miyagi",36.4333,139.1667
JPMRE,Mure,59.4833,10.3667
JPMRJ,Murotomisaki,42.55,8.9167
JPMRK,Morakui,39.6667,-3.7667
JPMRM,Muromoto,55.1333,8.5167
JPMRO,Murokita,42.55,8.9167
JPMRS,"Murotsu, Hyogo",42.55,8.9167
JPMRT,"Murotsu, Yamaguchi",42.55,8.9167
JPMSA,Matsusaka,44.5167,14.3
JPMSD,"Masuda, Shimane",4.2167,7.3833
JPMSH,Musashi,43.7333,4.2
JPMSO,Misho,31.7833,35.3167
JPMSS,"Matsushima, Okayama",4.2167,7.3833
JPMTC,Mitachi,47.0833,18.4
JPMTR,Mutsure,59.4833,10.3667
JPMUK,Mukaishima,4.2167,7.3833
JPMUR,Muroran,42.55,8.9167
JPMUX,"Murotsu, Kochi",42.55,8.9167
JPMXT,Mita,10.0667,-85.4667
JPMYI,Miyagi,36.4333,139.1667
JPMYT,"Miyoshi, Tokushima",34.0167,133.8
JPMYX,"Muta, Nagasaki",31.8167,130.2667
JPMZM,Murozumi,42.55,8.9167
JPNAG,"Nagahama, Shimane",4.2167,7.3833
JPNAI,Narashino,35.6667,140.0167
JPNAM,Nama,8.9667,-79.5333
JPNAN,Nakanoseki,34.0,131.5333
JPNAS,Naoshima,4.2167,7.3833
JPNAT,Nakatsu,51.5667,3.8667
JPNAY,Nagayo,49.05,4.0
JPNAZ,Naze,51.8667,1.2667
JPNBS,Nobeokashinko,36.5667,138.0667
JPNBU,Nobu/Mitsushima,4.2167,7.3833
JPNDI,Nishi/Minamidaito,25.8333,131.2333
JPNDY,Nadayama,49.05,4.0
JPNEM,Nemuro,42.55,8.9167
JPNEO,Neo,37.8,26.6833
JPNEZ,Nezugaseki,35.4833,136.9167
JPNGA,"Nagareyama, Chiba",35.85,139.9
JPNGD,Nagouda,26.5833,127.9667
JPNGE,"Nagae, Shimane",4.2167,7.3833
JPNGI,Neghishi/Yokohama,24.3333,123.9833
JPNGO,"Nagoya, Aichi",26.5833,127.9667
JPNGR,Nagaura/Yokosuka,36.8667,27.25
JPNGS,Nagasaki,33.35,129.8
JPNGY,Nagaokakyo,34.9333,135.7
JPNHA,"Nakahama, Hiroshima",4.2167,7.3833
JPNIA,Nita,18.3167,122.05
JPNIJ,Niijima,4.2167,7.3833
JPNIK,Nikaho,39.3833,140.0833
JPNIM,Nima,29.05,33.1
JPNIO,Nio,-7.8333,12.1167
JPNIX,Nii,42.3667,142.3167
JPNJM,Nakajima,4.2167,7.3833
JPNKK,Nakakoshiki,36.8667,27.25
JPNKL,"Nakama, Kagoshima",4.2167,7.3833
JPNKS,Nakanoshima,4.2167,7.3833
JPNKT,"Nakata, Hiroshima",4.2167,7.3833
JPNKX,Nakanosaku,60.1667,5.4667
JPNKY,Nakayama,49.05,4.0
JPNKZ,Nakashima,4.2167,7.3833
JPNMA,"Nagahama, Kagoshima",4.2167,7.3833
JPNMC,Nakamichi,35.5833,138.5833
JPNMI,Nomi,34.7167,135.4167
JPNNO,Nanao,23.4333,117.6833
JPNOA,Nago,26.5833,127.9667
JPNOJ,Onojo,33.5333,130.4833
JPNOM,Nomizaki,37.0167,137.8
JPNON,Nonohama,59.4667,17.3833
JPNOU,Noh,50.0667,14.45
JPNRS,Narushima,4.2167,7.3833
JPNSA,Nagashima,4.2167,7.3833
JPNSH,Nishishioya,24.7333,118.6333
JPNSR,Noshiro,60.1667,5.4667
JPNSX,Nasa,59.3833,28.2
JPNTO,Nishitokyo,34.7333,139.5333
JPNXG,Nigishima,4.2167,7.3833
JPNYA,Nishinomiya,34.7167,135.4167
JPOAD,Onoaida,59.4667,17.3833
JPOAX,Oma,41.3667,19.4167
JPOBS,Ohbishima,4.2167,7.3833
JPODS,Odeshima,4.2167,7.3833
JPOFK,Ohfunakoshi,36.8667,27.25
JPOFR,Ohfukaura,1.1833,127.9
JPOGC,Ongachi,59.4667,17.3833
JPOGF,Ogifushi,33.2833,130.2
JPOGH,Oginohama,33.2833,130.2
JPOGI,"Ogi, Niigata",33.2833,130.2
JPOGK,"Ogi, Kagawa",33.2833,130.2
JPOGS,Ohgishima,4.2167,7.3833
JPOHO,Ohi,25.4167,82.5667
JPOII,"Ogi, Ishikawa",26.4167,127.8167
JPOIM,"Ohshima, Tokyo",34.5167,139.2667
JPOIU,"Okiura, Hiroshima",4.2167,7.3833
JPOJM,Omosu,60.1667,5.4667
JPOJO,Osako,60.1667,5.4667
JPOKB,"Okubo, Tokyo",35.6833,139.75
JPOKG,Okogi,33.2833,130.2
JPOKI,Oki,61.2,21.7333
JPOKJ,Okayama,49.05,4.0
JPOKK,Okinokojima,4.2167,7.3833
JPOKN,Okinajima,4.2167,7.3833
JPOKR,Ohbukura/Uwajima,4.2167,7.3833
JPOKS,Okiuranishi,18.8833,72.9333
JPOKU,Oku,33.8,130.8833
JPOKW,"Okawa, Wakayama",49.05,4.0
JPOMA,Aomi,35.6167,139.7833
JPOMC,Omachi,36.8333,138.4167
JPOMI,Omi,37.0167,137.8
JPOMN,Omon,50.5167,4.25
JPOMS,Omishima,43.45,16.7
JPOMT,Ominato,37.0167,137.8
JPOMW,Omonawa,59.4667,17.3833
JPOMY,Omiyaji,37.0167,137.8
JPONA,Onahama,59.4667,17.3833
JPOND,Onoda,-1.9667,121.3333
JPONG,Onagawa,59.4667,17.3833
JPONI,Onishi,59.4667,17.3833
JPONJ,Oniike,59.4667,17.3833
JPONK,Oniki,40.6333,22.95
JPONO,Onomichi,37.0167,137.8
JPONW,Oniwaki,59.4667,17.3833
JPONX,OnomichiItozaki,37.0167,137.8
JPOOA,"Oura, Saga",33.0833,133.1
JPOOH,"Ohama, Okayama",49.05,4.0
JPOOJ,"Okubo, Kagoshima",4.2167,7.3833
JPOOM,"Ohshima, Kagawa",4.2167,7.3833
JPOOO,Ozu,20.5167,-86.9333
JPOOR,Oura/Kasaoka,36.1833,29.6333
JPOPA,Oppama,35.3,139.6167
JPORA,Ohra,48.0667,16.85
JPOSA,Osaka,34.6667,135.5
JPOSD,Oshidomari,60.1667,5.4667
JPOSE,Osoe,60.1667,5.4667
JPOSG,Ogi,33.2833,130.2
JPOSH,"Ohshima, Wakayama",49.05,4.0
JPOSI,"Ohshima, Ehime",4.2167,7.3833
JPOSJ,"Otsu, Ibaraki",42.0833,19.0833
JPOSK,"Osaki, Miyagi",36.4333,139.1667
JPOSL,"Oshima, Yamaguchi",4.2167,7.3833
JPOSM,"Oshima, Nagasaki",33.0667,129.6167
JPOSN,Osaki/Mitsushima,4.2167,7.3833
JPOSO,"Ohshima, Miyazaki",4.2167,7.3833
JPOSS,"Ohshima, Fukuoka",4.2167,7.3833
JPOST,Osetoyanagi,32.9333,129.6333
JPOSU,Osuki,60.1667,5.4667
JPOSX,"Osaki, Kagoshima",4.2167,7.3833
JPOTK,Otake,42.2667,8.75
JPOTM,Otomi,37.0167,137.8
JPOTO,Osato,60.1667,5.4667
JPOTR,Otaru,42.2667,8.75
JPOTW,Otawa,42.2667,8.75
JPOUK,"Osaka, Tottori",34.6667,135.5
JPOUM,Omu,46.75,-71.2333
JPOUR,Oura/Kamitsushima,4.2167,7.3833
JPOYB,Oyabu,6.1167,105.2833
JPOYM,Ohyama/Mitsushima,4.2167,7.3833
JPQSG,"Saga, Saga",33.0833,133.1
JPRBN,Noboribetsu,42.45,141.1667
JPRHK,Reihoku,59.4833,10.3667
JPRND,Ronden,59.4667,17.3833
JPRYA,Ryuo,35.6667,16.6167
JPSAB,Saba,17.6333,-63.2333
JPSAC,"Sai, Shimane",4.2167,7.3833
JPSAE,Saiki,32.9333,129.65
JPSAG,Saganoseki,33.0833,133.1
JPSAI,"Saigo, Shimane",4.2167,7.3833
JPSAK,Sakai,32.9333,129.65
JPSAN,Sanbonmatsu,59.4667,17.3833
JPSAO,Sato,41.3667,9.1833
JPSAR,Shikaura,1.1833,127.9
JPSAW,Sagawa,33.0833,133.1
JPSAZ,Saza,-6.0833,12.3833
JPSBH,Shibetsu,43.65,145.1167
JPSBY,Shibayama,49.05,4.0
JPSDA,"Shimoda, Nagasaki",33.0667,129.6167
JPSDJ,"Sendai, Miyagi",38.1333,140.9167
JPSDS,Sendaishinko,36.5667,138.0667
JPSEI,Seki,35.4833,136.9167
JPSEK,Sekinehama,35.4833,136.9167
JPSEN,Satsumasendai,31.8167,130.25
JPSET,Seto,32.9333,129.6333
JPSGA,"Saga, Kochi",9.9667,76.2667
JPSGI,Shigetomi,37.0167,137.8
JPSGJ,Sagi,8.2167,-8.1
JPSGR,Sagara,33.0833,133.1
JPSGX,Sonogi,32.0333,129.9167
JPSHG,"Shinagawa, Tokyo",35.6,139.7167
JPSHH,"Shirahama, Kagoshima",4.2167,7.3833
JPSHJ,Shinko,36.5667,138.0667
JPSHS,Shimonoseki,35.4833,136.9167
JPSHZ,Shimazuya,4.2167,7.3833
JPSIM,Shimama,4.2167,7.3833
JPSIO,"Shioya, Ishikawa",26.4167,127.8167
JPSIS,Shishikui,24.7333,118.6333
JPSJI,"Shishijima, Kagawa",24.7333,118.6333
JPSJM,"Shishijima, Kagoshima",24.7333,118.6333
JPSKB,Shibukawa,36.4833,139.0
JPSKN,Shikinejima,4.2167,7.3833
JPSKO,Sakoshi,36.8667,27.25
JPSKY,Sekiya,35.4833,136.9167
JPSKZ,Shikokuchuo,33.9833,133.55
JPSMB,Shimabara,42.0833,19.0833
JPSMJ,Shinmoji,33.8667,130.9833
JPSMM,Shimamaki,4.2167,7.3833
JPSMO,"Shimoda, Kochi",9.9667,76.2667
JPSMY,Sumiyoshi,60.1667,5.4667
JPSNA,Sonai/Yonaguni,51.5,5.5
JPSNE,Sone,59.4667,17.3833
JPSNI,Sonai/Taketomi,37.0167,137.8
JPSNJ,Shinojima,4.2167,7.3833
JPSNK,"Shinkawa, Kagoshima",4.2167,7.3833
JPSNN,Shonan,59.4667,17.3833
JPSNU,Shimanoura,4.2167,7.3833
JPSOG,Sogo,49.4333,142.1167
JPSOO,Shimonokae,59.4667,17.3833
JPSOR,Sonoura,51.5,5.5
JPSOY,Soya,64.85,11.2833
JPSRK,Shirosaki,60.1667,5.4667
JPSRS,Shirose,60.1667,5.4667
JPSRZ,Sakurajima,4.2167,7.3833
JPSSH,Shishiboe,24.7333,118.6333
JPSSJ,Shisakajima,4.2167,7.3833
JPSSS,Saikai,32.9333,129.65
JPSSU,Sensyu,34.4333,135.25
JPSSZ,Shimada,34.8333,138.1833
JPSTA,Sata,7.35,147.0333
JPSTD,Setoda,32.9333,129.6333
JPSTT,"Seto, Kagoshima",32.9333,129.6333
JPSUG,Suga,43.8667,-111.7333
JPSUK,Sukumowan,32.9167,132.7167
JPSUS,Susa,58.55,23.0833
JPSUW,Suwa,29.9667,32.5167
JPSUZ,Susaki,44.5167,14.3
JPSXT,"Seto, Kagawa",32.9333,129.6333
JPSXZ,Nakanoto,36.9833,136.9
JPSYD,Sanyo Onoda Yamaguchi,34.0833,131.1833
JPSYM,Sonoyama,51.5,5.5
JPSZI,Shinjima,4.2167,7.3833
JPTAA,Takamijima,4.2167,7.3833
JPTAB,Tabugawa,6.1167,105.2833
JPTAC,Tachiyama,47.0833,18.4
JPTAG,Tagi,-3.2833,116.1667
JPTAJ,Tajiri,33.5167,44.2667
JPTAM,Tamano,45.2167,36.7167
JPTAO,Tago,-45.8,170.6167
JPTAR,Tahara,-38.15,174.7333
JPTAW,Tannowa,63.3167,12.5333
JPTAZ,Tai,46.9167,15.25
JPTBN,Tachibana,47.0833,18.4
JPTBO,Tobo,33.4833,129.9333
JPTBT,Tobata/Kitakyushu,33.8833,130.8333
JPTBU,Tabu,41.7,-1.55
JPTEE,Take,-17.8333,-140.85
JPTEI,Tei,48.3833,15.5167
JPTGO,Tagonoura,59.4667,17.3833
JPTHS,Toyohashi,1.0,15.9
JPTJI,Takarajima,4.2167,7.3833
JPTJK,Takashima/Masuda,4.2167,7.3833
JPTJM,Tojima,4.2167,7.3833
JPTJO,"Toshima, Hyogo",4.2167,7.3833
JPTJR,"Tajiri, Tottori",33.5167,44.2667
JPTJS,Tokashiki,36.1833,29.6333
JPTKG,"Takasu, Kagoshima",4.2167,7.3833
JPTKH,Takahama/Amakusa,32.3667,130.0
JPTKI,Taki,38.5167,23.6333
JPTKO,Tokonami,59.4667,17.3833
JPTKS,Tokushima,34.0167,133.8
JPTKT,Taketoyo,1.0,15.9
JPTKY,Tokuyama,34.0,131.7667
JPTME,Tomie,37.0167,137.8
JPTMM,Tomiku,37.0167,137.8
JPTMN,Tamanoura,45.2167,36.7167
JPTMO,"Tomioka, Kumamoto",37.0167,137.8
JPTMT,"Tamatsu, Okayama",49.05,4.0
JPTMU,Tomitsu,37.0167,137.8
JPTND,Tonda,59.4667,17.3833
JPTNH,Tonoshohigash,60.1667,5.4667
JPTNO,Tonosho,60.1667,5.4667
JPTNS,Tsunoshima,4.2167,7.3833
JPTNU,Tanoura/Kitakyushu,33.8333,130.8333
JPTNY,Taniyama,31.2833,130.3167
JPTOA,Toyo,33.9167,133.0833
JPTOB,Toba,42.05,-5.6333
JPTOC,Togane,35.5667,140.3667
JPTOI,Toi,50.5667,3.45
JPTOJ,Toga,35.5667,140.3667
JPTOM,"Tomioka, Tokushima",37.0167,137.8
JPTON,Tonoura,59.4667,17.3833
JPTOS,Toyamashinko,36.5667,138.0667
JPTOX,Toshima/Tokyo,34.5167,139.2667
JPTOY,Toyama,36.8,137.1167
JPTRC,Tsuruuchi,22.65,59.4333
JPTRG,Tsuruga,22.65,59.4333
JPTRU,"Tsurumi, Okayama",49.05,4.0
JPTSG,Takasago,36.1833,29.6333
JPTSI,Teshima,4.2167,7.3833
JPTSK,Tsurusaki,22.65,59.4333
JPTSM,Takashima/Nishisonogi,33.2833,130.2
JPTSU,Tsu,-20.25,149.0167
JPTSX,Takeshima,4.2167,7.3833
JPTSZ,Tosashimizu,60.1667,5.4667
JPTTH,Taketomihigashi,37.0167,137.8
JPTTK,Tsuzuki Ku,35.5333,139.5667
JPTUB,Tsubame,37.65,138.9333
JPTUI,Tsui,22.3,114.1667
JPTUS,Toyoshige,1.0,15.9
JPTUZ,Tsuzu Yamaguchi,34.05,132.2
JPTXD,Tokuyamakudamatsu,34.0,131.7667
JPTXK,"Takasu, Fukui",36.1833,29.6333
JPTXN,Tokoname,59.4667,17.3833
JPTYA,Toyota,35.0833,137.1667
JPTYH,"Toyohama, Kagawa",1.0,15.9
JPTYJ,"Toyohama, Aichi",1.0,15.9
JPTYO,Tokyo,35.6833,139.75
JPTYP,Tsuyoshi,60.1667,5.4667
JPTYR,Toyoura,1.0,15.9
JPTYU,Tayui,49.05,4.0
JPUBJ,Ube,49.9167,7.9
JPUCN,Uchinomi,37.0167,137.8
JPUCR,"Uchiura, Ishikawa",26.4167,127.8167
JPUDD,Udo,50.4833,3.8167
JPUDO,Udono,59.4667,17.3833
JPUGA,Uga,24.0333,91.0167
JPUKB,Kobe,34.6833,135.1667
JPUKJ,Ukejima,4.2167,7.3833
JPUKN,Uken,51.8167,5.8
JPUMG,Umagoe,45.4167,13.5167
JPUNM,Uranomae,18.8833,72.9333
JPUNO,Uno,52.9167,14.1167
JPUNS,Unoshima,4.2167,7.3833
JPUOU,"Uozu, Shimane",4.2167,7.3833
JPURA,Ura,-12.25,135.0833
JPUSA,Usa/Tosa,60.1667,5.4667
JPUSG,Ushigakubijima,4.2167,7.3833
JPUSH,Ushimado,4.2167,7.3833
JPUTS,"Utsumi, Hiroshima",4.2167,7.3833
JPUUN,Unnan,35.2833,132.9
JPUWA,Uwajima,4.2167,7.3833
JPUZK,Uzuki,35.5333,139.5667
JPWAI,Waita,-35.25,174.0833
JPWAK,Wakayama,49.05,4.0
JPWAM,Wakamatsu/Kitakyushu,33.8833,130.8167
JPWAN,Wan,-25.9667,-54.6
JPWDA,Wada,18.9833,73.75
JPWJM,Wajima,4.2167,7.3833
JPWKT,Wakatsu,51.5667,3.8667
JPWKW,Wakinosawa,60.1667,5.4667
JPXCA,Niikappu,42.3667,142.3167
JPYAN,Yanai,37.4667,121.3833
JPYCH,Yachiyo,35.7333,140.1
JPYDA,"Yoshida, Aichi",60.1667,5.4667
JPYHA,Yoshiura/Yunotsu,60.1667,5.4667
JPYHI,Yoshiumi,34.1333,133.0333
JPYKS,Yokoshima/Kurahashi,36.8667,27.25
JPYKT,"Yokota, Hiroshima",42.2667,8.75
JPYMA,Yasurahama,22.65,59.4333
JPYMD,"Yamada, Okayama",49.05,4.0
JPYMG,Yamaguchi,34.0833,131.1833
JPYNI,Yani,17.9667,-66.8167
JPYNZ,Yonouzu,59.4667,17.3833
JPYOG,Yonegura,59.4667,17.3833
JPYOK,Yokohama,35.45,139.65
JPYOR,Yoro,35.3,136.55
JPYOS,Yokosuka,35.2833,139.6667
JPYRO,Yoro,35.3,136.55
JPYSD,"Yoshida, Ehime",60.1667,5.4667
JPYSM,Yoshima,4.2167,7.3833
JPYSN,Yoshinozaki,60.1667,5.4667
JPYSR,Yoshiura/Misumi,60.1667,5.4667
JPYSS,Yoshiase,60.1667,5.4667
JPYSU,Yoshiura,60.1667,5.4667
JPYSZ,Yoshizu,60.1667,5.4667
JPYUR,"Yura, Wakayama",49.05,4.0
JPYWT,Yawata/Kitakyushu,33.85,130.8
JPZKA,Iizuka,33.65,130.6833
KEKIL,Kilindini,58.3333,24.2833
KEMYD,Malindi,46.9667,-118.6
KESIA,Siaya,0.0667,34.2833
KESMN,Shimoni,-4.65,39.3833
KHKKO,Kas Kong,59.4667,17.3833
KHKOS,Kampong Saom,10.6,103.5167
KHTKH,Ta Khmau,11.4833,104.95
KIBIR,Birnie Island,-3.5833,-171.5167
KIEBI,Enderbury Island,-3.15,-171.0833
KIFIS,Fanning Islands,63.3167,12.5333
KIHUL,Hull Island,-4.5167,-172.1833
KIMCK,Mckean Island,-3.5833,-174.1167
KINIK,Nikumaroro,-4.6833,-174.5167
KISYI,Sydney Island,-4.4667,-171.25
KIWNI,Washington Islands,41.65,-73.3167
KMAJN,Anjouan Apt,-12.25,44.4167
KMFOU,"Foumboni, Moheli",53.0167,122.45
KMMUT,"Mutsamudu, Anjouan",-12.15,44.3833
KMYVA,Moroni,10.4833,-68.2
KNBAS,"Basseterre, Saint Kitts",43.4,3.7
KNCHA,Charlestown,17.1333,-62.6167
KNNEV,Nevis,17.15,-62.5833
KPCHO,Chongjin,59.4667,17.3833
KPODA,Odaejin,41.3833,129.75
KPRIW,Riwon,40.3167,128.6333
KPRJN,Rajin (Najin),42.2167,130.2833
KPSAM,Samcha do,39.4,124.7167
KPSGN,Songnim,38.7667,125.5833
KPSIN,Sinpo,40.0667,128.2667
KPSON,Songjin,51.5,5.5
KPTCH,Tanchon,40.4167,128.9333
KPWON,Wonsan,59.4667,17.3833
KRANJ,Anjeong,34.95,128.4333
KRAWL,Aewol,33.45,126.3167
KRBIN,Biin,36.1167,126.4833
KRBJG,Busanjin-Gu,35.15,129.05
KRBNP,Busan New Port,35.0833,128.8167
KRBOR,Boryeong,36.3167,126.5
KRBUK,Bupyong/Incheon,37.5,129.1333
KRCHA,Jeju,33.5,126.5167
KRCHF,Jinhae,35.1333,128.65
KRCHG,Janghang/Seocheon-gun,36.0,126.6833
KRCJA,Chuja,33.95,126.3
KRDBL,Daebul/Yeongam-gun,34.75,126.4333
KRDCN,Daecheon,36.3167,126.5
KRDDO,Dokdo,37.2333,131.85
KRDHS,Daeheuksando,34.6833,125.4333
KRGDO,Galdoo,34.3,126.5167
KRGGH,Gageohyangri,34.0667,125.0833
KRGGU,Ganggu,36.35,129.3833
KRGIN,Gyeongin,37.5333,126.6
KRGMD,Geomundo,34.0167,127.3
KRGRP,Guryongpo,35.9833,129.55
KRHAS,Hosan,37.1667,129.35
KRHDO,Hongdo,34.65,125.1833
KRHHP,Hwahungpo,34.3,126.6667
KRHLM,Hallim,33.4167,126.25
KRHPO,Hupo,36.6667,129.45
KRHSN,Hwasun,33.2333,126.3333
KRINC,Incheon,37.45,126.6167
KRJHA,Junghwa,34.7833,128.3667
KRJMJ,Jumunjin,37.8833,128.8333
KRKAN,Gwangyang,34.9333,127.7
KRKCN,Gamcheon/Busan,35.0833,129.0
KRKDO,Kukdo,34.5333,128.4333
KRKHN,Gohyeon/Geoje,34.8833,128.6167
KRKJE,Geoje,34.85,128.5833
KRKPO,Pohang,36.0333,129.3667
KRKUV,Gunsan,35.9833,126.7167
KRKWA,Kwangyang,33.5,126.5333
KRMAS,Masan,35.2,128.5667
KRMIP,Mipo/Ulsan,35.5167,129.4333
KRMOK,Mokpo,34.8,126.3833
KRMUK,Mukho/Donghae,37.5333,129.1
KRNDS,Nokdongsin,34.5167,127.1333
KRNRD,Narodo,34.3833,127.25
KROKK,Okgye/Gangneung,37.6,129.0333
KROKP,Okpo/Geoje,34.8833,128.7
KRONS,Onsan/Ulsan,35.4333,129.35
KRPTK,Pyeongtaek,36.9667,127.1
KRPUS,Busan,35.1333,129.05
KRSBU,South Busan,35.0833,129.15
KRSCP,Samcheonpo/Sacheon,34.9167,128.0667
KRSEL,Seoul,37.5167,126.9333
KRSGG,Songgong,34.8333,126.2167
KRSHG,Sinhang/Pohang,36.0833,129.55
KRSHO,Sokcho,38.2,128.5833
KRSMA,Shinma,34.4333,126.85
KRSPO,Seogwipo,33.2333,126.55
KRSSP,Seongsan-po,33.45,126.9167
KRSUK,Samcheok,37.4333,129.1833
KRSUO,Suwon,37.25,127.2333
KRSWD,Sangwangdeungdo,35.65,126.1333
KRTAN,Taean-gun,36.7167,126.2667
KRTGA,Tonghae,37.5333,129.1
KRTGH,Donghae,37.4833,129.1167
KRTJI,Dangjin,36.9667,126.7833
KRTSN,Daesan/Seosan,37.0,126.3667
KRTYG,Tongyeong,34.8333,128.4167
KRULL,Ulleung,37.4667,130.9
KRUSN,Ulsan,35.5333,129.3167
KRWND,Wando-gun,34.3,126.75
KRYGP,Yonggipo,37.95,124.7167
KRYOC,Yochon,36.65,128.45
KRYOS,Yeosu,34.75,127.7167
KRYPD,Yeonpyeongdo,37.65,125.7
KWDOH,Doha,29.3833,47.8
KWKHT,As Sulaybikhat,49.05,4.0
KWMEA,Mina' al Ahmadi,29.0667,48.15
KWMIB,Mina' 'Abd Allah,29.0167,48.1667
KWMIS,Mina Saud,28.7667,48.4667
KWMZR,Mina Al Zour,28.7167,48.4
KWSAA,Shuaiba,29.0333,48.1333
KWSAL,As Salimiyah,29.3333,48.0833
KWSMY,Salmiya,29.3333,48.0833
KWSWK,Shuwaikh,29.35,47.9333
KYGEC,"Georgetown, Grand Cayman",19.3,-81.3833
KZAAU,Aktau,43.65,51.15
KZBTN,Bautino,44.5333,50.25
KZTAU,Temirtau,50.05,72.95
LBACT,Amchit,34.15,35.6333
LBBEY,Beirut,33.8333,35.4833
LBBRU,Brummana,35.8833,35.6167
LBBYL,Byblos,34.1167,35.65
LBDRA,Dora,33.9167,35.5667
LBKYE,Tripoli,40.6667,-75.75
LBLN8,Bekaa,34.0,36.1333
LBSAY,Sayda,33.55,35.3667
LBSUR,Sur (Tyre),59.4833,10.3667
LBZUK,Zouk,33.9667,35.6333
LCCAS,Castries,14.0167,-60.9667
LKBRW,Beruwala,-19.7167,163.65
LKCMB,Colombo,6.9167,79.85
LKGAL,Galle,-51.6333,-69.2167
LKHBA,Hambantota,6.1167,81.1167
LKJCT,Jaya Container Terminal,44.5,-70.2167
LKKAY,Kayts,49.05,4.0
LKKCT,Koggala,5.9833,80.3333
LKKON,Kondavattavan,7.2833,81.6333
LKMAN,Mannar,63.3167,12.5333
LKMAW,Mawella,5.9833,80.7333
LKOLU,Oluvil,7.2833,81.85
LKTAL,Talaimannar,4.2167,7.3833
LKTRR,Trincomalee,4.1667,73.5
LKUCT,Unity Container Terminal,13.5833,100.5833
LRCPA,Cape Palmas,40.4167,-75.5333
LRGRE,Greenville,59.4833,10.3667
LRHAR,Harper,4.3667,-7.7167
LRLOB,Lower Buchanan,57.9,0.0333
LRMAR,Marshall,35.7833,-82.6833
LRMLW,Monrovia,6.3,-10.8
LRROX,Robertsport,-37.1833,139.75
LRRVC,River Cess,5.4667,-9.5833
LRSAB,Sarioe Bay,49.05,4.0
LRSAZ,Sasstown,69.0167,15.1333
LRTRT,Trade Town,30.8833,-98.4667
LTBOT,Botinge,56.0667,21.1167
LTKLJ,Klaipeda,55.7167,21.1167
LTMLM,Malku ilankos juru uosto PVP/Klaipeda,55.7167,21.1167
LTMOM,Molo juru uosto PVP/Klaipeda,55.7167,21.1
LTPLM,Pilies juru uosto PVP/Klaipeda,55.7167,21.0833
LUBKM,Bech-Kleinmacher,49.5333,6.35
LUEZT,Esch-sur-Alzette,49.5,5.9833
LUHDK,Huldange,50.15,6.0
LUMRT,Mertert,49.7,6.4833
LUROD,Rodange,62.5167,15.6167
LUWLG,Wormeldange,49.6,6.4
LUXXX,RIS Inland waterways,-38.0,145.1167
LUZXC,Grundhof,49.8333,6.3167
LVEGE,Engure,57.1667,23.2167
LVLPX,Liepaja,56.5167,21.0167
LVMRX,Mersrags,57.3333,23.1
LVPVT,Pavilosta,56.8833,21.1833
LVRIX,Riga,16.9667,-88.2167
LVROJ,Roja,57.5,22.8
LVSAL,Salacgriva,57.75,24.35
LVSKU,Skulte,57.3167,24.4333
LVZJA,Jurmala,56.95,23.75
LYABA,Al Bayda,49.05,4.0
LYABK,Abu Kammash,6.1167,105.2833
LYAPO,Apollonia,59.4667,17.3833
LYBAR,Bardiyah,31.7667,25.1
LYBUA,Bu'ayrat al Hasun,31.4,15.7333
LYDRX,Darnah,32.7667,22.6333
LYELK,El Choms,32.65,14.2667
LYESI,As Sidr,30.6333,18.3667
LYKHO,Al Khums,32.65,14.2667
LYLMQ,Marsa Brega,35.8667,14.4833
LYMEH,Marsa El Hania,35.8667,14.4833
LYMEL,Mellitah (Qasr Ahmed),32.6,15.35
LYMHR,Marsa el Hariga,32.05,24.0
LYMRA,Misurata,21.1667,72.8333
LYSRT,Sirte (Surt),22.65,59.4333
LYTIP,Tripoli,40.6667,-75.75
LYTOA,Toulmeitha,48.4,10.0
LYZAW,Az Zawiyah,32.75,12.7167
MA6KN,Souq Larb'A Al Gharb,34.6667,-5.9667
MAAHU,Al Hoceima,35.25,-3.9333
MAANZ,Anza,30.45,-9.65
MABUJ,Boujdour,26.1333,-14.4833
MACAS,Casablanca,33.5833,-7.6
MAD2V,Ar Rommani,33.5167,-6.6
MAELJ,El Jadida,33.25,-8.5
MAESS,Essaouira,31.4167,-9.5
MAMOH,Mohammedia,51.0833,3.5333
MANDR,Nador,-2.5833,-51.95
MANPS,"Nouveau Port Safi, Sidi Boudenyan",32.1667,-9.2667
MAPTM,Tanger Med,51.6667,0.9
MARBA,Rabat,44.75,14.75
MAREM,Ras El Ma,35.1167,-2.4
MARNA,Roches Noires,33.6,-7.5667
MASAL,Sale,34.0333,-6.8
MASFI,Safi,32.1667,-9.2667
MASMD,Ait Melloul,30.3333,-9.4833
MATNG,Tangier,35.7833,-5.8167
MATTU,Tetouan,35.5667,-5.3833
MCMCM,Monte-Carlo,43.7333,7.4167
MCMON,Monaco,59.4667,17.3833
MDGIU,Giurgiulesti,45.4667,28.1833
MDXXX,RIS Inland waterways,-38.0,145.1167
MEBAR,Bar,42.0833,19.0833
MEBIJ,Bijela,42.45,18.6667
MEBUD,Budva,42.2833,18.8333
MEHNO,Hercegnovi,42.45,18.5333
MEIGL,Igalo,42.4667,18.5167
MEKOT,Kotor,42.4167,18.7667
MEPVC,Petrovac,42.2,18.9333
MERSN,Risan (Risano),42.5167,18.7
METIV,Tivat,42.4333,18.7
MEULC,Ulcinj,41.9167,19.2
MEZEL,Zelenika,42.45,18.5833
MFGES,Galisbay,18.0667,-63.0833
MFMAR,Marigot,18.0667,-63.0833
MGANM,Antalaha,9.45,8.4667
MGBMD,Belo,50.55,3.7167
MGBPY,Besalampy,61.2167,17.15
MGBRR,Barren Islands,42.0833,19.0833
MGDWB,Soalala,61.2167,17.15
MGEHL,Ehoala,-25.0667,46.95
MGFTU,Fort Dauphin (Toalagnaro),55.2667,9.75
MGHLV,Hell-Ville,51.2167,5.8
MGMOB,Manombo,59.2333,6.0167
MGMOQ,Morondava,59.4667,17.3833
MGNOS,Nosy-Be,-13.3333,48.25
MGNOV,Nosy-Varika,60.1667,5.4667
MGPSL,Port Saint Louis,16.0333,-16.5
MGWMN,Maroantsetra,55.2667,9.75
MHMAJ,Majuro,7.1,171.3833
MHTAR,Taroa,55.2667,9.75
MKDKJ,Demir Kapija,41.4,22.2333
MKNOD,Novi Dojran,41.2167,22.7
MKRAD,Radovis,41.65,22.5
MKSNI,Sveti Nikole,41.85,21.9333
MMBIL,Bilin,50.55,13.7667
MMKYA,Kyaiklat,16.5667,95.7833
MMMNU,Mawlamyine (Moulmein),48.4,10.0
MMMUR,Murdon,59.4667,17.3833
MMMXE,Male,4.1667,73.5
MMRGN,Yangon,59.4667,17.3833
MMSNW,Thandwe (ex Sandoway),60.2167,-1.3833
MMTAS,Tah Sala,61.2167,17.15
MMTEN,Tanintharyi,12.0833,99.0167
MMTHA,Thaton,59.4667,17.3833
MMTLA,Thilawa,16.65,96.25
MMVIC,Victoria Point,48.4333,-123.35
MMXYE,Ye,-42.8333,147.3
MOMFM,Macau,22.2,113.5333
MQADA,Les Anses-d'Arlet,14.4833,-61.0833
MQFDF,Fort-de-France,14.6,-61.05
MQKF4,Le Vauclin,14.55,-60.85
MQLER,Le Robert,14.6667,-60.9333
MQPFI,Le Marigot,14.8167,-61.0333
MQQPC,Port de Fort-de-France Pt.,14.6,-61.05
MQSF4,Le Precheur,14.8,-61.2333
MQWF3,Case-Pilote,14.6333,-61.1333
MRPCE,Point Central,42.3833,-122.9167
MRROS,Rosso,16.5,-15.9167
MSLTB,Little Bay,16.8,-62.2
MSPLY,Plymouth,50.4,-4.1167
MTBAL,Balzan,35.9,14.45
MTBLA,Blata l'Bajda,-10.7167,165.8
MTBZE,Birzebbugia,35.8333,14.5333
MTDIS,Malta Freeport Distripark,35.8333,14.5333
MTDMP,Delimara,35.8167,14.55
MTFLO,Floriana,35.8833,14.5
MTGZI,Gzira,35.9,14.4833
MTKIR,Kirkop,35.8333,14.4833
MTMAR,Marsaxlokk,35.8333,14.5333
MTMGZ,"Mgarr, Gozo",36.0167,14.2833
MTMLA,Valletta,35.8833,14.5
MTMSA,Marsa,35.8667,14.4833
MTMSS,Marsaskala,35.8667,14.55
MTMSX,Marsamxett,35.9,14.5
MTSLM,Sliema,35.9,14.5
MTSPB,Saint Paul's Bay (San Pawl il-Bahar),35.9333,14.3833
MTTAR,Tarxien,35.85,14.5
MUABN,Albion,-20.2,57.4
MUCUR,Curepipe,59.4833,10.3667
MUPLU,Port Louis,47.7167,-3.35
MUPMA,Port Mathurin,-19.6833,63.4167
MUTAM,Tamarin,-20.3167,57.3667
MVADU,Addu,33.3333,43.5833
MVBAL,Baa Atoll,5.1333,72.95
MVCPP,Coastline Private Port,4.1667,73.45
MVHHE,Hulhule Island,4.1833,73.5167
MVHID,Halaveli,4.0333,72.9167
MVHMT,Hulhumale,4.2333,73.55
MVHTP,Hithadhoo Port,-0.6333,73.1
MVKDP,Kulhudhuffushi Port,6.6167,73.0667
MVKFP,Koodoo Fisheries,0.7333,73.4333
MVKUL,Kulhudhuffushi,6.6167,73.05
MVMCP,Male' Commercial Harbor,4.1667,73.5
MVMGP,Maldive Gas,4.1833,73.45
MVMLE,Male,4.1667,73.5
MVMMP,Maamigili Port,3.4667,72.8333
MVRGI,Rangali,3.6,72.7
MVVHP,Villa Hakatha,4.1833,73.4333
MWCPK,Chipoka,-14.0,34.5167
MWTHY,Thyolo,-16.0667,35.1333
MX4TE,Tepetlixpac,19.0333,-98.8167
MX9AS,Xochimancas,18.7833,-99.1
MXAAO,Camargo,28.1,-105.2667
MXABB,Atunes,55.6,12.1833
MXACA,Acapulco,16.85,-99.8667
MXACM,Acolman,19.6167,-98.9167
MXAOB,Alvaro Obregon,55.2667,9.75
MXAPR,Agua Prieta,31.3,-109.5667
MXARZ,Arizpe,30.3333,-110.1667
MXATM,Altamira,22.4,-97.9167
MXATN,Amatitan,20.8333,-103.7167
MXAVD,Alvarado,32.4,-97.2
MXBDR,Boca del Rio,19.1167,-96.1167
MXCAT,Cayo Arcas Terminal,19.6833,-92.0833
MXCDD,Ciudad Madero,22.2667,-97.8333
MXCED,Cedros,28.1167,-115.1667
MXCME,Ciudad del Carmen,18.6333,-91.8333
MXCOA,Coatzacoalcos,18.1333,-94.4
MXCRI,Cedros Island,28.1667,-115.2167
MXCSG,Ciudad Sahagun,19.7667,-98.5667
MXCSL,Cabo San Lucas,22.8833,-109.8833
MXCTL,Cuautla,20.2,-104.4
MXCTX,Cotaxtla,18.8333,-96.3833
MXCZM,Cozumel,20.5167,-86.9333
MXDBT,Dos Bocas Terminal,18.5,-93.1833
MXDHD,Dolores Hidalgo,21.15,-100.9167
MXEA2,Barretal,24.0833,-99.1167
MXELD,Eldorado,-26.35,-54.6833
MXEPM,Empalme,27.9667,-110.8167
MXESE,Ensenada,31.85,-116.6
MXFRN,Frontera,18.5333,-92.6333
MXGET,General Teran,25.2667,-99.6833
MXGRA,Granjas,21.1833,-101.75
MXGSV,Guasave,25.5667,-108.45
MXGYM,Guaymas,27.9167,-110.8833
MXHTO,Huatulco (Santa Maria Huatulco),15.8333,-96.3167
MXHUN,Hunucma,20.9167,-89.8
MXISJ,Isla Mujeres,59.4833,10.3667
MXJDZ,Juchitan de Zaragoza,16.4333,-95.0167
MXJMN,Jimenez,28.3333,-105.4
MXJZA,Jerez,59.4833,10.3667
MXLAP,La Paz,24.1333,-110.3
MXLTJ,La Troje,21.7667,-102.5333
MXLTO,Loreto,26.0167,-112.6167
MXLZC,Lazaro Cardenas,17.95,-102.1833
MXMAZ,Mazamitla,19.9167,-103.0333
MXMHT,Magdalena/Hostotipaquillo,20.9167,-103.95
MXMID,Merida,20.9667,-89.6167
MXMRE,Morro Redondo,47.65,-2.0833
MXMZT,Mazatlan,23.4,-106.4
MXNAU,Nautla,20.2167,-96.7833
MXOBR,Obregon,22.25,-101.2667
MXPAJ,Pajaritos,18.1167,-94.3833
MXPBJ,Punta Baja,29.9667,-115.8167
MXPCM,Playa del Carmen,20.6167,-87.0667
MXPGO,Progreso,21.2667,-89.65
MXPIC,Pichilingue,24.3,-110.3167
MXPMD,Puerto Madero,14.7167,-92.4167
MXPMS,Puerto Morelos,20.8333,-86.8667
MXPMX,Puerto Mexico,44.65,-70.5333
MXPNG,Puerto Angel,15.6667,-96.4833
MXPTA,Puerta,23.3667,-106.3333
MXPUL,Puerto Libertad,29.9,-112.6667
MXPVN,Punta Venado,20.5333,-87.15
MXPVR,Puerto Vallarta,20.6,-105.2167
MXRBG,Rabon Grande/Coatzacoalcos,18.2167,-94.4
MXRBV,Ciudad Rio Bravo,25.9667,-98.0833
MXRST,Rosarito Terminal,32.3333,-117.1
MXSCR,San Carlos,-33.7667,-69.0333
MXSCX,Salina Cruz,16.1667,-95.1833
MXSEY,Seybaplaya,19.65,-90.7
MXSGX,San Miguel Xoxtla,19.1833,-98.3
MXSJC,San Juan de la Costa,-15.3667,-75.1667
MXSLO,San Lorenzo,1.25,-78.8333
MXSMI,Isla San Marcos,27.2167,-112.1
MXSN2,Santa Ana,30.1833,-110.5167
MXSRL,Santa Rosalia,43.9333,15.1667
MXSTT,Santa Teresa,22.4667,-104.7333
MXTAB,Chiltepec,18.4167,-93.0833
MXTAK,Takuntah,19.75,-91.7
MXTAM,Tampico,22.25,-97.8667
MXTCU,Tecuala,61.2167,17.15
MXTEN,Tenabo,20.05,-90.2333
MXTIJ,Tijuana,32.5333,-117.0167
MXTJT,Tlalpan,19.2833,-99.1667
MXTMP,Tamaulipas,24.9,-107.5833
MXTPB,Topolobampo,25.6,-109.05
MXTPX,Santa Cruz Tepexpan,19.5667,-99.7
MXTUX,Tuxpan,20.95,-97.4
MXTXC,Tiaxcala,19.3833,-98.25
MXTXH,Telixtlahuaca,17.3,-96.9
MXVER,Veracruz,19.2,-96.0833
MXVNR,Villa Nicolas Romero,19.6333,-99.3
MXXAL,Xalostoc,19.5167,-99.0833
MXXIH,Zihuatanejo,17.6333,-101.55
MXZCA,Cadereyta Jimenez,25.6,-100.0
MXZIH,Ixtapa/Zihuatanejo,17.6667,-101.65
MXZIP,Ixtapaluca,19.2833,-98.55
MXZKP,Zakapu,19.8,-101.8
MXZLO,Manzanillo,19.05,-104.3
MXZRZ,Zaragoza,19.7667,-97.5333
MYABU,Abu,6.1167,105.2833
MYANG,Angsi,5.0833,104.6833
MYASQ,Teronoh,4.4167,100.9833
MYBAK,Batang Kali,3.4667,101.6333
MYBBA,"Batu Batu, Sabah",5.0333,115.95
MYBDV,"Bandau, Sabah",6.5,116.7667
MYBEA,Beaufort,5.3333,115.75
MYBEL,"Beluran, Sabah",5.8833,117.55
MYBGR,Bunga Raya,6.95,104.1
MYBGU,Bangau,6.95,116.7
MYBKI,"Kota Kinabalu, Sabah",5.9667,116.0667
MYBRU,Pulau Bruit,2.5833,111.3333
MYBST,Kuala Besut,5.8333,102.5667
MYBTG,"Betong, Sarawak",59.4667,17.3833
MYBTK,Bandar Tenggara,1.8667,103.6167
MYBTM,Batu Maung,5.2833,100.2833
MYBTN,Bintangor,12.4167,-15.3167
MYBTW,Batu Kawan,5.25,100.4167
MYCEN,Cendor,5.5667,104.55
MYDGN,Kuala Dungun,4.7833,103.4333
MYDRO,"Daro, Sarawak",55.2667,9.75
MYHUM,Hutan Melintang,3.8833,100.9333
MYJAM,"Jambongan, Sabah",6.6667,117.5
MYJEL,Jelutong,5.4,100.3167
MYKAB,"Kabong, Sarawak",59.4667,17.3833
MYKBA,Kuala Baram,4.5667,113.9833
MYKBD,"Kota Belud, Sabah",6.35,116.4333
MYKBE,"Kuala Belud, Sabah",17.6333,-63.2333
MYKBR,Kota Bharu,42.2667,8.75
MYKBS,Kuala Besar,61.2167,17.15
MYKET,Kertih,4.5167,103.45
MYKIM,"Kimanis, Sabah",5.6167,115.9
MYKKH,Kuala Kedah,61.2167,17.15
MYKPN,Kepong,3.2167,101.6333
MYKPS,Kuala Perlis,47.6667,12.1667
MYKPU,"Kuala Penyu, Sabah",17.6333,-63.2333
MYKRE,Krety,59.4833,10.3667
MYKSD,Kuala Sedili,61.2167,17.15
MYKSG,"Kuala Segama, Sabah",17.6333,-63.2333
MYKSL,Kuala Selangor,3.3333,101.05
MYKSS,Kota Sarang Semut,56.5,102.6667
MYKTI,Kota Tinggi,42.2667,8.75
MYKUA,Kuantan (Tanjong Gelang),37.0667,14.25
MYKUD,"Kudat, Sabah",17.6333,-63.2333
MYKUG,Kuala Gula,61.2167,17.15
MYKUN,"Kunak, Sabah",17.6333,-63.2333
MYLAU,Pulau Indah,2.9333,101.3167
MYLBH,Labuan Haji,4.4833,118.6333
MYLBU,"Labuan, Sabah",5.2833,115.2333
MYLDU,"Lahad Datu, Sabah",17.6333,-63.2333
MYLGK,Langkawi,6.3667,99.8
MYLPK,Northport/Pt Klang,45.1167,-85.6167
MYLUT,"Lutong, Sarawak",59.4667,17.3833
MYMAN,Manjung,4.15,100.6167
MYMBK,Merbok,5.7167,100.4167
MYMBS,Menumbok,5.3,115.3667
MYMEM,"Mempakul, Sabah",17.6333,-63.2333
MYMEN,Nenasi,3.1333,103.45
MYMEP,Mersing,36.7167,34.6333
MYMKZ,Malacca,61.2167,17.15
MYMUA,Muar,0.4,103.7833
MYMUD,Muda Marine Terminal,7.5833,102.9833
MYNII,Nilai,2.8167,101.8
MYPBA,"Pulau Batik, Sabah",17.6333,-63.2333
MYPDI,Port Dickson,51.5,5.5
MYPED,Pedena,44.7,-72.5333
MYPEN,Penang (Georgetown),5.4167,100.3167
MYPGG,Pengerang,1.3667,104.1167
MYPJK,Pulau Jarak,3.9667,100.0833
MYPKG,Port Klang (Pelabuhan Klang),3.0,101.4
MYPKK,Pengkalan Kubor,61.2167,17.15
MYPMT,Penara Marine Terminal,6.1167,105.0167
MYPND,Pending,1.55,110.3833
MYPOW,Pontian,59.4667,17.3833
MYPPI,Pulau Pisang,44.8667,13.8333
MYPRA,Perai,5.3833,100.3833
MYPRN,Kuala Rompin,61.2167,17.15
MYPTB,"Pulau Tambisan, Sabah",17.6333,-63.2333
MYPUN,"Punang, Sarawak",-2.7333,-79.9167
MYREJ,"Rejang, Sarawak",59.4833,10.3667
MYSAM,Samu,1.55,111.5333
MYSAR,Sarikei,2.1167,111.5167
MYSBT,Sabahat,5.0667,119.0333
MYSDK,"Sandakan, Sabah",17.6333,-63.2333
MYSEL,"Selalang, Sarawak",61.2167,17.15
MYSEP,"Sepang, Selangor",2.7,101.75
MYSGG,Sungai Udang,2.25,102.0833
MYSGM,Segamat,2.5,102.8167
MYSHA,Shah Alam,61.2167,17.15
MYSIL,Silay,49.05,4.0
MYSIP,Samalaju,3.95,113.5333
MYSME,Sri Medan,51.6667,0.9
MYSMG,"Simanggang, Sarawak",4.2167,7.3833
MYSMM,"Semporna, Sabah",17.6333,-63.2333
MYSNR,Senari - Sarawak,1.6,110.4333
MYSPG,"Simpangan, Sabah",17.6333,-63.2333
MYSPT,"Sipitang, Sabah",17.6333,-63.2333
MYSRE,Sungai Rengit,59.4833,10.3667
MYSUM,Sungai Merah,2.3333,111.8333
MYSUP,Sungai Udang Port,2.25,102.1333
MYSUW,Sungai Way,3.0833,101.6167
MYTAG,Tanjung Lembung,6.2833,99.7833
MYTAI,Tampoi,1.4833,103.6833
MYTBA,Tanjong Baran,42.0833,19.0833
MYTBE,Tanjong Berhala,61.2167,17.15
MYTBI,Tanjong Bin,1.3333,103.55
MYTDA,Tanjong Dawai,59.4667,17.3833
MYTEN,"Tengku, Sabah",17.6333,-63.2333
MYTGE,Tanjung Gelang,3.9833,103.4167
MYTGG,Kuala Terengganu,59.4833,10.3667
MYTJH,Batu Gajah,4.4667,101.05
MYTKI,Tanjong Kidurong,59.4667,17.3833
MYTKP,Kampong Tanjong Kupang,1.35,103.5833
MYTLA,Kampung Tanjung Langsat,1.4667,104.0167
MYTMG,Tomanggong,59.4667,17.3833
MYTMP,Tanjung Manis,2.1333,111.35
MYTPP,Tanjung Pelepas,1.3667,103.55
MYTRB,Teluk Rubiah,49.8167,100.6167
MYTSR,Tanjong Surat,21.1667,72.8333
MYTUB,Tubau,3.1333,113.7
MYTWU,"Tawau, Sabah",17.6333,-63.2333
MYWAL,"Wallace Bay, Sabah",17.6333,-63.2333
MYWES,"Weston, Sabah",17.6333,-63.2333
MYXPQ,Port Klang (Ferry Port),3.0167,101.3667
MZBEL,Bela Vista,-28.5,-59.05
MZBEW,Beira,-2.9833,-44.3
MZCOR,Coropoa,-16.5333,39.6833
MZIBO,Ibo,-12.1833,-43.2167
MZINE,Chinde,-28.2333,153.55
MZMNC,Nacala,61.2167,17.15
MZMZB,Mocimboa da Praia,-11.3333,40.35
MZNSO,Nova Sofala,61.2167,17.15
MZPBE,Porto Belo,-27.1333,-48.6
MZUEL,Quelimane,4.2167,7.3833
NALUD,Luderitz,-26.65,15.1667
NARUA,Ruacana,-17.4333,14.35
NAWVB,Walvis Bay,49.05,4.0
NCDUS,Ducos,-22.2333,166.45
NCKOU,Kouaoua,-21.4,165.8333
NCLIF,Lifou,-20.9667,167.2333
NCMEE,Mare,-21.5,167.9833
NCMTD,Le Mont-Dore,-22.2833,166.5833
NCNAK,Nakety,-21.55,166.0333
NCNEP,Nepoui,-21.3167,165.0
NCNOU,Noumea,-22.2667,166.45
NCPAA,Paagoumene,-20.4833,164.2
NCPNY,Prony,-22.3167,166.8167
NCPOR,Poro,-21.3,165.7167
NCTHI,Thio,35.8,-0.2667
NCTON,Tontouta Apt,59.4667,17.3833
NCTUD,Teoudie,-20.7667,164.4
NCVAV,Vavouto,-21.0,164.6667
NCWAL,Wala,-19.7167,163.65
NGABM,Agbami,3.5167,5.5167
NGABO,Abonnema,4.7167,7.15
NGADO,Ado,-26.35,-54.6833
NGAKP,Akpo,-3.1333,60.8167
NGANA,Antan,4.2167,8.3167
NGANB,Anambra,7.2667,7.4
NGANT,Anta,9.45,8.4667
NGBON,Bonny,59.4667,17.3833
NGCBQ,Calabar,42.0833,19.0833
NGEAT,Ea Terminal,4.7833,5.2833
NGERT,Erha Terminal,5.35,4.35
NGESC,Escravos,60.1667,5.4667
NGFLM,Falomo,6.45,3.4333
NGFOR,Forcados,60.1667,5.4667
NGGRP,Greek Port,59.4833,10.3667
NGIMA,Ima,4.2167,7.3833
NGKIR,Kirikakiri,4.3333,6.25
NGKT7,Katsina,12.9833,7.5833
NGKUL,Kula,58.8833,26.9667
NGLKK,Ibeju - Lekki,6.4333,4.0
NGLOS,Lagos,37.1,-8.6667
NGOBO,Que Oboe Terminal/Eket,50.95,3.6333
NGOKN,Okono,4.0167,7.2833
NGOKW,Okwori,3.85,6.9667
NGONN,Onne,4.7167,7.15
NGORO,Oron,-33.0,151.6
NGOSO,Oso,2.8333,8.0
NGOYO,Oyo,5.3833,4.5833
NGSOT,Sango Otta,6.7,3.2333
NGSPL,Sapele,-8.5667,118.9833
NGTIN,Tincan/Lagos,39.7167,2.9
NGWAR,Warri,53.3833,-2.6
NI8LG,Totogalpa,13.5667,-86.5
NIELB,El Bluff,-46.6,168.3167
NILM8,Las Maderas,12.4333,-86.0333
NIMAC,Masachapa,11.7833,-86.5167
NIPIB,Puerto Isabel,13.3667,-83.5667
NIPSN,Puerto Sandino,12.1833,-86.75
NIPTI,Potosi,13.0,-87.5
NIRAM,Rama,12.15,-84.2167
NISJS,San Juan del Sur,22.65,59.4333
NITPA,Tipitapa,12.2,-86.1
NLA2Z,Oud-Alblas,51.85,4.7
NLAAL,Aalst,51.95,5.5333
NLAAM,Aalsmeer,51.45,4.7333
NLAER,Almere,52.3667,5.2167
NLAHO,Achthoven,52.05,4.9833
NLALK,Alkmaar,52.6333,4.75
NLALM,Almelo,52.35,6.6667
NLAMB,Aalsmeerderbrug,52.2667,4.75
NLAME,Amersfoort,52.15,5.3833
NLAMR,Amerongen,52.0,5.4667
NLAMS,Amsterdam,52.4,4.8167
NLANC,Sint Pancras,52.6667,4.7833
NLANK,Everingen,51.4,3.75
NLANP,Anna Paulowna,52.8667,4.8667
NLAPN,Alphen aan den Rijn,52.1333,4.6667
NLAPP,Appingedam,53.3167,6.8667
NLARC,Arcen,51.4833,6.1833
NLARI,Aarle Rixtel,51.5,5.6333
NLAWD,Albrandswaard,51.85,4.4167
NLBAN,Bant,52.7667,5.75
NLBDA,Birdaard,53.3,5.8833
NLBDR,Bilderdam,52.2167,4.7167
NLBEG,Bergen aan Zee,60.3833,5.3167
NLBEM,Bemmel,51.9,5.9
NLBEV,Beverwijk,50.7167,3.9333
NLBFD,Belfeld,51.3167,6.1167
NLBGE,Baambrugge,52.25,4.9833
NLBGI,Bergerheide,62.9,7.45
NLBGO,Barsingerhorn,52.7833,4.85
NLBGW,Borgsweer,53.3,7.0167
NLBHM,Bartlehiem,53.2833,5.8333
NLBHS,Burghsluis,51.6833,3.75
NLBIT,Biest,51.5167,5.15
NLBLE,Blerick,51.3667,6.1667
NLBLU,Berlicum,51.6667,5.3833
NLBNE,Bunde,50.8833,5.7333
NLBNH,Boarnsterhim,53.0833,5.8167
NLBNN,Beuningen,51.8667,5.7833
NLBNU,Buggenum,51.2333,5.9833
NLBNZ,Biddinghuizen,52.45,5.7
NLBOG,Bodegraven,52.0833,4.75
NLBON,Born,51.0333,5.8167
NLBOR,Borssele,51.4167,3.7167
NLBOT,Botlek,51.8833,4.2833
NLBRA,Baarland,51.4,3.8667
NLBRD,Breda,51.5667,4.8
NLBRI,Brielle,51.2167,5.8
NLBRR,Barendrecht,51.3333,4.3167
NLBRS,Breskens,51.3833,3.5667
NLBSH,Bosscherheide,51.5667,6.0833
NLBSK,Boskoop,60.1667,5.4667
NLBSL,Beesel,51.2667,6.0333
NLBST,Best,51.5,5.4
NLBTA,Bourtange,53.0167,7.2
NLBTS,Beets,52.5833,4.9667
NLBUD,Budel,54.3,9.65
NLBVG,Burgervlotbrug,52.75,4.6833
NLBVI,Bovensmilde,52.9833,6.4833
NLBWE,Burgwerd,53.0833,5.55
NLBWW,Boornzwaag over de Wielen,52.95,5.75
NLBZM,Bergen op Zoom,51.5,4.3
NLBZW,Boornzwaag,52.8833,5.5667
NLCDP,De Cocksdorp,53.15,4.8833
NLCPD,Camperduin,52.75,4.65
NLCPI,Capelle aan den IJssel,51.2167,5.8
NLCRI,Creil,52.7667,5.6667
NLCZD,Cadzand,51.3667,3.4
NLDBR,Domburg,51.5667,3.5
NLDEL,Delden,52.2667,6.7167
NLDHE,De Heen,51.6167,4.2667
NLDHK,De Haukes,52.8833,4.9333
NLDHO,Den Hool,52.7167,6.7833
NLDHR,Den Helder,52.95,4.7667
NLDKO,De Kooy,52.9167,4.8
NLDMK,Demmerik,52.2,4.9333
NLDON,Dongen,51.05,3.6667
NLDOR,Dordrecht,51.7833,4.6333
NLDRL,Driel,51.9667,5.8167
NLDRO,Dronten,59.4667,17.3833
NLDRP,De Rijp,52.5667,4.85
NLDSI,Doodstil,53.4,6.6667
NLDSM,Driesum,53.3,6.05
NLDSO,De Strook,52.7833,4.9
NLDST,Deest,51.8833,5.6667
NLDUG,Dukenburg,51.8167,5.8
NLDUM,Dreumel,51.85,5.4333
NLDVB,Dieverbrug,52.85,6.3333
NLDVT,Duivendrecht,52.3333,4.9167
NLDWA,Dodewaard,51.9167,5.65
NLDZL,Delfzijl,52.5167,6.9333
NLEDM,Edam,53.3167,6.8667
NLEFE,Eefde,52.1667,6.2333
NLEHU,Echtenerbrug,52.8667,5.8167
NLEIN,Eindhoven,51.45,5.4667
NLEKK,Ekkersrijt,51.5,5.4667
NLELB,Elburg,55.9333,-3.0667
NLELX,Ell,51.2167,5.8
NLEPL,Empel,51.7333,5.3333
NLERA,Erica,52.7167,6.9333
NLEWK,Ewijk,51.8667,5.7333
NLEWO,Eernewoude,53.1333,5.9333
NLEXZ,Exmorrazijl,53.0667,5.4667
NLFJA,Fonejacht,59.4667,17.3833
NLFKP,Fraamklap,53.3333,6.6333
NLGBG,Gramsbergen,52.6167,6.6833
NLGDO,Groot Dochteren,52.1667,6.3667
NLGDR,Goedereede,59.4833,10.3667
NLGE7,Meteren,51.8667,5.2833
NLGET,Gendt,51.8833,5.9667
NLGHO,Giethoorn,52.7333,6.0667
NLGKN,Gaarkeuken,53.25,6.3167
NLGLL,Geulle,50.9167,5.7333
NLGOE,Goes,38.6833,-8.6667
NLGOO,Goor,51.3,4.5667
NLGRA,'s-Gravendeel,51.7833,4.6167
NLGRK,Groenendijk,52.1333,4.5667
NLGRQ,Groningen,59.4667,17.3833
NLGRW,Groeneweg,51.9833,4.6
NLGRZ,'s-Gravenzande,52.0,4.1667
NLGSS,Gasselternijveen,52.9833,60.85
NLGUN,Goudriaan,51.9,4.9
NLGWD,Groenewoud,51.5167,5.6167
NLGWO,Garmerwolde,53.25,6.65
NLGWU,Geeuwenbrug,52.8667,6.3667
NLHAA,Haarlem,52.3833,4.6833
NLHAE,Haelen,34.7,-83.7167
NLHAN,Hansweert/Schore,51.4333,4.0
NLHAR,Harlingen,53.1833,5.4333
NLHBK,Haaldersbroek,52.4833,4.8333
NLHEE,Heel,58.2667,-3.3667
NLHFN,Haaften,51.8167,5.2167
NLHGM,Hoogmade,52.1667,4.5833
NLHGS,Hardinxveld,51.8167,4.8667
NLHKK,Hoogkerk,53.2167,6.5
NLHKM,Hijkersmilde,52.9333,6.4333
NLHKO,Hekendorp,52.0167,4.8167
NLHLM,Helmond,51.4833,5.6667
NLHLO,Heiloo,-17.65,-71.3333
NLHLR,Haarlemmerliede,52.3833,4.6833
NLHLW,Holwerd,53.3833,5.8833
NLHME,Holtheme,52.6167,6.7
NLHMI,Hoogersmilde,52.9,6.4
NLHNZ,Hengstdijk,51.35,4.0
NLHOT,Holt,52.5333,6.3333
NLHOV,Hoogeveen,54.5667,8.55
NLHPE,Hempens,53.1833,5.8333
NLHPL,Hoofdplaat,51.3667,3.65
NLHRE,Haren,53.1667,6.6
NLHRN,Hoorn,52.7333,6.0667
NLHRV,Heerenveen,50.1667,4.8333
NLHRW,Heerewaarden,50.1667,4.8333
NLHSK,Harskamp,52.1333,5.75
NLHSL,Hellevoetsluis,60.35,-1.25
NLHSO,Holsloot,52.7167,6.8
NLHST,Haghorst,51.5,5.2167
NLHSW,Heeswijk,51.65,5.4667
NLHTB,'s-Hertogenbosch,51.7,5.3167
NLHTM,Hattem,52.4667,6.0667
NLHTN,Hontenisse,59.4667,17.3833
NLHTR,Heteren,59.4833,10.3667
NLHUK,Heukelum,51.8667,5.0667
NLHUM,Heumen,51.7667,5.85
NLHUN,Hunsel,51.1833,5.8167
NLHVE,Havelte,52.7667,6.25
NLHVH,Hoek van Holland,51.9667,4.1167
NLHVK,Hilvarenbeek,51.4833,5.1333
NLHXG,Hardinxveld-Giessendam,51.8167,4.8333
NLHZK,Hazeldonk,51.5,4.7333
NLIJK,Krabbendijke,51.4333,4.1167
NLIJM,IJmuiden/Velsen,52.4667,4.6
NLILO,Illikhoven,51.0667,5.8167
NLISM,IJsselmuiden,52.5667,5.9167
NLITR,Itteren,50.9,5.7
NLKAI,Krimpen aan den IJssel,51.9167,4.6
NLKAM,Kampen,50.95,4.55
NLKAT,Kats,51.5667,3.8667
NLKHO,Kuikhorne,53.25,6.0167
NLKHR,Kolhorn,52.8,4.8833
NLKHV,Ketelhaven,52.5833,5.75
NLKLM,Kollum,53.2833,6.15
NLKLV,Kloosterveen,53.0,6.5167
NLKLZ,Klazienaveen,52.7333,7.0
NLKNT,Keent,51.7,5.7
NLKPE,Kelpen,51.2167,5.8333
NLKRD,Kerkdriel,51.7667,5.3333
NLKRE,Kreil,52.8,4.8667
NLKRI,'t Kruis,52.65,4.85
NLKSL,Kessel,50.1167,8.8833
NLKST,Kesteren,59.4833,10.3667
NLKTN,Kantens,53.3667,6.6333
NLKTV,Katerveer,52.5,6.0667
NLKWR,Katwijk aan den Rijn,52.2,4.4167
NLKZV,Keizersveer,51.7167,4.9
NLLAN,Lauwersoog,50.8,3.1833
NLLAV,Loenen aan de Vecht,61.8667,6.8333
NLLAW,Lage Weide,43.2167,-9.0
NLLDD,Leiderdorp,62.9,7.45
NLLEM,Lemsterland,47.6667,12.1667
NLLEN,Lieren,52.1667,60.0
NLLEO,Leons,53.1167,5.4667
NLLES,Leens,53.3667,6.3833
NLLEY,Lelystad,55.4167,13.8167
NLLGD,Lageland,53.2333,6.7167
NLLGI,Langelille,52.85,5.85
NLLID,Leiden,50.5167,6.4667
NLLIE,Lienden,6.0,-58.2833
NLLIJ,Lijnden,52.35,4.7667
NLLIT,Lith,51.8,5.4667
NLLME,Limmel,50.8667,5.7
NLLNO,Loenersloot,52.2333,5.0
NLLRU,Leimuiderbrug,52.2333,4.6667
NLLTO,Lithoijen,51.8,5.4667
NLLWE,Lalleweer,53.2833,7.0
NLLWG,Langeweg,51.65,4.6667
NLLWO,Lippenwoude,52.9667,5.65
NLLWR,Leeuwarden,33.85,-81.7167
NLLZA,Lage Zwaluwe,51.7167,4.7333
NLMAK,Makkum,53.05,5.4
NLMAU,Maurik,47.3333,8.6667
NLMDG,Muiderberg,52.3333,5.1167
NLMDI,Middenbeemster,52.55,40.9167
NLMDU,Middelstum,53.35,6.65
NLMEH,Mesch,53.25,14.4333
NLMEW,Meerlo-Wansum,47.6667,12.1667
NLMGT,Molengat,53.05,4.65
NLMHU,Maarhuizen,53.35,6.5
NLMIE,Mierlo,51.4333,5.6167
NLMJA,Mandjeswaard,52.5667,5.9167
NLMKE,Munnekeburen,52.85,5.8833
NLMKM,Wonseradeel/Makkum,53.05,5.3833
NLMKN,Marken,52.4667,5.1
NLMLA,Middelaar,51.7333,5.9167
NLMLR,Millingen aan de Rijn,51.8667,6.05
NLMNH,Mijnsheerenland,51.8,4.4833
NLMNU,Menaldum,53.2167,5.6667
NLMOE,Moerdijk,51.6833,4.5667
NLMOK,Mook,51.75,5.8833
NLMOL,Molenhoek,51.7667,5.8667
NLMSW,Mensingeweer,53.35,6.4667
NLMUD,Muiden,52.3333,5.0667
NLMWD,Midwolda,53.2,7.0
NLN8W,Nieuwerkerke,51.7,3.9
NLNAM,Nieuw-Amsterdam,52.7167,6.8667
NLNBG,Nieuwerbrug,52.0833,4.8167
NLNBU,Nieuwe Brug,52.3667,4.6667
NLND5,Dreischor,51.6833,3.9833
NLNDB,Nederhorst den Berg,52.2667,5.05
NLNDL,Noordwijk aan Zee,52.25,4.4333
NLNEC,Neck,52.5167,4.9167
NLNES,Nes,53.05,5.85
NLNEV,Veen,51.7833,5.1167
NLNGV,Nigtevecht,52.2833,5.0333
NLNIE,Nieuwerkerk aan den IJssel,51.9667,4.6167
NLNIU,Nieuwdorp,51.4667,3.7333
NLNPZ,Usquert,53.4333,6.55
NLNRG,Norg,53.05,6.45
NLNSA,Nes aan de Amstel,52.2667,4.8833
NLNSD,Nieuw-Scheemda,53.2,6.9333
NLNST,Nederasselt,51.7667,5.75
NLNSU,Nessersluis,52.25,4.8667
NLNSZ,Nieuwe Statenzijl,53.2333,7.2
NLNTJ,Neeltje Jans,53.6333,3.7
NLNWJ,Noordwelle,51.7167,3.8
NLNWO,Nieuwolda,53.25,6.9833
NLNZ8,Noordeloos,51.9,4.95
NLNZJ,Nijezijl,53.0,5.6167
NLOBL,Oud-Beijerland,47.6667,12.1667
NLODL,Odiliapeel,51.65,5.7
NLODR,Ouderkerk aan de Amstel,52.3,4.9
NLOGA,Oudega,53.0,5.55
NLOGP,Ooltgensplaat,51.6833,4.35
NLOHI,Oudeschild,53.0333,4.8667
NLOHM,Oosthem,53.0167,5.6
NLOHW,Oude Schouw,53.0667,5.8167
NLOHZ,Oosthuizen,52.5667,5.0
NLOLS,Oosterlittens,53.1333,5.65
NLOMD,Roermond,59.4667,17.3833
NLOME,Oostermeer,53.1667,6.05
NLOMH,Oostmahorn,53.3833,6.1667
NLOOS,Oosterhout,51.65,4.8833
NLORJ,Oudenrijn,52.0833,5.0667
NLORL,Oterleek,52.6333,4.8333
NLOSG,Oud-Sabbinge,51.5333,3.8
NLOSK,Overschild,53.2833,6.7833
NLOSS,Oss,51.7667,5.5333
NLOVG,Overberg,52.0333,5.5
NLOZL,Ossenzijl,52.8,5.9167
NLOZU,Oud-Zuilen,52.1333,5.0667
NLPAP,Papendrecht,53.2167,7.8
NLPER,Pernis,51.8833,4.3833
NLPHL,Panheel,51.1833,5.8667
NLPTG,Poortugaal,51.8667,4.4
NLPUM,Purmerend,59.4833,10.3667
NLPZI,Pieterzijl,53.2833,6.2667
NLQCU,Elst,51.9167,5.85
NLQDG,Lisse,51.3,3.1833
NLRAS,Ravenstein,49.5167,12.2333
NLRED,Ried,51.5167,5.0167
NLREW,Reimerswaal,59.4833,10.3667
NLRHD,Rheden,44.7,-72.5333
NLRIJ,Rijs,52.8667,5.5
NLRLA,Rilland,51.4167,4.1833
NLRNK,Renkum,59.4833,10.3667
NLROC,Rockanje,51.8667,4.0667
NLRSH,Rijsenhout,52.25,4.7167
NLRST,Roosteren,51.0833,5.8167
NLRSW,Rijnsaterwoude,52.2,4.6667
NLRTG,Rustenburg,52.6333,4.8833
NLRTM,Rotterdam,51.9167,4.5
NLRUK,Breukelen,59.4833,10.3667
NLRUT,Rutten,52.8,5.7
NLRYS,Rijswijk,52.8667,5.5
NLSAB,Saba,17.6333,-63.2333
NLSAR,Sint Andries,51.8,5.35
NLSAT,Stad aan 't Haringvliet,51.7333,4.25
NLSBS,Sijbrandahuis,53.3167,5.9667
NLSBU,Schagerbrug,52.8,4.7667
NLSCA,Sprang,51.6667,5.05
NLSCE,Scheveningen,52.1,4.25
NLSCH,Schagen,52.7833,4.7833
NLSDB,Standdaarbuiten,51.6167,4.5167
NLSDM,Stadsdam,52.0833,5.05
NLSDN,Steenderen,52.0667,6.1833
NLSDW,Schildwolde,53.2333,6.8167
NLSHH,Schoonhoven,55.9167,10.25
NLSHO,Schermerhorn,52.6,4.8833
NLSKG,Slijkenburg,52.8167,5.85
NLSKL,Stieltjeskanaal,52.6833,6.8333
NLSKM,Slikkendam,52.15,4.85
NLSKW,Schalkwijk,51.9833,5.1833
NLSL7,Ijsselsteyn,51.4833,5.9
NLSLD,Sliedrecht,51.8167,4.7667
NLSLO,Slochteren,53.2167,6.8
NLSLT,Sloten,52.9,5.65
NLSLU,Sluiskil,51.2833,3.8333
NLSMD,Scheemda,53.2,6.9333
NLSMG,Sint Michielsgestel,51.6333,5.35
NLSMI,Smilde,52.95,6.45
NLSML,Smallingerland,47.6667,12.1667
NLSMO,Schiermonnikoog,53.4833,6.1667
NLSMV,Sint Maartensvlotbrug,52.7833,4.7167
NLSMZ,Scheemderzwaag,53.1833,6.95
NLSNN,Sint-Annaland,51.6,4.1
NLSON,Son,51.5,5.5
NLSOP,Stolpen,52.8167,4.7167
NLSPT,Stompetoren,52.6167,4.8167
NLSPV,Stolpervlotbrug,52.8,4.7167
NLSRD,Scharendijke,51.7333,3.85
NLSRE,Streefkerk,51.9,4.75
NLSRL,Schoorl,52.7333,4.6333
NLSRT,Stroe,52.9333,4.9833
NLSSO,Bussloo,52.2,6.1333
NLSTD,Stellendam,51.2167,5.8
NLSTO,'t Stort,69.0167,15.1333
NLSVG,Sas van Gent,51.2333,3.8
NLSVN,Stavenisse,51.5833,4.0
NLSWK,Sleeuwijk,51.8167,4.95
NLSWL,Schouwerzijl,53.3333,6.45
NLSZL,Schoterzijl,52.8167,5.8
NLTHD,Ter Heijde,52.0333,4.1667
NLTHE,'t Horntje,53.0,4.7833
NLTHO,Tholen,51.15,4.85
NLTKM,Tolkamer,51.85,6.1
NLTKW,Tjerkwerd,53.05,5.5
NLTMZ,Termunterzijl,53.3,7.0333
NLTNZ,Terneuzen,51.4667,3.8167
NLTOK,Tollebeek,52.6833,5.6833
NLTOR,Torontostraat,-33.0,151.6
NLTRO,Terhorne,53.0333,5.7833
NLTSL,Terschelling,53.4,5.35
NLTTE,Lettele,52.2833,6.2667
NLTUL,Tuil,51.8167,5.2333
NLTWA,'t Waar,53.2167,6.9333
NLUFE,Uffelte,52.7833,6.2833
NLUMO,Urmond,51.0,5.7667
NLURK,Urk,-17.7333,139.5333
NLUTG,Uitgeest,52.5333,4.7167
NLUTR,Uitermeer,52.3,5.0833
NLVAR,Varsen,52.5167,6.3833
NLVDM,Veendam,51.7833,5.1167
NLVDN,Vredenduin,59.4833,10.3667
NLVEL,Velsen,52.4667,4.6
NLVEN,Venlo,51.3667,6.1667
NLVER,Veere,51.55,3.6667
NLVGB,Voetangelbrug,60.35,-1.25
NLVIE,Vierlingsbeek,47.6667,12.1667
NLVKR,Volkerak,51.6667,4.2833
NLVKS,Valkenisse,51.5,3.5
NLVLI,Vlissingen,51.45,3.7
NLVNO,Veenoord,52.7167,6.85
NLVOS,Voorschoten,51.25,4.5
NLVRA,Vrouwenakker,52.2333,4.7833
NLVSN,Velsen-Noord,52.4667,4.65
NLVVL,Vierverlaten,53.2167,6.4833
NLVWD,Vlagtwedde,53.0333,7.1167
NLWAA,Waalre,59.4833,10.3667
NLWAD,Waddinxveen,51.7833,5.1167
NLWAS,Wanssum,51.5333,6.0833
NLWBK,Westerbork,52.85,6.6
NLWBO,Westbroek,52.15,5.1333
NLWCM,Woudrichem,51.8167,5.0
NLWDE,Waarde,51.4167,4.05
NLWEL,Well,51.55,6.1
NLWEU,Weurt,51.85,5.8167
NLWGD,West-Graftdijk,52.55,4.7833
NLWGR,Wieringermeer,52.85,5.0167
NLWGW,Wageningen,44.2,0.6167
NLWHD,Wilhelminadorp,51.5333,3.9
NLWHO,Wehe-den Hoorn,53.3667,6.4167
NLWHU,Warfhuizen,53.35,6.4333
NLWHZ,Waterhuizen,53.1833,6.65
NLWIG,Wijnbergen,52.3167,6.0167
NLWIW,Wieringerwerf,48.3,14.5167
NLWKP,Westkapelle,51.5167,3.4333
NLWKU,Workum,52.9833,5.45
NLWMO,Wormer,52.5,4.8167
NLWNS,Winsum,53.3333,6.5167
NLWRG,Wieringen/Den Oever,52.9333,5.0333
NLWRM,Warmond,59.4667,17.3833
NLWRP,Welsrijp,53.1667,5.6
NLWRT,Weert,51.4333,4.0
NLWSO,Walsoorden,51.3833,4.0333
NLWTE,West-Terschelling,53.4,5.35
NLXXX,RIS Inland waterways,-38.0,145.1167
NLYSK,Yerseke,50.95,3.6333
NLZBO,Zuidbroek,53.1667,6.8667
NLZDL,Zuidlaren,53.1,6.6833
NLZE5,Scherpenisse,51.55,4.1
NLZEW,Zeewolde,52.35,5.55
NLZHO,Zwaanshoek,52.3167,4.6167
NLZLD,Zoutelande,51.5,3.4667
NLZOU,Zoeterwoude,52.1167,4.5
NLZPO,Zandpol,52.7,6.8667
NLZPS,Zijpersluis,52.7333,4.6833
NLZVG,Zevenbergen,51.7333,5.5667
NLZWI,Zwijndrecht,51.2167,4.3333
NLZWN,Zwinderen,52.7333,6.6833
NOAAA,A i Lofoten,67.8833,12.9833
NOAAF,Afjord,69.9833,19.4
NOAAN,Ardal,61.1,7.45
NOAAV,Alvik,60.4167,6.4167
NOABE,Abelnes,58.2333,6.6667
NOABV,Abelvar,64.7333,11.1833
NOADN,Andenes,69.3167,16.1333
NOAES,Alesund,62.4667,6.15
NOAFS,Anfinnsletta,68.3333,15.4333
NOAFT,Agnefest,58.1167,7.0333
NOAGD,Agdenes,53.05,5.85
NOAGK,Agskardet,66.7167,13.4833
NOAGO,Agotnes,60.4,5.0167
NOAHM,Aheim,62.0333,5.5167
NOAKK,Akkarfjord,70.7833,23.45
NOAKM,Akrehamn,59.25,5.1667
NOALE,Alefjar,58.2333,8.0167
NOALF,Alta,69.9667,23.2333
NOALV,Alvika,62.4833,6.3833
NOAND,Andalsnes,62.5667,7.7
NOANN,Sannidal,58.8833,9.2833
NOANS,Ansnes,63.6333,9.0
NOARD,Ardalstangen,61.2333,7.7
NOARE,Arendal,58.45,8.7667
NOARF,Arnafjord,61.0167,6.3833
NOARH,Ardal - Hjelmeland,59.15,6.1667
NOARM,Arnoyhamn,70.05,20.6333
NOASL,Askvoll,68.2,13.6833
NOASV,Austevoll,60.1,5.15
NOASY,Askoy,41.0333,28.9667
NOATA,Atangen,58.8667,9.35
NOATL,Atloy,61.35,4.8833
NOAUE,Aure,63.2667,8.5167
NOAUK,Aukra,62.8167,6.9
NOAUL,Aurland,60.9,7.1833
NOAUS,Austvika,66.1833,13.2333
NOAVA,Avaldsnes,59.35,5.2667
NOAVE,Averoy,63.05,7.6667
NOBAF,Balsfjord,69.2333,19.2333
NOBAL,Baly,58.0333,7.15
NOBAM,Bamble,55.3167,-1.5833
NOBAR,Barum,42.0833,19.0833
NOBEL,Bellvika,69.7833,18.7667
NOBER,Berg,47.4667,15.0
NOBFJ,Bergsfjord,70.25,21.7833
NOBGN,Bergneset,69.25,19.35
NOBGO,Bergen,60.3833,5.3167
NOBJD,Bjordal,61.0833,5.8333
NOBJF,Batsfjord,70.6333,29.7167
NOBJU,Bjugn,63.75,9.75
NOBJX,Bjorkas,59.7833,10.5
NOBJY,Bjarkoy,68.9833,16.5333
NOBKS,Brekstad,63.6833,9.6833
NOBKV,Bjerkvik,68.55,17.55
NOBLK,Bleik,69.2667,15.95
NOBLL,Ballangen,68.3333,16.8333
NOBLO,Blokken,68.6,15.3833
NOBLS,Balestrand,61.2,6.5333
NOBLV,Blomvag,60.5333,4.8833
NOBNN,Bronnoysund,65.4667,12.2
NOBOE,Boneset - Karmoy,59.3667,5.2833
NOBOG,Bogen,68.5167,16.9833
NOBOK,Bokn,59.2167,5.4333
NOBOM,Bomlo,59.6,5.2167
NOBON,Bognes,68.2167,16.0667
NOBOO,Bodo,67.2833,14.3667
NOBOS,Borkenes,68.7667,16.1667
NOBOV,Bovagen - Radoy,60.7,4.9167
NOBRE,Bremanger,60.6333,5.0
NOBRH,Brensholmen,69.6,18.0333
NOBRN,Brandasund,59.9,5.1
NOBRO,Bronnoy,65.4667,12.2
NOBRR,Borre,59.4833,10.3667
NOBRV,Brattvag,62.6,6.4333
NOBSD,Ballstad,68.0667,13.55
NOBSF,Brandsfjord,64.1833,10.35
NOBTH,Botnhamn,69.5167,17.9
NOBTN,Botnaneset - Flora,61.6167,5.0667
NOBTS,Brettesnes,68.2333,14.8667
NOBUF,Burfjord,69.9333,22.05
NOBUG,Bugoynes,69.9667,29.6333
NOBUV,Buvika,62.1333,11.7
NOBVB,Breivikbotn,70.5833,22.2833
NOBVG,Berlevag,70.85,29.1
NOBVK,Brevik,59.05,9.7
NOBVR,Breiviga,59.0833,5.9
NOBYN,Byggnes - Karmoy,59.3,5.3
NOBYR,Byrknesoy,60.9,4.8333
NOBYS,Bygstad,61.3833,5.6667
NODBY,Nordby,59.9333,11.5667
NODDY,Espenesbogen,69.1167,17.75
NODER,Sperrebotn,59.45,10.8
NODFJ,Dafjord,69.9833,19.4
NODIM,Dimmelsvik,59.95,5.9833
NODIR,Dirdal,58.8333,6.1667
NODJU,Djupvik,69.75,20.5
NODOL,Dolmoy,63.65,8.7833
NODON,Donna,46.5,4.8667
NODRG,Drag,68.0333,16.0667
NODRK,Drobak,59.65,10.6167
NODRM,Drammen,59.7333,10.2333
NODSF,Dale,61.3667,5.4167
NODSN,Nannestad,53.05,5.85
NODUS,Dusavik,59.0,5.65
NODYD,Dyrstad,61.7667,5.1833
NODYL,Dyroyhamn,69.0167,17.4333
NODYR,Dyrvik,63.7667,8.8333
NODYY,Dyroy,69.0167,17.4333
NOEDD,Eidsdal,62.2667,7.1667
NOEDE,Eide,62.9,7.45
NOEDF,Eidfjord,60.4667,7.0667
NOEDS,Eide Sotra,60.25,5.0667
NOEDT,Eidet,68.7333,14.5833
NOEGD,Eigersund,58.45,6.0
NOEGE,Egersund,58.45,6.0
NOEGG,Eggesbones,62.3167,5.6333
NOEID,Eid,50.9333,5.3833
NOEIF,Eidangerfjorden,59.0667,9.7
NOEIK,Eikefjord,61.5833,5.4667
NOEIL,Eidslandet,60.7167,5.7833
NOEKF,Eikefet,60.7,5.55
NOELL,Ellingsoy,62.5,6.3333
NOELN,Elnesvagen,62.85,7.1333
NOELO,Eikelandsosen,60.2333,5.75
NOENG,Engene,59.6833,10.5333
NOERF,Erfjord - Suldal,59.3333,6.2167
NOESP,Espevik,59.3167,5.6667
NOETN,Etne,59.65,5.9167
NOEVT,Evenestangen,68.0167,16.0
NOEVV,Eivindvik,60.9833,5.0833
NOEYD,Eydehavn,58.4833,8.8667
NOFAN,Farsund,58.0833,6.8
NOFAU,Fauske,67.25,15.3833
NOFAX,Fagerstrand,59.9333,8.8
NOFBL,Fiskebol,68.4333,14.8167
NOFDE,Forde,61.45,5.8333
NOFED,Fedje,60.7667,4.7
NOFFB,Finnfjordbotn,69.2167,18.0833
NOFFD,Flekkefjord,58.2833,6.65
NOFIN,Finneidfjord,66.1833,13.7833
NOFIT,Fitjar,59.9167,5.3167
NOFJE,Fjell,51.2167,5.8
NOFJL,Fjelldal,68.55,16.5
NOFKG,Frekhaug,60.5167,5.2333
NOFLA,Flam,60.8667,7.1167
NOFLM,Flem,62.6833,6.2333
NOFLO,Florvag,60.4167,5.2333
NOFLR,Flora,61.6,5.0333
NOFLT,Flatanger,-10.7167,165.8
NOFLY,Flatoy,60.5333,5.25
NOFND,Finneid,67.25,15.4167
NOFNE,Finnsnes,69.2167,17.9667
NOFNN,Fonnes,60.8167,4.9667
NOFNS,Fornes,68.8667,17.4667
NOFNY,Finnoy,59.1667,5.8
NOFOA,Froan,63.9833,9.0833
NOFOI,Fossing,58.9333,9.4667
NOFOL,Follafoss,63.9833,11.1
NOFON,Foroy,66.7333,13.5167
NOFOR,Forsand,58.9,6.0833
NOFOS,Fosnavag,62.3333,5.6333
NOFRA,Froya,63.6833,8.8
NOFRJ,Frei,48.6667,7.95
NOFRK,Fredrikstad,59.2,10.9167
NOFRO,Floro,61.6,5.0167
NOFRS,Forus,58.8833,5.75
NOFRT,Frosta,60.1667,5.4667
NOFSD,Fjellstrand,60.2167,5.9667
NOFSK,Fiskabygd - Vanylven,62.1,5.55
NOFSL,Forsol,70.7167,23.8167
NOFSN,Fosnes,53.05,5.85
NOFST,Fiskarstrand,62.45,6.2833
NOFSV,Festvag,67.4333,14.7667
NOFUS,Fusa,60.2,5.6167
NOFYS,Fjarland,61.4,6.7333
NOGAM,Gamvik,71.05,28.25
NOGHV,Gunhildvagen,61.5833,5.0
NOGIK,Gismarvik,59.3167,5.3833
NOGJD,Gjosundet,62.5333,6.1333
NOGJM,Gjemnes,53.05,5.85
NOGJV,Gjesvar,71.1,25.3833
NOGLO,Glomfjord,66.8,13.9333
NOGOO,Godoya,62.4667,6.0167
NOGOT,Grotavar,68.9667,16.25
NOGPN,Gaupne,61.4,7.3
NOGRD,Gravdal,68.1167,13.5
NOGRF,Grovfjord,68.6833,17.1167
NOGRP,Grip,63.2167,7.6
NOGRS,Grytestranda,62.5333,6.3667
NOGRT,Gratangen,62.5167,15.6167
NOGRV,Granvin,60.5167,6.7
NOGRY,Gryllefjord,69.3667,17.0833
NOGTD,Grimstad,58.3333,8.5833
NOGUD,Gudvangen,60.85,6.8167
NOGUL,Gulen,60.85,5.0333
NOGUR,Gursken,62.2333,5.5667
NOGUT,Gutvik,65.0833,11.8167
NOHAA,Ha,24.4667,54.3667
NOHAE,Hansnes,69.9667,19.6167
NOHAL,Halden,59.1,11.3667
NOHAN,Halvorshavn,59.5833,10.6167
NOHAR,Haram,13.6833,99.85
NOHAU,Haugesund,59.4,5.25
NOHAV,Havoysund,71.0,24.6667
NOHAZ,Halsnoy,59.8,5.7167
NOHBT,Hamnbukt - Porsanger,70.0833,25.0333
NOHEF,Herfjord,64.0,10.0333
NOHEK,Hekkelstrand,68.4,16.8333
NOHEL,Hellvik,58.4667,5.8667
NOHEM,Haeimsvika,62.4833,6.7
NOHEN,Henningsvar,68.15,14.2167
NOHER,Hermansverk,61.1833,6.8333
NOHES,Hestvika,63.5667,9.2
NOHET,Heroysundet,59.9167,5.7833
NOHEV,Helligvar,67.4,13.5333
NOHEY,Heroy,60.3333,5.6333
NOHFL,Hammerfall,67.4,15.5333
NOHFT,Hammerfest,70.65,23.6667
NOHGR,Hegreneset,60.4167,5.3
NOHHA,Hufthammar,60.1167,5.2
NOHJJ,Hjelset,62.7833,7.4833
NOHJL,Hjelmeland,59.2333,6.1833
NOHJO,Hjorungavag,62.35,6.0667
NOHKR,Helle - Kragero,58.9,9.4
NOHLB,Hoylandsbygda,59.7833,5.8
NOHLE,Helle - Forsand,58.8667,6.15
NOHLL,Hollen,58.0833,7.8167
NOHLS,Halsa,63.05,8.2167
NOHME,Hemne,66.2333,13.6333
NOHMS,Hemnes,53.05,5.85
NOHMV,Hummelvik,70.25,21.7833
NOHMY,Hamaroy,55.2667,9.75
NOHNE,Hemnesberget,66.2333,13.6333
NOHOA,Holla,63.3167,9.15
NOHOF,Hof,59.55,10.0333
NOHOG,Hogset,67.1333,15.0167
NOHOK,Hommelvik,63.4,10.7667
NOHOL,Holmestrand,59.4833,10.3
NOHOO,Horsoy,60.4333,5.1667
NOHOR,Horten,59.4,10.4833
NOHOT,Hanoytangen,60.4333,5.1
NOHOY,Husoy - Tonsberg,59.2333,10.45
NOHRD,Harstad,68.7833,16.5333
NOHRI,Hareid,62.3667,6.0333
NOHRO,Heroy,65.9833,12.3
NOHRR,Herre,59.1,9.5667
NOHRS,Haroysundet,62.8833,6.95
NOHRV,Hordvik,60.5167,5.3
NOHRY,Heroya,59.1167,9.6167
NOHSA,Halsa Meloy,66.7333,13.5167
NOHSL,Hovland,60.2333,6.6167
NOHSO,Husoy - Karmoy,59.3333,5.3
NOHSS,Husoy - Lenvik,69.5333,17.6667
NOHSV,Hausvikstrand,58.0333,6.9833
NOHSY,Hellesylt,62.0833,6.8667
NOHUD,Hundeidvika,62.3667,6.4167
NOHUR,Hurum,59.5333,10.5667
NOHUS,Husnes,59.8667,5.7667
NOHVG,Honningsvag,70.9667,25.9667
NOHVI,Havik,59.3,5.3167
NOHVK,Hasvik,70.4667,22.15
NOHVS,Hvasser,59.0833,10.45
NOHYL,Hyllestad,61.1667,5.2833
NOHYR,Hoyanger,61.2167,6.05
NOIBE,Ibestad,51.5,5.4
NOIDR,Inndyr,67.0333,14.0167
NOIGE,Igeroy,65.6833,12.1333
NOIGL,Iglandsvik,61.8333,4.9333
NOIKA,Vikan,67.2,14.55
NOIKR,Ikornnes,62.3833,6.55
NOINN,Innhavet,67.9667,15.9167
NOINV,Innvik,61.85,6.6167
NOISY,Ingoy,71.0833,24.0667
NOJAN,Jakobsnes,69.7333,30.1
NOJEL,Jelsa,59.3333,6.0167
NOJON,Jondal,60.2667,6.2333
NOJOS,Jossingfjord,58.3167,6.35
NOJOV,Jovik,69.6,19.8167
NOJOY,Jarlsoy,59.25,10.4667
NOKAB,Kabelvag,68.2167,14.4833
NOKAF,Kafjord,58.0333,7.3
NOKAH,Karvikhamn,69.4,18.15
NOKAN,Kalvneset,61.9333,5.45
NOKAR,Karsto,59.2667,5.5167
NOKBV,Kobbvagen,68.7333,14.5333
NOKDF,Kaldfjord,69.6833,18.7333
NOKDL,Kvanndal,60.4833,6.6
NOKGF,Kongsfjord,70.7167,29.3167
NOKIA,Kvithylla,63.5667,9.9
NOKIL,Kilvik,66.7333,13.9
NOKIR,Kirkehamn,58.2333,6.5333
NOKIV,Kinsarvik,60.3667,6.7167
NOKJB,Kjorebonn,58.9,9.4833
NOKJE,Kjerringoy,67.5167,14.7667
NOKJF,Kjollefjord,70.9333,27.3333
NOKJK,Kjopsvik,68.0833,16.35
NOKKK,Kvelde,59.2,9.9667
NOKKN,Kirkenes,69.7167,30.0333
NOKLD,Kolvereid,63.45,10.4167
NOKLE,Kleppesto,60.4167,5.2333
NOKMN,Karhamn,70.55,23.15
NOKMO,Kambo,59.4667,10.6833
NOKMS,Kjopmannskjar,59.1667,10.3667
NOKMY,Karmoy,59.3667,5.2833
NOKOL,Kollsnes Ost,60.9167,4.8833
NOKON,Kollsnes,60.5667,4.8167
NOKOP,Kopervik,59.2833,5.3
NOKPG,Kaupanger,61.1667,7.2333
NOKRA,Kragero,58.8667,9.4
NOKRS,Kristiansand,58.1333,7.9833
NOKRV,Knarrevik,60.3667,5.15
NOKSU,Kristiansund,63.1,7.7333
NOKSY,Kvitsoy,59.05,5.4167
NOKUV,Kuvika,71.05,25.9
NOKVF,Kvafjord,58.0333,7.3
NOKVG,Kalvag,61.7667,4.8833
NOKVH,Kvinnherad,51.4333,6.6333
NOKVL,Kristoffervalen,70.1167,19.9833
NOKVN,Kvanangen,62.5167,15.6167
NOKVR,Kvafjord,68.7667,16.1667
NOKVS,Kvalsund,70.5,23.9667
NOKVV,Kvalvika,67.3,14.3833
NOKYR,Kyrksaterora,63.2833,9.0833
NOLAD,Langesund,59.0,9.7333
NOLAG,Langevag,59.6167,5.25
NOLAN,Langevag - Sula,62.4333,6.2167
NOLAO,Langoya,59.5,10.3833
NOLAR,Larvik,59.0333,10.0167
NOLAS,Lenangen Sondre,69.8167,19.9833
NOLAV,Lavangen,68.75,17.7833
NOLAY,Lenangsoyra,69.8167,19.9833
NOLDS,Lindesnes,53.05,5.85
NOLEA,Leirvik i Hyllestad,61.1167,5.3333
NOLEB,Lebesby,47.4667,21.5
NOLEF,Leirfjord,66.05,12.95
NOLEK,Leikanger,62.5167,15.6167
NOLEP,Leirpollen,70.45,28.4833
NOLES,Lenvik,69.4333,18.15
NOLEV,Levanger,63.75,11.2833
NOLFF,Listraumen,61.1333,5.2
NOLGS,Langstein,63.55,10.8833
NOLIA,Liavag,62.35,6.0667
NOLID,Liland,68.3333,14.75
NOLIE,Lier,51.1333,4.5667
NOLIL,Lillesand,58.2333,8.3667
NOLIN,Lindas,46.9667,-118.6
NOLIT,Litangen,58.85,9.3
NOLKN,Leknes,68.15,13.6
NOLKV,Leksvik,63.6667,10.6167
NOLNE,Leines,67.7333,14.7667
NOLOD,Lodingen,68.4167,15.9833
NOLOE,Loen,61.8667,6.8333
NOLON,Lonevag,60.5333,5.4833
NOLOV,Lovund,66.3667,12.3833
NOLRA,Lura,58.8667,5.7333
NOLRD,Lardal,61.1,7.45
NOLRE,Lessremman,65.3667,12.4833
NOLRI,Leirvik,59.7667,5.5
NOLRK,Larkollen,59.3333,10.65
NOLSU,Lysoysund,63.8833,9.8667
NOLUL,Lutelandet,61.25,4.9667
NOLUR,Luroy,66.4167,12.8333
NOLUS,Luster,61.4333,7.45
NOLVG,Laksevag,60.3833,5.3
NOLVK,Laukvik,68.3833,14.4167
NOLYD,Lyngseidet,69.5833,20.2167
NOLYF,Lysebotn,59.05,6.6667
NOLYS,Lysaker,59.9,10.6
NOMAH,Maurholen,58.4667,5.9167
NOMAK,Malvik,60.4167,6.4167
NOMAN,Mandal,58.0167,7.45
NOMAT,Matre - Masfjorden,60.8833,5.5667
NOMAU,Mausund,63.8667,8.6667
NOMAY,Maloy,61.9333,5.1
NOMEH,Mehamn,71.0333,27.8333
NOMEL,Melbu,68.4833,14.8
NOMEN,Menstad,59.1667,9.6333
NOMEV,Melsomvik,59.2167,10.3333
NOMEY,Meloy,66.7333,13.5167
NOMGR,Manger,60.6333,5.0
NOMID,Midsund,62.6667,6.6667
NOMIS,Misvar,67.1167,14.9833
NOMIT,Misten,67.45,14.7333
NOMJF,Mosjoen,65.8333,13.2
NOMLD,Meland,59.15,6.1667
NOMLK,Melkoya,70.6833,23.6
NOMLM,Malm,64.0667,11.2333
NOMLS,Melhus,63.2833,10.2667
NOMLT,Moldtustranda,62.2833,5.6167
NOMOB,Mongstadbase,60.8,5.0667
NOMOD,Modalen,61.3667,5.4167
NOMOL,Molde,62.7333,7.15
NOMON,Mongstad,60.8167,5.0167
NOMOR,Morsvikbotn,67.7,15.8333
NOMOS,Mosterhamn,59.7,5.3833
NOMOV,Molstrevag,59.5167,5.2667
NOMQN,Mo i Rana,66.3167,14.1333
NOMRV,Muruvika,63.4333,10.8333
NOMSD,Mjolstadneset,62.3167,5.6667
NOMSF,Masfjorden,60.8833,5.5667
NOMSK,Moskenes,67.8833,13.0333
NOMSS,Moss,59.4167,10.65
NOMSV,Mosvik,60.1667,5.4667
NOMVV,Mjolkevikvarden,60.55,4.9833
NOMYO,Myre-Oksnes,53.05,5.85
NONEO,Nesodden,53.05,5.85
NONEV,Nevlunghamn,58.9667,9.8667
NONFD,Nordfjordeid,61.9,5.9833
NONFO,Nordfosen,63.95,10.1833
NONHS,Norheimsund,60.3667,6.1333
NONIA,Hammarvika - Froya,63.6833,8.8
NONKB,Nordkjosbotn,69.2333,19.35
NONOL,Nordlenangen,69.9167,20.1667
NONOM,Nordmela,69.1333,15.6833
NONOR,Nordreisa,59.4833,10.3667
NONRY,Naroy,55.2667,9.75
NONSB,Nesseby,58.45,-6.3333
NONSF,Nordskaget - Froya,63.7167,8.5667
NONSN,Nesna,66.2,13.0167
NONST,Nesset,58.45,-6.3333
NONVK,Narvik,68.4167,17.4167
NONYE,Nyelv,70.0833,28.8667
NONYH,Nyhamna,62.85,6.95
NONZC,Larsnes,62.2167,5.6
NONZL,Glesvar,60.2,5.0333
NONZY,Tromsdalen,69.65,19.0167
NOODD,Odda,60.0667,6.5333
NOOKF,Oksfjord,70.2333,22.3333
NOOKS,Oksnes,53.05,5.85
NOOLA,Orland,38.1667,14.75
NOOLD,Olden,61.8333,6.8
NOOLL,Olderdalen,69.6,20.5167
NOOLN,Olen,59.6,5.8
NOOLR,Oldervik,69.75,19.6833
NOOLT,Frafjord,58.8333,6.3
NOOLV,Olve,60.0167,5.8
NOOMA,Omastranda,60.2167,5.9667
NOOMB,Ombo,59.2333,6.0167
NOOOS,Os,60.1667,5.4667
NOORK,Orkanger,63.3167,9.8333
NOORS,Orsta,62.1833,6.0833
NOORV,Ortnevik,61.1,6.1333
NOOSE,Osnes - Vindafjord,59.5833,5.5667
NOOSL,Oslo,59.9,10.7333
NOOSN,Osen,53.0167,11.65
NOOST,Osteroy,60.1667,5.4667
NOOSY,Namsos,64.45,11.5
NOOTA,Ottersoya,64.85,11.2833
NOOTO,Ottersoy,64.8667,11.2833
NOOYB,Bogoy,67.9,15.1833
NOPAR,Porsanger,70.0833,25.0333
NOPOR,Porsgrunn,59.1333,9.6333
NORAD,Rade,46.8,15.8667
NORAF,Rafnes,59.1,9.5667
NORAM,Ramsund,68.4833,16.5
NORAU,Rauma,61.1333,21.5
NORAY,Radoy,60.7,4.9167
NORBV,Raudbergvika,62.2667,7.05
NORDB,Randaberg,59.0,5.6333
NOREE,Re,59.4833,10.3667
NOREK,Rekefjord,58.3333,6.25
NOREN,Rennesoy,59.0833,5.6833
NOREP,Repparfjord,70.45,24.2833
NORES,Raunes - Vindafjord,59.4333,5.75
NORET,Rost,67.5167,12.1333
NORFJ,Reinfjord,70.1,21.6
NORIS,Risor,58.7167,9.2333
NORIV,Risavika,58.9333,5.6
NORMB,Ramberg,68.0833,13.2167
NORMV,Ramsvika,62.95,7.4
NORNA,Rana,-31.7333,-60.5333
NOROG,Rognan,67.1,15.3833
NOROM,Gjerdsvika,62.25,5.55
NOROV,Rovde,62.1833,5.75
NOROY,Snaroya,59.8833,10.6167
NORPV,Repvag,70.75,25.6833
NORSD,Raudsand,62.8333,8.1167
NORSH,Risoyhamn,68.9667,15.6333
NORSS,Rissa,63.5833,9.9667
NORTL,Rutledal,61.0667,5.2167
NORUB,Rubbestadneset,59.8,5.2667
NORUN,Runde,62.4,5.6667
NORVK,Rorvik,64.85,11.2333
NORYF,Rypefjord,70.6333,23.6667
NOSAA,Skaland,69.45,17.3
NOSAC,Salangsverket,68.9,17.7167
NOSAF,Sandeid,59.55,5.8333
NOSAG,Vormedal,59.35,5.3167
NOSAI,Sandviksberget,64.3167,10.45
NOSAK,Stakkvik,69.95,19.6667
NOSAL,Salangen,68.8667,17.8167
NOSAM,Samnanger,62.5167,15.6167
NOSAN,Skaun,1.1833,127.9
NOSAS,Sandnes,58.85,5.7333
NOSAT,Salten,67.3667,15.5833
NOSAU,Sauda,59.6333,6.35
NOSAX,Sand,59.4833,6.25
NOSAY,Sandoya,68.95,16.6667
NOSBA,Stord base,59.75,5.4833
NOSBT,Botn - Sandnessjoen,66.0,12.65
NOSBU,Salsbruket,64.8,11.8667
NOSDI,Sandvika,59.8833,10.5167
NOSDT,Stadlandet,62.1333,5.3167
NOSDZ,Stordal,62.3667,6.9833
NOSEJ,Seljeli,66.1333,13.5833
NOSEV,Selva,63.6167,9.7333
NOSGJ,Straumsgjerde,62.3333,6.5833
NOSGT,Skorgeneset,62.5667,7.1167
NOSHT,Stanghelle,60.55,5.7333
NOSID,Savareid,60.1833,5.7667
NOSIH,Siholmen,63.7333,8.8333
NOSIP,Skipavik - Gulen,60.85,5.0333
NOSIS,Sunde,59.8333,5.7167
NOSJE,Selje,62.0333,5.3333
NOSJH,Senjahopen,69.5,17.4833
NOSJO,Sjoholt,62.4667,6.8
NOSJU,Sjursoja/Oslo,59.8833,10.7667
NOSJV,Sjovegan,68.8833,17.8333
NOSKB,Skibotn,69.3833,20.25
NOSKE,Skien,59.2,9.6
NOSKF,Skiftun,59.2833,6.1333
NOSKH,Skjarhalden,59.0167,11.0333
NOSKI,Skjerkoya,59.0,9.75
NOSKK,Stokksund,64.0333,10.05
NOSKL,Skanland,69.45,17.3
NOSKN,Stokmarknes,68.5667,14.9
NOSKU,Skudeneshavn,59.1333,5.2667
NOSKV,Skalevik,60.3833,5.2333
NOSKX,Skogn,63.7,11.15
NOSKY,Skjervoy,70.0333,20.9667
NOSKZ,Skarsvag,71.1,25.8167
NOSLD,Solund,61.0667,4.8333
NOSLG,Slagentangen,59.3167,10.5
NOSLH,Salthella,60.0,5.1167
NOSLM,Slemmestad,59.7667,10.4833
NOSLN,Skjolden,61.4833,7.5833
NOSLV,Slovag,60.85,5.0667
NOSLX,Sortland,68.7,15.4167
NOSMO,Smola,63.45,8.0
NOSND,Sund,-20.25,149.0167
NOSNE,Sogne,58.0833,7.8167
NOSNF,Snefjord,70.8,24.5667
NOSNL,Standal,62.2667,6.4333
NOSNS,Steinesjoen,68.6,14.45
NOSNV,Snekkevik,58.8667,9.3
NOSOG,Sogndal,61.2167,7.1
NOSOJ,Sorkjosen,69.8,20.9333
NOSOR,Sorarnoy,67.1333,13.9833
NOSOS,Svolvar Osan,68.2333,14.5333
NOSOV,Sovik,62.4333,6.75
NOSOY,Storoya,59.4167,5.2333
NOSPG,Sarpsborg,59.2667,11.1
NOSPK,Skipavik,60.0667,5.6
NOSPV,Spjelkavik,62.45,6.3333
NOSRA,Sorreisa,69.1333,18.1167
NOSRD,Sigerfjord,68.6333,15.5333
NOSRH,Skarholmen,60.4,5.2
NOSRK,Skrolsvik,69.0667,16.8167
NOSRM,Straumsnes,68.65,14.6333
NOSRN,Stranda,62.3,6.9333
NOSRO,Skrova,68.1667,14.6667
NOSRP,Stord,59.75,5.4833
NOSRS,Storesund,59.4167,5.2667
NOSRV,Sirevag,58.5,5.7833
NOSRX,Sotra,60.25,5.0667
NOSSJ,Sandnessjoen,66.0167,12.6333
NOSSO,Straumsjoen,68.7,14.4667
NOSSS,Sistranda,63.7167,8.8333
NOSTA,Stathelle,59.0333,9.7
NOSTB,Storebo,60.1,5.2167
NOSTD,Strand,-34.1167,18.8333
NOSTE,Steinkjer,64.0167,11.4833
NOSTF,Storfjord,69.0167,15.1333
NOSTH,Steinshamn,62.7833,6.4833
NOSTI,Steinvig,58.9667,6.0
NOSTJ,Stjordal,63.4667,10.8833
NOSTK,Stokke,69.0167,15.1333
NOSTO,Stokkvagen,66.3333,13.0
NOSTR,Stryn,61.8833,6.7
NOSTU,Stura,60.6167,4.8667
NOSTV,Stavern,58.9833,10.0333
NOSTX,Sto,69.0167,15.1333
NOSTY,Stjernoya,70.3,22.7167
NOSTZ,Stranda - Froya,63.8,8.6833
NOSUA,Sula,28.4167,-16.4667
NOSUL,Suldal,59.3333,6.2167
NOSUN,Sunndalsora,62.6667,8.55
NOSUR,Surnadal,62.9833,8.6333
NOSUS,Susort,59.2833,5.4667
NOSUZ,Stamsund,68.1167,13.8333
NOSVB,Svartebukt,59.0167,9.8333
NOSVE,Svelgen,61.7667,5.2833
NOSVG,Stavanger,58.9667,5.75
NOSVI,Ornes,66.8667,13.7
NOSVJ,Svolvar,68.2167,14.55
NOSVL,Savlandsvik,59.2667,5.1833
NOSVO,Sveio,59.55,5.35
NOSVR,Sorvar,70.6333,21.9833
NOSVT,Stavneset - Rissa,63.7,9.95
NOSVV,Svelvik,59.6,10.4
NOSYK,Sykkylven,62.4,6.5667
NOT8N,Oteren,69.2667,19.9
NOTAA,Tana,-0.05,-51.1667
NOTAE,Tananger,58.9167,5.5833
NOTAL,Talavag,60.25,4.9833
NOTAU,Tau,59.05,5.9
NOTAV,Torangsvag,60.1167,5.1667
NOTBO,Tjeldbergodden,63.4667,9.0
NOTIN,Tingvoll,68.2,13.6833
NOTJL,Tjotta,65.8167,12.4333
NOTJR,Tjorvag,62.2833,5.7333
NOTJU,Torjulvagen,62.9833,8.25
NOTMV,Tromvik,69.7833,18.4
NOTNN,Tonnes,66.5167,13.0
NOTOF,Tofte - Hurum,59.5333,10.5667
NOTOM,Tomrefjord,62.5833,6.9167
NOTON,Tonsberg,59.25,10.4167
NOTOR,Torsken,69.3333,17.1
NOTOS,Tromso,69.6667,18.9667
NOTOV,Tovik,68.6833,16.9
NOTOY,Thoroya,59.1,10.2333
NOTRD,Trondheim,63.4333,10.4
NOTRF,Sandefjord,59.1167,10.2167
NOTRN,Trana,66.5,12.1
NOTRO,Trollasen,60.0333,10.0333
NOTSB,Tyssebotn,60.6167,5.5833
NOTSX,Tyssedal,60.1167,6.55
NOTUF,Tufjorden,71.0,23.9
NOTVA,Torsvag,70.25,19.5
NOTVE,Tvedestrand,58.6167,8.9167
NOTVI,Torvika,62.3333,5.7333
NOTYN,Tysnes,53.05,5.85
NOTYT,Tytebarvika,69.6,19.9667
NOUBO,Uloybukt,69.85,20.7
NOULE,Ulstein,62.3667,5.8167
NOULL,Ullensvang,60.3167,6.65
NOULS,Ulsteinvik,62.3333,5.8333
NOUME,Straume,60.3167,5.2833
NOUND,Sund - Karmoy,59.3,5.2333
NOUSD,Uskedalen,59.9333,5.85
NOUTG,Utgardskilen,59.0833,10.8667
NOUTH,Uthaug,63.7167,9.6
NOUTN,Utne,60.4167,6.6
NOUTS,Utsira,59.3,4.8833
NOUTV,Utvorda,64.6,10.95
NOUVK,Ulvik,60.5667,6.9167
NOVAD,Valldal,62.3,7.2667
NOVAE,Valsneset,63.8167,9.6333
NOVAG,Valevag,59.7,5.4667
NOVAK,Vaksdal,60.4667,5.7333
NOVAL,Valloy,59.2667,10.5
NOVAN,Vanvikan-Leksvik,63.55,10.2333
NOVAO,Vardo,70.3667,31.1
NOVAY,Vanylven,62.1,5.55
NOVBE,Valberg,58.8833,9.4167
NOVDA,Volda,62.1333,6.05
NOVDL,Vistdal,62.7167,7.9333
NOVDS,Vadso,70.0667,29.7667
NOVEG,Vega,65.65,12.0
NOVEO,Vengsoy,69.8333,18.5833
NOVER,Verdal,63.7833,11.4333
NOVEV,Vevelstad,51.9167,5.85
NOVEY,Varoy,67.65,12.7
NOVHM,Vadheim,61.2,5.8167
NOVHN,Vikholmen,66.2,12.9667
NOVIF,Vindafjord,59.5833,5.5667
NOVIL,Vikedal,59.5,5.9167
NOVIS,Vik - Sogn,61.0833,6.5833
NOVKK,Vikkilen,58.3667,8.6167
NOVLL,Voll,68.2,13.6833
NOVLS,Vallersund,63.85,9.75
NOVMD,Vedavagen,59.2833,5.2333
NOVNJ,Vinjeora,63.2,8.9833
NOVNN,Vannavalen,70.1167,19.9667
NOVNS,Vingsand,64.35,10.4667
NOVOH,Vagaholmen,66.7167,13.2833
NOVSM,Vikan - Smola,63.3833,8.2
NOVSN,Visnes - Eide,62.95,7.4
NOVST,Vestnes,62.6333,7.0667
NOVTL,Vartdal,62.3,6.0667
NOVTS,Vats,59.4833,5.7333
NOVVG,Vagsvag,61.9333,5.05
NOYTO,Ytroy,61.0833,4.6833
NOZNJ,Nusfjord,68.0333,13.35
NPLLU,Nawalparasi,27.5333,83.6667
NRINU,Nauru Island,-0.55,166.9167
NUALO,Alofi,-19.05,-169.9167
NZAKA,Akaroa,-43.8,172.95
NZAKL,Auckland,-36.8333,174.8
NZBLU,Bluff,-46.6,168.3167
NZBUW,Burnham Wharf,-41.3,174.8
NZCSA,Chelsea,-36.8167,174.7167
NZDEV,Devonport,-36.8333,174.7833
NZDPC,Deep Cove,-45.45,167.15
NZGIS,Gisborne,-38.6667,178.0333
NZGLE,Glenavy,-44.9167,171.1
NZGMN,Greymouth,-42.4333,171.2
NZHMB,Tamaki,-36.8833,174.9
NZKAU,Kauri Point,-36.8167,174.6833
NZKBZ,Kaikoura,-42.4167,173.7
NZLYT,Lyttelton,-43.6,172.7167
NZMAB,Matiatia Bay,-36.7667,174.9667
NZMAP,Marsden Point,-35.8333,174.5
NZMFN,Milford Sound,-44.6667,167.9167
NZNPE,Napier,-39.4667,176.9
NZNPL,New Plymouth,-39.05,174.0167
NZNSN,Nelson,-41.25,173.2667
NZOLT,Rolleston,-43.5833,172.3833
NZONE,Onehunga (Manukau Harbour),-37.0,174.6667
NZOPX,Opua,-35.3167,174.1167
NZORR,Otago Harbour,-45.8,170.6167
NZOTT,Otematata,-44.6167,170.2667
NZPCN,Picton,-41.2833,174.0
NZPOE,Port Chalmers,-45.8167,170.6
NZPON,Port Nelson,-41.2667,173.2667
NZPOR,Portland,-35.8,174.3167
NZRAV,Ravensbourne,-45.8667,170.55
NZRUS,Russel,-35.2667,174.1167
NZSEA,Seaview,-39.4667,176.9167
NZSHB,Shelly Bay,-41.2833,174.8167
NZTAK,Takapuna,-36.7833,174.7667
NZTHH,Taharoa,-38.15,174.7333
NZTIU,Timaru,-44.3833,171.25
NZTKH,Tarakohe,-40.8333,172.8833
NZTRG,Tauranga,-37.6833,176.1667
NZTRY,Tryphena,-36.3,175.4833
NZTWI,Tiwai Point-Bluff Port,-46.5833,168.35
NZWAG,Wanganui,-39.9333,174.9833
NZWHN,Whangaparapara,-36.2333,175.3833
NZWHR,Whangaroa,-35.0333,173.75
NZWKE,Waiheke Island,-36.8,175.1
NZWLG,Wellington,-41.2667,174.7833
NZWRE,Whangarei,-35.8333,174.4833
NZWSZ,Westport,-41.7333,171.5833
NZWTG,Waitangi,-35.25,174.0833
OMDQM,Duqm,19.65,57.7
OMFAH,Fahal,23.6833,58.5
OMMCT,Muscat,23.6,58.5833
OMMFH,Mina' al Fahl,23.6333,58.5167
OMMNH,Al Mudayq,23.8167,57.5167
OMOFC,Sur,22.65,59.4333
OMOPQ,Port Qaboos,60.1667,5.4667
OMQAL,Qalhat,22.7,59.3667
OMQUO,Quoin Island,26.5833,56.5167
OMRAY,Raysut,49.05,4.0
OMSHI,Shinas,24.7333,56.4667
OMSLL,Salalah,61.2167,17.15
OMSTQ,"Mina Sultan Qaboos, Muscat",23.6167,58.55
OMSUL,Port Sultan,23.6167,58.6333
OMSUW,Al-Suwaiq,23.85,57.4333
PAACO,Ancon,8.9667,-79.55
PAAML,Puerto Armuelles,51.2167,5.8
PABAY,Bayano,7.6333,-80.3833
PABCC,Boca Chica,8.2167,-82.2167
PABLB,Balboa,2.0333,-77.2167
PABOC,Bocas del Toro,9.3333,-82.2333
PACHG,Chiriqui Grande,8.95,-82.1167
PACTB,Cristobal,9.35,-79.9
PACTD,Chitre,7.9667,-80.4333
PACZZ,Canazas,8.1333,-80.7
PAELE,El Real,59.4833,10.3667
PAG8L,Gualaca,8.5333,-82.3
PAGDE,Rio Grande,7.7167,-81.35
PAHER,Herrera,7.8333,-80.6667
PAMEL,Melones,8.8,-79.6
PAMFS,Miraflores,59.4833,10.3667
PAMIT,Manzanillo,19.7,-71.75
PAMNP,Las Minas,9.4,-79.8333
PAONX,Colon,9.35,-79.8667
PAPAI,Paraiso,50.35,-4.7167
PAPAY,Payardi,49.05,4.0
PAPBE,Portobelo,9.55,-79.65
PAPBM,Bahia Las Minas,9.4,-79.8333
PAPCA,Puerto Caimito,8.8667,-79.7167
PAPED,Pedregal,8.3667,-82.4333
PAPES,Pese,7.9,-80.6167
PAPLP,La Palma,28.6833,-17.7667
PAPTY,"Panama, Ciudad de",8.9667,-79.5333
PAROD,Rodman,8.95,-79.5667
PASCL,Santa Clara,8.3833,-80.1167
PATBG,Taboguilla,8.8,-79.5
PATOC,Tocumen,9.0833,-79.3833
PAVAC,Vacamonte,8.8667,-79.6667
PEANC,Ancon,-11.7667,-77.1667
PEATI,Atico,44.2,12.4167
PEBAR,San Bartolo,-12.3833,-76.7833
PECAB,Cabo Blanco,9.9333,-85.0
PECHY,Chancay,-11.5667,-77.2667
PECLL,Callao,-12.05,-77.1333
PECON,Conchan,-6.4167,-78.6667
PEGSM,General San Martin,-68.1167,-67.1
PEILQ,Ilo,-17.65,-71.3333
PEIQT,Iquitos,60.1667,5.4667
PELAG,Lagunas,-5.2167,-75.6667
PELIM,Lima,-12.05,-77.05
PELOB,Lobitos,60.1667,5.4667
PELOO,Los Organos,-4.1833,-81.1167
PEMLQ,Mollendo,51.1833,5.1
PENGS,Negritos,60.1667,5.4667
PEPAC,Pacasmayo,49.05,4.0
PEPAM,Paramonga,43.9,4.6667
PEPEM,Puerto Maldonado,-12.5833,-69.2
PEPLO,Punta Lobitos,-10.0833,-78.1833
PEPMC,Pampa Melchorita,-13.3,-77.7833
PEPUB,Bayovar,-5.85,-81.0667
PESJA,San Juan,-15.3667,-75.1667
PESNX,San Nicolas,-15.2667,-75.2333
PESUP,Supe,51.35,-2.9667
PESVY,Salaverry,61.2167,17.15
PETAG,Tambo Grande,-16.0,-74.0333
PETDM,Tambo de Mora,-13.4667,-76.2
PETYL,Talara,61.2167,17.15
PEYMS,Yurimaguas,4.2167,7.3833
PFAHU,Ahurei,-27.6167,-144.35
PFAUT,Auti,-22.4833,-151.3333
PFBOB,Bora Bora,-16.45,-151.75
PFFAT,Fatu Hiva,-10.4833,-138.65
PFHHT,Hereheretue,-19.8667,-145.0
PFHIT,Hitia'a,-17.6,-149.3167
PFIKI,Ikitake,-17.8333,-140.85
PFMOE,Moerai,-22.45,-151.35
PFNHV,Nuku Hiva,-8.8667,-140.1333
PFOTP,Otepa,-18.1167,-140.9
PFPPT,Papeete,-17.5333,-149.5667
PFRFP,Raiatea,-16.7333,-151.4667
PFRVV,Raivavae,-23.8833,-147.6667
PFTAI,Taiohae,-8.9,-140.1
PFTUP,Niau,-16.1167,-146.3667
PGAIA,Aiambak,-7.35,141.2667
PGALC,Alcester Island,-9.5667,152.45
PGAMI,Amio,-6.1167,150.75
PGANB,Anewa Bay,-6.2,155.55
PGBOI,Boigu Island,-9.2667,142.2167
PGBUA,Buka,36.4833,139.0
PGCAU,Caution Bay,-9.3333,146.9333
PGCFG,Conflict Group,-10.7833,151.8
PGDBL,Deboyne Lagoon,-10.7833,152.4
PGFUB,Fulleborn,51.0333,5.8167
PGGAW,Gawa Island,-8.9667,151.9833
PGGEI,Green Islands,59.4833,10.3667
PGGUR,Alotau,50.7667,4.2667
PGHKN,Hoskins,60.1667,5.4667
PGKAI,Kaibola,-8.4167,151.1
PGKIM,Kimbe,36.6333,-93.4167
PGKLO,Kalo,39.6167,20.1833
PGKMA,Kerema,59.4833,10.3667
PGKOP,Kopi,-7.3,144.1833
PGKRK,Kairuku,-8.8333,146.5333
PGKRX,Karkar Is,-4.6333,145.9667
PGKUL,Kumul,-8.1,144.5667
PGLAE,Lae,51.1333,3.4167
PGLAK,Lakuramau,-2.8833,151.25
PGLAM,Lambom Island,-4.8,152.8333
PGLDT,Londolovit,-3.0667,152.6167
PGLLA,Laughlan Atoll,-9.2833,153.6667
PGLOM,Lombrum,-2.0333,147.3667
PGMAG,Madang,-5.2167,145.7833
PGMIS,Misima Island,4.2167,7.3833
PGMTK,Motukea Island,-9.4333,147.1
PGNAP,Napa Napa,-9.45,147.1167
PGPDO,Pondo Harbour,-4.5667,151.6167
PGPOM,Port Moresby,59.4833,10.3667
PGRAB,Rabaul,44.75,14.75
PGRNR,Robinson River,51.5,5.5
PGROR,Orobay,49.05,4.0
PGRVI,Russel Island,-35.2667,174.1167
PGSAI,Saibai,-9.3833,142.6167
PGSMU,Salamaua,61.2167,17.15
PGSQT,Samarai,-10.6333,150.6333
PGTAM,Tambanum,-4.2,143.6
PGTAU,Taugu Island,59.05,5.9
PGTLW,Talasea,61.2167,17.15
PGTMI,Tami Island,-6.7667,147.9
PGTOI,Tolokiwa Island,-3.3,128.05
PGULA,Ulamona,-5.0,151.25
PGVLA,Vailala,-7.95,145.45
PGWAT,Watabung,-6.0833,145.2167
PGYEN,Yentchan,-4.1333,143.25
PHABU,Abulug,18.4333,121.45
PHADL,Adlay/Bislig,9.4,125.9
PHAHE,Aheron/Ozamis,59.4667,17.3833
PHAJU,Ajuy,11.1667,123.0333
PHALA,Alasang/Siain,61.2167,17.15
PHALB,Albuera,10.9667,124.6333
PHALC,Alcoy,9.6833,123.5
PHAMU,Amunitan/Aparri,18.3167,122.05
PHAPR,"Aparri, Luzon",50.35,-4.7167
PHAQE,Hamtic,10.7,121.9667
PHARA,Aras Asan/Bislig,8.8833,126.3
PHAST,Astorga,6.8833,125.45
PHATI,Atimonan/Siain,13.9833,121.9
PHAYG,Ayungon,9.85,123.1333
PHBAB,Babato/Dadiangas,-14.8333,12.2333
PHBAC,Bacong,9.2333,123.3
PHBAI,Bais/Dumaguete,45.4167,13.5167
PHBAL,Balaboe,45.0,-79.6
PHBAT,Batonbaton,9.1833,118.35
PHBAU,Bauan/Batangas,13.8,121.0
PHBCD,"Bacolod, Negros",60.1667,5.4667
PHBCO,Bacon/Legaspi,59.4667,17.3833
PHBCT,"Isabela, Basilan",6.7,121.9667
PHBGI,Bagui Bay/San Fernando,36.4667,-6.2
PHBGR,Bucar Grande/Suriagao,22.65,59.4333
PHBGS,Balingasag,8.75,124.7833
PHBGV,Borongan,59.4667,17.3833
PHBIN,Binan,14.3333,121.0833
PHBLA,Balanga/Batan,45.0,-79.6
PHBLC,"Balabac, Palawan",7.9667,117.05
PHBLN,Balengan/Siain,51.1667,5.15
PHBLP,Bolos Point/Aparri,50.35,-4.7167
PHBLT,Balintang/Puerto Princesa,25.15,121.4
PHBNG,Bauang,16.5167,120.3167
PHBOA,"Boac, Marinduque",13.4333,121.8333
PHBOG,Bogo,11.05,124.0
PHBOR,Boracay,11.9667,121.9167
PHBOS,Boston/Davao,7.8667,126.35
PHBPH,"Bislig, Mindanao",10.5333,124.0333
PHBRB,Barobo/Bislig,8.55,126.1167
PHBRP,"Brookes Point, Palawan",8.7667,117.8333
PHBRT,Barton/Puerto Princesa,42.0833,19.0833
PHBSO,Basco,20.45,121.9667
PHBTG,Batangas/Luzon,13.75,121.05
PHBTS,Batarasa/Puerto Princesa,45.0667,14.0667
PHBTY,Bantayon/San Jose,9.9333,-84.0833
PHBUG,Bugo,69.9667,29.6333
PHBUL,"Bulan, Luzon",59.4667,17.3833
PHBUR,"Burdeos, Polillo Isl",14.8333,121.9667
PHBXU,Butuan Bay/Masao,49.05,4.0
PHBYB,Baybay/Tacloban,49.05,4.0
PHBYP,Bayang Point,46.0833,127.4
PHBYS,Bayabas/Bislig,49.05,4.0
PHBYW,Bayawan/Dumaguete,45.4167,13.5167
PHCAB,Cabugao Bay/Legaspi,6.1167,105.2833
PHCAJ,"Cajidiocan, Visayan Isl",12.3667,122.6833
PHCAZ,Cadiz,36.8667,-87.8167
PHCBO,"Cotabato, Mindanao",42.2667,8.75
PHCBY,"Calbayog, Samar",12.0667,124.6
PHCCG,Calag-Calag/Dumaguete,45.4167,13.5167
PHCDB,Caldera Bay/Zamboanga,-27.0333,-70.8
PHCDN,Cagdianao,9.9167,125.6667
PHCEB,Cebu,10.3167,123.95
PHCGG,Casiguran/Siain,18.8833,72.9333
PHCGI,Corregidor Island,14.3833,120.5833
PHCGM,Camiguin Island/Aparri,50.35,-4.7167
PHCGT,Calaguitan/Tacloban,56.4167,-5.4667
PHCGY,"Cagayan de Oro, Mindanao",10.5333,124.0333
PHCLP,Calapan/Batangas,61.2167,17.15
PHCLV,Claveria/Aparri,50.35,-4.7167
PHCML,Camalagawan/Aparri,36.7167,-4.4167
PHCMO,Currimao,4.2167,7.3833
PHCNT,Cantilan/Surigao,22.65,59.4333
PHCPC,Capoocan,11.3,124.65
PHCPL,Capalonga/Siain,59.4667,17.3833
PHCRA,Carigara,11.3,124.6833
PHCSB,Casul Bay/Ozamis,49.05,4.0
PHCSI,Culasi,11.6,122.7
PHCST,Castanas,13.8833,121.55
PHCTB,Catamon Bay/Iloilo,-17.65,-71.3333
PHCUG,"Calubian, Leyte",11.4333,124.4167
PHCUJ,Culion,59.4667,17.3833
PHCVE,"Cavite, Luzon",59.4667,17.3833
PHDCB,Dahikan Bay,49.05,4.0
PHDDW,Dinadiawan/Aparri,50.35,-4.7167
PHDGL,Dingalan/Siain,61.2167,17.15
PHDGT,Dumaguete,45.4167,13.5167
PHDID,Didadongan/Aparri,50.35,-4.7167
PHDIR,Dirgalan,61.2167,17.15
PHDIV,Divilacan/Aparri,50.35,-4.7167
PHDNG,Dinagat Island/Surigao,22.65,59.4333
PHDNL,Dinalongan/Siain,59.4667,17.3833
PHDNO,Danao,10.5333,124.0333
PHDRB,Diaraboan/Siain,-73.05,-13.4167
PHDVO,"Davao, Mindanao",10.5333,124.0333
PHENI,El Nido/Puerto Princesa,11.1833,119.4
PHGAC,Gachitorena/Jose Panganiban,65.9,22.65
PHGES,General Santos,6.1167,125.15
PHGGG,"Gigaquit, Mindanao",9.5833,125.6833
PHGGM,"Gigmoto, Catanduanes",13.7667,124.3833
PHGHE,Garcia Hernandez,9.6167,124.3
PHGHG,Guihulngan,10.1167,123.2833
PHGMS,Guimaras/Iloilo,4.2167,7.3833
PHGUN,Guiuan,11.0333,125.7167
PHHIL,Hilongos,10.3667,124.75
PHHIM,"Himamaylan, Negros",10.0833,122.8667
PHHMH,Homonhon,10.75,125.7
PHHNB,Hinobaan/Iloilo,-17.65,-71.3333
PHHNG,Hinigaran/Iloilo,-17.65,-71.3333
PHHON,Hondagua/Siain,59.4667,17.3833
PHHOO,Hook Bay/Siain,49.05,4.0
PHHYB,Hagnava Bay,49.05,4.0
PHIGN,"Iligan, Mindanao",10.5333,124.0333
PHILO,"Iloilo, Panay",49.05,4.0
PHIRN,Port Irene,18.3667,122.1
PHISL,Isabel,-0.4167,-65.0167
PHJAS,Jasaan,8.65,124.75
PHJNZ,Jimenez/Ozamis,28.3333,-105.4
PHKAR,Karomatan/Iligan,55.2667,9.75
PHKAS,Kabasalan/Zamboanga,7.7833,122.75
PHKAT,Katipunan/Ozamis,-2.7333,-79.9167
PHKIN,Kinogitan/Iligan,33.2833,130.2
PHKIW,Kiwalan/Iligan,-19.7167,163.65
PHKLM,Kalamansig,6.55,124.05
PHKUM,Kumalarang/Zamboanga,61.2167,17.15
PHLAB,Labason/Zamboanga,8.0667,122.5167
PHLAC,La Carlota,10.4167,122.9167
PHLAO,"Laoag, Luzon",18.1833,120.5833
PHLAY,Lagondy River,59.4667,17.3833
PHLBK,Lebak,6.6333,124.0667
PHLEY,Leyte,11.3667,124.4833
PHLGG,Lingig/Bislig,8.0333,126.4
PHLGP,"Legaspi Apt, Luzon",13.1333,123.75
PHLGU,Laguna,10.3,123.8833
PHLIB,Libjo/Surigao,22.65,59.4333
PHLIM,Limay/Bataan,49.05,4.0
PHLIN,"Lingayen, Luzon",49.05,4.0
PHLNA,Larena,9.25,123.5833
PHLNO,Lunao,8.8667,125.05
PHLOO,Looc Bay/San Jose,9.9333,-84.0833
PHLPA,Lipa,16.1833,81.1333
PHLPU,"Lapu-Lapu, Cebu",10.3167,123.95
PHLPZ,La Paz/Iloilo,-33.4667,-67.55
PHLUC,Lucanin,14.4667,120.6167
PHLUG,Lugait,8.3333,124.25
PHLZB,Lazi,9.1167,123.6333
PHMAB,"Mabini, Mindanao",8.95,124.7833
PHMAC,Matho Cortez/Bislig,50.6167,3.7667
PHMCJ,Macojalan/Ozamis,61.2167,17.15
PHMDN,Medina,8.9167,125.0167
PHMGA,Magalona/Iloilo,-17.65,-71.3333
PHMHT,"Marihatag, Mindanao",8.7833,126.2833
PHMIC,Misamis Or./Cagayan de Oro,38.25,20.65
PHMIO,Misamis Occ./Ozamis,38.25,20.65
PHMKC,Makati City,14.55,121.0333
PHMLB,"Maluso, Basilan",6.5333,121.8667
PHMLL,Malalag/Davao,61.2167,17.15
PHMLS,Magellanes/Masao,51.2167,5.8
PHMNI,Manicani,11.0,125.65
PHMNT,Muntinlupa City,14.6167,121.05
PHMNY,Manay/Mati,49.05,4.0
PHMON,Monserrat/Mati,50.45,3.9333
PHMOR,Morong/Mariveles,59.4667,17.3833
PHMSB,Malasugat Bay/Zamboanga,61.2167,17.15
PHMSS,Mission/Aparri,49.1333,-122.3
PHMSY,Manansalay/Batangas,61.2167,17.15
PHMTI,Makati,16.4167,121.1
PHMTP,Malatapay,9.55,123.15
PHMUL,Mulanay/Siain,49.05,4.0
PHMVS,"Mariveles, Luzon",59.4667,17.3833
PHMXI,"Mati, Mindanao",10.5333,124.0333
PHNAB,Nabulao Bay/Iloilo,58.2333,24.1167
PHNAL,Nalungga/Iloilo,-17.65,-71.3333
PHNGH,Nagh,54.6333,-5.5333
PHNON,Nonoc/Surigao Del Norte,22.65,59.4333
PHNOP,Mactan Island Apt,10.3,124.0
PHNTO,Nato,47.2,26.3167
PHNUG,"Nasugbu, Luzon",14.0667,120.6333
PHODI,Odiongan,12.4,121.9833
PHOLO,Olongapo,59.4667,17.3833
PHOPO,Opol,8.5167,124.5667
PHORA,Orayuita,49.05,4.0
PHORC,Ormoc/Tacloban,56.4167,-5.4667
PHORL,Oroquieta,8.4833,123.8
PHORS,Oras,12.15,125.4333
PHOZC,"Ozamis, Mindanao",10.5333,124.0333
PHPAG,Pagadian/Zamboanga,44.4333,15.05
PHPAN,Panabo,7.3,125.6833
PHPAS,"Pasay, Luzon",49.05,4.0
PHPBA,Port Barton/Palawan,42.0833,19.0833
PHPDC,"Polanco, Mindanao",8.5167,123.35
PHPGA,Puerto Galera,13.5,120.9333
PHPGB,Pagbilao,13.9667,121.6833
PHPHD,Port Holland,63.3167,9.15
PHPIN,Pinamalayan/Batangas,61.2167,17.15
PHPIS,Philippines,14.5833,121.0
PHPLB,Palamit Bay/San Jose,9.9333,-84.0833
PHPLL,"Polillo, Polillo Isl",14.7,121.9333
PHPLP,Palapag/San Jose,9.9333,-84.0833
PHPLW,Palawan/Ozamis,61.2167,17.15
PHPNB,Panabutan/Zamboanga,6.1167,105.2833
PHPNT,Punti/Aparri,50.35,-4.7167
PHPPL,Pamplona/Aparri,50.35,-4.7167
PHPPP,"Pagudpud, Luzon",16.6167,120.3167
PHPPS,"Puerto Princesa, Palawan",61.2167,17.15
PHPRA,Parang,7.3667,124.2667
PHPRO,Poro/San Fernando,36.4667,-6.2
PHPSL,"Pasaleng, Luzon",18.55,120.9167
PHQUE,Queson/Siain,51.5,5.5
PHQUI,Quiddiao/Aparri,50.35,-4.7167
PHREA,Real/Siain,59.4833,10.3667
PHRLN,Romblon,12.5667,122.2667
PHROM,Romblon,12.5667,122.2667
PHSAG,Sagay/Iloilo,49.05,4.0
PHSAN,Santa Ana/Aparri,-27.3333,-55.5833
PHSAY,Sayao/Batangas,49.05,4.0
PHSBG,Sabang,10.1833,118.9
PHSBI,Subic,14.9,120.2333
PHSCA,San Carlos/Dumaguete,-33.7667,-69.0333
PHSCR,Santa Cruz/Sual,-50.0167,-68.4167
PHSCT,Santa Catalina/Dumaguete,48.5167,-53.0833
PHSFE,"San Fernando, Luzon",36.4667,-6.2
PHSFS,Subic Bay,49.05,4.0
PHSGD,Sogod/Tacloban,56.4167,-5.4667
PHSIG,Sigayan/Sultan Naga Dimaporo,7.7333,123.7667
PHSIN,"Siain, Luzon",59.4667,17.3833
PHSIO,San Ignacio/Mati,-27.2667,-55.5667
PHSIY,Siay/Zamboanga,49.05,4.0
PHSJI,"San Jose Apt, Mindoro",12.35,121.0833
PHSLM,Salomague,17.7833,120.4167
PHSLU,Santa Lucia/Puerto Princesa,9.45,8.4667
PHSMA,Santa Maria/Zamboanga,9.45,8.4667
PHSMR,Semirara,12.0667,121.4
PHSNI,Santa Nino,9.45,8.4667
PHSOR,Sorsogon/Legaspi,59.4667,17.3833
PHSPQ,San Pio Quinto/Aparri,50.35,-4.7167
PHSUG,"Surigao, Mindanao",22.65,59.4333
PHTAC,"Tacloban, Leyte",56.4167,-5.4667
PHTAL,Talibon,10.1333,124.3167
PHTAN,Tandayag,9.45,123.2167
PHTBC,Tabaco/Legaspi,13.35,123.7333
PHTBU,Tagabuli/Davao,6.1167,105.2833
PHTGD,Tagudin/San Fernando,36.4667,-6.2
PHTGL,Taguilon/Ozamis,-17.65,-71.3333
PHTGN,Tambungon/Davao,59.4667,17.3833
PHTGO,Tagoloan,8.5333,124.75
PHTIN,Tindalo Oil Field,11.0667,118.9
PHTKW,Tagkawayan/Siain,49.05,4.0
PHTLG,Tolong/Dumaguete,45.4167,13.5167
PHTLS,Tolosa/Tacloban,56.4167,-5.4667
PHTNU,Tanauan/Tacloban,56.4167,-5.4667
PHTOB,Toboso/Dumaguete,45.4167,13.5167
PHTON,Tubigon,9.95,123.9667
PHTTO,Taganito,9.55,125.8167
PHULY,Ulugan Bay,49.05,4.0
PHVCS,"Victorias, Negros",48.4333,-123.35
PHVNV,Villanueva,41.2167,1.7333
PHVTL,Vitali/Zamboanga,7.3667,122.2833
PHVTO,Vito/Iloilo,-17.65,-71.3333
PHWAS,Wasag/Dadiangas,-73.05,-13.4167
PHWNP,Naga/Zamboanga,7.8,122.7
PHXSO,Siocon/Zamboanga,59.4667,17.3833
PHZAM,Zamboanga,7.7833,122.75
PKBQM,Muhammad Bin Qasim/Karachi,24.7667,67.3333
PKGWD,Gwadar,18.9833,73.75
PKKBA,Keti Bandar,24.1333,67.4333
PKKBU,Keti Bunder,50.8833,5.7333
PKKCT,Karachi Container Terminal,24.8333,66.9667
PKKHI,Karachi,24.7667,67.3333
PKKIA,Kiamari,24.8167,66.9667
PKQCT,Qasim International Container Terminal/Karachi,50.8667,4.1833
PL6MA,Dabrowka,51.6167,20.95
PLBEK,Bielinek,52.9333,14.15
PLBLZ,Plblz,51.9,18.0
PLBRK,Brzostek Policzko,51.05,19.9
PLBZG,Bydgoszcz,53.15,18.0
PLBZI,Burzenin,51.45,18.8333
PLCDB,Czarna Dabrowka,54.35,17.55
PLCH3,Chroscice,50.7833,17.8167
PLCPL,Chobienice,52.1667,15.9333
PLDAR,Darlowo,54.4167,16.4167
PLDCZ,Duczki,52.3667,21.2833
PLDZN,Dziwnow,54.0333,14.75
PLELB,Elblag,54.1667,19.3833
PLFBK,Frombork,54.35,19.6833
PLGDN,Gdansk,54.4,18.6667
PLGDY,Gdynia,54.5,18.55
PLGKZ,Gorki Zachodnie,54.3667,18.7667
PLHEL,Hel,54.6,18.8
PLIT5,Piorunow,52.2,20.5667
PLIYC,Iwierzyce,50.0167,21.7667
PLJDZ,Jedlina-Zdroj,50.7333,16.3333
PLKAO,Kamien Pomorski,53.9667,14.7667
PLKLY,Kostomloty,51.05,16.6167
PLKMR,Krynica Morska,54.3833,19.45
PLKOD,Krosno Odrzanskie,52.05,15.0833
PLKOL,Kolobrzeg,54.1833,15.5833
PLKPW,Kraplewo,52.3,16.6833
PLKRM,Krynica Morska,54.3833,19.45
PLKUY,Losiow,50.7833,17.5667
PLKZ4,Korzenna,49.6833,20.85
PLLEA,Leba,54.75,17.55
PLLPN,Lipiany,53.0,14.9667
PLLUU,Janowiec,51.3333,21.8833
PLMA9,Klaj,49.9833,20.3167
PLMID,Miedzyzdroje,53.9333,14.45
PLMK9,Konotopa,52.9167,20.3167
PLMKW,Mietkow,50.9833,16.65
PLMNN,Margonin,52.9667,176.0
PLMRE,Mrzezyno,54.15,15.3
PLNCH,Niechorze,54.1,15.0667
PLNOW,Nowy Port/Gdansk,54.4,18.6667
PLNWA,Nowe Warpno,53.7333,14.3
PLNXA,Mierzyn,54.1167,15.8833
PLOLA,Olawa,50.9333,17.3
PLOSD,Osinow Dolny,52.85,14.15
PLPLC,Police,50.5333,16.2333
PLPNW,Polanow,54.1,16.7
PLPTN,Piatnica,53.1833,22.0833
PLPZN,Pszenno,50.8667,16.55
PLROI,Rokietnica,52.5167,16.7333
PLRUC,Ruchocice,52.1833,16.35
PLRWL,Rewal,54.0833,15.0167
PLSCA,Siennica Rozana,51.0,21.3167
PLSJK,Karsibor,53.85,14.3
PLSKJ,Skolyszyn,49.75,21.35
PLSKN,Skolwin,53.4833,14.6
PLSOP,Sopot,54.45,18.5667
PLSPA,Stepnica,53.65,14.6167
PLSWI,Swinoujscie,53.9,14.25
PLSY2,Sroczyn,52.55,17.2833
PLTBZ,Trzebiez,53.65,14.5167
PLUMS,Ustronie Morskie,54.2167,15.75
PLURD,Urad,52.2667,14.7
PLUST,Ustka,54.5833,16.85
PLWIU,Widuchowa,53.1167,142.5
PLWLA,Wladyslawowo,54.7833,18.4167
PLWLI,Wolin,53.85,14.6167
PLWOL,Wolborz,51.5,19.8333
PLWZO,Wegorzyno,53.5333,15.55
PLXXX,RIS Inland waterways,-38.0,145.1167
PLZAA,Czarna,50.0667,21.2667
PLZGO,Zagorow,52.1667,175.6667
PLZIC,Dziecmierowo,52.2667,17.2667
PLZIN,Grodziczno,53.4167,19.7667
PLZNI,Znin,52.85,17.7167
PMFSP,Saint-Pierre,46.7667,-56.1667
PRARE,Arecibo,59.4833,10.3667
PRARR,Arroyo,17.9667,-66.0667
PRGUX,Guanica,17.9667,-66.9167
PRGUY,Guayanilla,17.9667,-66.8167
PRLAM,Las Mareas (Guayama),-21.5,167.9833
PRMAZ,Mayaguez,49.05,4.0
PRPJO,Puerto de Jobos,17.95,-66.1833
PRPSE,Ponce,59.4667,17.3833
PRPYA,Puerto Yabucoa,18.05,-65.8333
PRSAL,Salinas,17.9667,-66.25
PRSBS,San Sebastian,18.3,-66.9667
PRSJU,San Juan,18.45,-66.0833
PTABF,Albufeira,37.0833,-8.25
PTADG,Amoreira da Gandara,40.4833,-8.5333
PTADH,Angra do Heroismo,38.65,-27.2167
PTAFR,Sao Pedro da Afurada,41.1333,-8.6333
PTAGD,Aguda,41.05,-8.65
PTAGR,Almograve,37.65,-8.8
PTANG,Angeiras,41.2667,-8.7167
PTARP,Armacao de Pera,37.1,-8.35
PTAVE,Aveiro,40.6333,-8.65
PTAVP,Pindelo,40.8667,-8.45
PTAZM,Azenhas do Mar,38.8333,-9.45
PTBAN,Banatica,38.6667,-9.2
PTBAO,Barro,53.6833,-0.3833
PTBEI,Beijos,60.1667,5.4667
PTBNG,Benagil,37.0833,-8.4333
PTBOC,Bouca,41.65,-7.2167
PTBRG,Burgau,37.0667,-8.7667
PTBTR,Baltar,41.1833,-8.3833
PTBUS,Bustos,40.5,-8.6
PTCAC,Cacem,38.7667,-9.3
PTCAL,"Calheta, Island Sao Jorge",38.6,-28.0167
PTCAP,Costa da Caparica,38.6333,-9.2167
PTCAS,Cascais,38.7,-9.4167
PTCDP,Cais do Pico,38.5167,-28.3167
PTCES,Cambres,41.1333,-7.8
PTCLS,Colos,37.7333,-8.4667
PTCML,Camara de Lobos,32.6333,-16.9667
PTCNA,Coina,38.6,-9.05
PTCNL,Canical,32.7333,-16.7333
PTCNV,Castelo do Neiva,41.6333,-8.8
PTCPL,Capelo,38.5833,-28.7833
PTCRB,Casa Branca,38.5,-8.1667
PTCRC,Carrasqueira,38.4833,-9.1
PTDFZ,Sandim,41.0333,-8.5167
PTDOU,Douro,39.8833,-8.2667
PTEST,Estoril,38.7,-9.4
PTFAE,Fao,41.5167,-8.7667
PTFAO,Faro,37.0167,-7.9333
PTFDF,Figueira da Foz,40.15,-8.8667
PTFDT,Fonte da Telha,38.5667,-9.1833
PTFNC,"Funchal, Madeira",32.6333,-16.9
PTFOZ,Foz do Arelho,39.4333,-9.2167
PTFUZ,Fuzeta,37.05,-7.75
PTGER,Argeriz,41.5833,-7.3833
PTGIF,Guifoes,41.2,-8.6667
PTGUE,Gueifaes,41.2,-8.6
PTHOR,Horta,38.5333,-28.6333
PTLAJ,Lajes das Flores,39.3833,-31.1667
PTLDP,Lajes,38.3833,-28.2667
PTLDR,Lordelo,41.3667,-8.3833
PTLE2,Maceira,39.6833,-8.8833
PTLEI,Leixoes,41.1833,-8.6833
PTLEP,Leca da Palmeira,41.2,-8.7
PTLIS,Lisboa,38.7167,-9.1333
PTLNS,Lanheses,41.05,-8.6667
PTLOS,Lagos,37.1,-8.6667
PTMAD,Madalena (Madalena do Pico),38.5333,-28.5333
PTMAT,Matosinhos,41.1833,-8.7
PTMCH,Machico,32.7,-16.7667
PTMDM,Madalena do Mar,32.6833,-17.1333
PTNAV,Nariz,40.5333,-8.6
PTNGV,Valongo,41.1833,-8.5
PTNRD,Nordeste,37.8333,-25.1667
PTOEI,Oeiras,38.6833,-9.3167
PTOLA,Olhos de Agua,37.0833,-8.1833
PTOLH,Olhao,37.0333,-7.8333
PTOPO,Porto,41.15,-8.6167
PTPCZ,Porto da Cruz,32.7667,-16.8333
PTPDL,Ponta Delgada,37.7333,-25.6667
PTPDS,Ponte de Sor,39.25,-8.0167
PTPEN,Peniche,39.35,-9.3833
PTPFT,Perafita,41.2167,-8.7
PTPMZ,Porto Moniz,32.85,-17.1667
PTPOM,Pomarao,37.55,-7.5333
PTPRG,Praia da Graciosa,39.05,-27.9667
PTPRM,Portimao,37.1333,-8.5333
PTPRV,Praia da Vitoria,38.7333,-27.0667
PTPVC,Povoacao,37.75,-25.25
PTPVH,Pegoes Velhos,38.6833,-8.6667
PTPXO,Porto Santo Island,33.0667,-16.3333
PTQRT,Quarteira,37.0667,-8.1
PTRPX,Rabo de Peixe,37.8,-25.5833
PTRQU,Requiao,41.4,-8.4833
PTSAG,Sagres,37.0,-8.9333
PTSCF,Santa Cruz das Flores,39.45,-31.1167
PTSCG,Santa Cruz da Graciosa,39.0833,-28.0167
PTSET,Setubal,38.5333,-8.9
PTSHA,Senhora da Hora,41.1833,-8.65
PTSIE,Sines,37.95,-8.8667
PTSLZ,Santa Luzia,37.1,-7.65
PTSMI,Sao Miguel,-1.6167,-47.4667
PTSMO,Sao Martinho do Porto,39.5167,-9.1333
PTSMS,Santa Maria de Sardoura,41.05,-8.2833
PTSMT,Sao Mateus,38.65,-27.2667
PTSSB,Sesimbra,38.4333,-9.1
PTTER,Terceira Island Apt,38.7167,-27.2167
PTTGO,Monte Trigo,59.4667,17.3833
PTTOA,Torreira,40.75,-8.7
PTTPO,Topo,38.55,-27.7833
PTTRF,Trafaria,38.6667,-9.2333
PTTUN,Tunes,53.05,5.85
PTVAB,Valbom,41.1333,-8.5667
PTVAG,Vagueira,40.55,-8.75
PTVAR,Varzea do Douro,41.1167,-8.4667
PTVDC,Viana do Castelo,41.7,-8.8333
PTVDP,Vila do Porto,36.9333,-25.15
PTVEL,Velas,38.6833,-28.2167
PTVFC,Vila Franca do Campo,37.7167,-25.4333
PTVFD,Vila de Frades,38.2167,-7.8167
PTVFX,Vila Franca de Xira,38.95,-8.9833
PTVIC,Vila do Conde,41.35,-8.75
PTVLC,Vila Cha,40.85,-8.3833
PTVNC,Vila Nova do Corvo,39.6667,-31.1
PTVNR,Vila Nova da Rainha,39.0333,-8.9333
PTVRE,Vila Real de Santo Antonio,37.2,-7.4167
PTXZX,Escariz,40.9333,-8.4167
PTZFM,Zona Franca da Madeira,32.6667,-16.75
PWANG,Angaur,-3.65,130.8333
PYASU,Asuncion,-25.2667,-57.6667
PYBCM,Barrio Caacupe Mi,-25.2167,-57.55
PYCAA,Caacupe,-25.3833,-57.1333
PYCAC,Calera Cue,-22.5333,-57.8167
PYCNP,Concepcion,-23.4,-57.4333
PYENO,Encarnacion,-27.3333,-55.9
PYFUO,Fuerte Olimpo,-21.05,-57.8667
PYITE,Ita Enramada,12.15,-84.2167
PYMRA,Colonia Mariano Roque Alonso,-25.1667,-57.55
PYPAN,Puerto Antequera,-24.0833,-57.2
PYPCJ,Puerto la Victoria,-22.2833,-57.9333
PYPGU,Puerto Guarani,-21.3,-57.9167
PYPSA,Puerto Sara,-25.4333,-57.5333
PYSAN,San Antonio,-33.6,-71.6
PYTER,Terport (San Antonio),-25.3833,-57.6333
QAASN,Al Shaheen,26.55,52.0667
QADOH,Doha,29.3833,47.8
QAHMD,BGN/PCGN1956 - HAMAD,25.0,51.6167
QAHNA,Hanna,-34.9833,138.8333
QAQAP,Qapco,24.9167,51.5667
QAQCH,Qchem,24.85,51.5333
QARLF,Ras Laffan,25.9333,51.5333
QARUS,Al Ruwais Qatar,26.2333,51.3333
QASLW,As Salwa,24.7333,50.75
QAUMS,Umm Sa'id (Mesaieed),24.9833,51.5333
RELPT,Le Port,-20.9333,55.3167
REPOS,Possession,-20.9333,55.3333
RERSE,Sainte-Rose,-21.1333,55.8
RERUN,Saint-Denis,-20.9,55.5167
RESPL,Saint-Paul,-20.9833,55.2667
RESSZ,Sainte-Suzanne,-20.9,55.6
RO5LI,Livezeni,46.55,24.6333
ROAGI,Agigea,44.0833,28.6167
ROBAB,Basarabi,44.1667,28.3667
ROBCN,Beclean,46.3167,25.3
ROBCT,Bechet,43.7667,23.9333
ROBEZ,Bezdead,45.15,25.5167
ROBZI,Bazias,44.8,21.3833
ROCAF,Calafat,43.9833,22.9333
ROCAS,Calarasi,44.2,27.3333
ROCEV,Cernavoda,44.35,28.0167
ROCHL,Chilia Veche,45.7,29.4667
ROCHN,Chiscani,45.1833,27.9333
ROCND,Constanta,44.1833,28.65
ROCNM,Comisani,43.45,16.7
ROCOB,Corabia,43.7667,24.5
ROCTS,Cristuru Secuiesc,46.2833,25.0333
RODTS,Drobeta-Turnu Severin,44.6333,22.65
ROEFS,Eforie Sud,44.05,28.6333
ROFET,Fetesti,44.3833,27.8333
ROFTE,Frecatei,59.4833,10.3667
ROGAL,Galati,45.4333,28.05
ROGRG,Giurgiu,43.8833,25.95
ROGUU,Gruiu,44.7333,26.2333
ROHAU,Halchiu,45.7667,25.55
ROHDC,Hodac,46.7667,24.9167
ROISC,Isaccea,45.2667,28.4667
ROJRT,Jaristea,45.7833,27.0667
ROLUM,Luminita,44.25,28.6167
ROMAC,Macin,45.25,28.1667
ROMAG,Mangalia,43.8333,28.5833
ROMAH,Mahmudia,45.1333,29.1333
ROMED,Medgidia,44.25,28.2667
ROMGU,Magureni,45.0667,25.7333
ROMID,Midia,44.3333,28.6167
RONDI,Navodari,44.3333,28.6167
ROOJD,Ojdula,45.9833,26.25
ROOLT,Oltenita,44.0833,26.65
ROORV,Orsova,44.7,22.4
ROOVI,Ovidiu,44.2667,28.5667
ROPAL,Poarta Alba,44.2167,28.4
ROPAU,Paulesti,45.0,25.9833
ROPES,Pielesti,44.3333,23.95
ROPPC,Prelipca,47.6,26.35
ROPSE,Pietroasele,46.1,26.5667
ROPTA,Petelea,46.7333,24.7167
RORDE,Rediu,46.9,27.5833
RORNN,Rosia Montana,-46.3,23.1333
RORVA,Harsova,44.6833,27.95
ROSUL,Sulina (Port et Zone Franche),45.15,29.6667
ROTCE,Tulcea,45.1833,28.8
ROTR5,Tureni,46.6167,23.7
ROTUM,Turnu Magurele,43.75,24.8833
ROTUT,Turturesti,45.1167,26.6333
ROVTR,Vanatori Neamt,47.2,26.3167
ROXXX,RIS Inland waterways,-38.0,145.1167
ROZIC,Zimnicea,43.65,25.35
RS4SN,Bresnica,43.8667,20.5833
RSAPT,Apatin,45.6667,18.9833
RSBPA,Backa Palanka,45.25,19.3833
RSBZD,Bezdam,45.85,18.9167
RSDIM,Dimitrovgrad,43.0,22.7667
RSDOB,Dobanovci,44.8167,20.2167
RSGNJ,Gnjilane,42.4667,21.45
RSKMA,Kursumlija,43.1333,21.2667
RSMSD,Mesarci,44.6,19.9167
RSPHO,Prahovo,44.2833,22.5833
RSSKA,Sremski Karlovci,45.2,19.9333
RSVGS,Veliko Gradiste,44.75,21.5
RSVRA,Vranje,42.55,21.9
RSVS4,Veternik,45.25,19.75
RSXXX,RIS Inland waterways,-38.0,145.1167
RUABC,Ambarchik,69.6167,162.3
RUABK,Abinsk,44.8667,38.15
RUAER,Sochi,43.6,39.7167
RUAGK,Angarsk,52.5333,103.8833
RUAKS,Aksay,47.25,39.8833
RUAMU,Amursk,50.2167,136.9
RUAMV,Amderma,69.7667,61.6667
RUARH,Arkhangelsk,62.5167,15.6167
RUASF,Astrakhan,57.8833,19.0167
RUAZO,Azov,67.4667,78.7333
RUB2L,Shebekino,50.4,36.9
RUBER,"Beringovskiy, Port",48.3,14.5167
RUBGV,Bagaevskaya,47.3167,40.3833
RUBKN,Bolshoy Kamen,62.45,66.2333
RUBKT,Belaya Kalitva,48.1667,40.7833
RUBLK,Balakhna,56.4833,43.6167
RUBLN,Balakhnya,56.8,105.8167
RUBNK,Bronka Port,59.9167,29.6667
RUBOR,Borisova,57.0167,106.2333
RUBOS,Boshnyakovo,49.65,142.1667
RUBRK,Lomonosov,59.9,29.7333
RUBVV,Kuril'skiy Burevestnik AFB (Burevestnik AFB),44.9333,147.6333
RUCEE,Cherepovets,59.4833,10.3667
RUCHA,Chamgu,50.9333,143.6
RUCHB,Chebarkul',54.9667,60.3667
RUCHM,Chemashi,63.0333,65.1833
RUCHU,Chuya,59.2667,112.4333
RUCPC,Cpc Terminal,44.6667,37.65
RUDBK,Dubovka,49.05,44.8167
RUDEE,Yuzhno-Kuril'sk,44.0333,145.85
RUDHA,Derbeshkinskiy,55.8667,53.5
RUDKA,De-Kastri,36.1833,29.6333
RUDKS,Dikson,73.5,80.5
RUDUB,Dubna,56.75,37.1333
RUEKO,Ekonomiya,64.7,40.6333
RUFIP,Vladivostok,43.1333,131.9
RUFPT,Fish Port Terminal,43.1333,131.9
RUGOJ,Nizhniy Novgorod (ex Gorkiy),44.85,12.3
RUGRH,Gremikha,59.4833,10.3667
RUGSA,Gorskaya,60.05,29.9667
RUGVY,Gavrilov-Yam,57.3,39.85
RUHTG,Hatanga,71.9833,102.4667
RUHZO,Orekhovo-Zuevo,55.8167,38.9667
RUIAR,Yaroslavl,55.2667,9.75
RUIDG,Indiga,67.65,49.0167
RUIOY,Ikryanoye,46.0833,47.7333
RUIVO,Ivanovo,57.0167,41.0
RUKAN,Kandalaksha,61.2167,17.15
RUKAS,Kashira,54.8333,38.1667
RUKDT,Kronshtadt,60.0,29.7667
RUKEM,Kem,47.25,11.2667
RUKER,Keret,59.4833,10.3667
RUKGD,Kaliningrad,44.0667,15.2
RUKHO,Kholmsk,47.05,142.05
RUKHV,Khabarovsk,55.2667,9.75
RUKIK,Kirensk,57.7667,108.1
RUKIM,Kimry,56.8833,37.3667
RUKIN,Kineshma,53.05,5.85
RUKIY,Kirovskiy,45.0833,133.5
RUKJA,Krasnojarsk,56.0167,93.0667
RUKLK,Kulakovo,58.1,93.7667
RUKLR,Klinsky Rayon,49.05,4.0
RUKLT,Koltogorskiye,60.6667,77.4667
RUKLY,Kalyazin,57.2333,37.8333
RUKMA,Kostomuksha,64.6833,30.8167
RUKMM,Malaya Kheta,49.05,4.0
RUKMV,Velikaya Kema,49.05,4.0
RUKNL,Konets Lug,57.15,106.9167
RUKNV,Krasnovodsk,40.0167,52.9667
RUKNY,Khvalynsk,52.4833,48.1
RUKOK,Konakovo,56.7,36.7833
RUKOT,Kotel'nyy,76.0,137.9333
RUKPA,Kondopoga,62.2,34.2833
RUKRA,Krasnoyarsk,56.0167,93.0667
RUKRF,Korf,40.7833,29.7333
RUKRI,Krivosheino,57.3333,83.95
RUKRR,Krasnodar,48.6,18.3167
RUKRY,Krasnyy Yar,55.2167,82.8667
RUKSA,Kharasavey,71.1,66.7667
RUKSI,Kasimov,54.9333,41.4
RUKSL,Kislaya Guba,49.05,4.0
RUKSO,Krasnotur'insk,59.7667,60.4667
RUKTY,Khatyrka,62.0667,175.3
RUKUB,Kubekovo,56.15,98.1333
RUKUF,Samara,53.2167,50.1667
RUKUR,Kureysk,58.95,111.3333
RUKVO,Kolpashevo,58.3,82.9333
RUKYB,Krasnyye Barrikady,46.2,47.85
RUKYI,Kolguyev Island,69.0833,49.15
RUKYK,Kireyevskoye,56.0333,84.0833
RUKZH,Kozhevnikovo,56.2667,83.9833
RUKZM,Kozmino Port,42.7167,133.0167
RUKZP,Kavkaz,45.4167,36.7667
RULAZ,Lazarev,59.4833,10.3667
RULBU,Lyubim,58.35,40.6833
RULDY,Lebedyan',53.0,39.15
RULED,Saint Petersburg (ex Leningrad),59.8833,30.25
RULEO,Leonova,57.3333,107.45
RULES,Lesogorsk,49.4333,142.1167
RULEU,Leushinskiye,62.1833,67.1833
RULNK,Lensk,60.7167,114.9333
RULUG,Lugovoye,57.7167,83.8
RULVR,Lavrentiya,65.5833,-171.0
RUMA2,Malino,55.1,38.1667
RUMAS,Miass,54.9833,60.1
RUMCX,Makhachkala,42.9667,47.5
RUMDY,Mamadysh,55.7,51.3833
RUMEG,Medvezhyegorsk,51.6667,0.9
RUMGO,Mago,39.8167,22.0833
RUMKR,Makarovo,57.4833,107.8
RUMOG,Mogochin,57.7,83.5833
RUMON,Molchanovo,57.6,83.8
RUMOW,Moskva,55.75,37.6
RUMSH,Mys Shmidta,68.8833,-179.4333
RUMVO,Moskalvo,60.1667,5.4667
RUNAC,Naberezhnyye Chelny,55.75,52.4167
RUNAR,Narym,58.9167,81.5833
RUNDK,Novodvinsk,64.4167,40.8333
RUNJC,Nizhnevartovsk,60.9333,76.5667
RUNLK,Neftelensk,57.3333,107.0667
RUNMK,Novomoskovsk,54.0833,38.1833
RUNOG,Nogliki,51.8167,143.1
RUNPE,Nizhnyaya Pesha,66.75,47.7667
RUNVS,Novorossiysk,44.7167,37.7667
RUOKA,"Okha, Sakhalin",53.5667,143.0
RUOKZ,Okruzhnoe,50.3167,143.8
RUOLB,Bukhta Ol'ga,54.55,161.1167
RUOLG,"Olenya, Guba",51.15,4.85
RUOLO,Oleniy Ostrov,62.0333,35.3333
RUOLP,Ol'ga,43.7333,135.2833
RUOMK,Olekminsk,60.3667,120.4167
RUONG,Onega,59.4667,17.3833
RUOYA,Olya,45.7833,47.5333
RUOYE,Oktyabrskoye,62.45,66.05
RUOZE,Oranzherei,45.8333,47.5667
RUOZK,Ozerko,69.7167,32.1167
RUOZY,Ozery,54.85,38.55
RUPEK,Petrokrepost,60.1667,5.4667
RUPGE,Peregrebnoye,62.9833,65.0667
RUPGN,Prigorodnoye,46.6167,142.9
RUPHS,Prokhorovskiy,59.5,79.4167
RUPNV,Polnovat,63.7833,65.9
RUPNY,Pionerskiy,54.95,20.2167
RUPOK,Engels,51.5,46.1167
RUPRI,Primorsk (Koivisto),44.2667,14.7667
RUPRN,Poronaisk,-21.3,165.7167
RUPRY,Preobrazheniye,42.9,133.9
RUPSE,Posyet,60.1667,5.4667
RUPTP,Potapova,57.3833,107.5167
RUPVS,"Provideniya, Bukhta",64.3833,-173.3
RUPYO,Poyarkovo,49.6,128.6833
RURDP,Rudnaya Pristan,49.05,4.0
RURND,Rostov-na-Donu,47.2333,39.7167
RUROV,Rostov,60.1667,5.4667
RURUB,Rubnoye,58.1167,94.5167
RURYK,Krasnoturansk,54.3167,91.55
RURZV,Rzhev,56.25,34.3333
RUSAB,Sabetta,71.25,72.0833
RUSAK,Aleksandrovsk-Sakhalinskiy,50.9,142.15
RUSIZ,Siziman,50.7167,140.4167
RUSLH,Salekhard,66.5167,66.6
RUSLK,Solovki,65.4167,35.6833
RUSNG,Solnechnogorsk,56.1833,36.9667
RUSOG,Sovetskaya Gavan,49.05,4.0
RUSPA,"Spafaryeva, O",40.9667,-73.6833
RUSRM,Severomorsk,55.1333,8.5167
RUSSK,Sovetsk,55.0667,21.8833
RUSTR,Streika,58.0833,93.0333
RUSTY,Svetlyy,54.7,20.5
RUSVE,Svetlaya,49.05,4.0
RUSZZ,Sestroretsk,60.1,29.95
RUTAM,Taman',45.2167,36.7167
RUTAU,Tauisk,59.05,5.9
RUTAY,Tayura,57.0,106.65
RUTAZ,Tazovskiy,67.4667,78.7333
RUTDO,Trudfront,45.9167,47.6667
RUTOI,Tol'yatti,53.4667,49.5
RUTRR,Trifonov Ruchey,59.4667,17.3833
RUTTI,Tolyatti,53.4667,49.5
RUTVK,Timashevsk,45.6167,38.9333
RUUCH,Ust Chaun,68.8,170.5
RUUEL,Uelen,66.1667,-169.8167
RUUGC,Uglich,57.5167,38.3167
RUUKK,Ust-Kamchatsk,50.2167,162.65
RUULU,Ust'-Luga,59.6667,28.3167
RUUMB,Umba,-17.4833,140.8333
RUURA,Ura-Guba,69.2833,32.8
RUVAR,Varandey,68.7833,57.9833
RUVAY,Vaygach,70.4167,58.75
RUVIT,Vitino,67.0833,32.3333
RUVKR,Vankarem,67.8333,-175.8667
RUVLG,Volga,57.95,38.4
RUVMS,Vostokmorservice,43.0833,131.8667
RUVOG,Volgograd,48.8,44.5833
RUVTM,Vitim,59.4167,112.5667
RUVTZ,Vityaz,42.6,131.1667
RUVVO,Vladivostok,43.1333,131.9
RUVYE,Vertikoye,59.3833,79.6833
RUVYK,Vyksa,55.3167,42.1667
RUVYP,Vostochnyy Port,42.7667,133.05
RUVYS,Vysotsk,60.6333,28.5667
RUVZH,Volzhsk,55.8333,48.25
RUXC2,Kotel'niki,55.6333,37.85
RUYAB,Yagelnaya Bukhta,49.05,4.0
RUYAM,Yamburg,68.2833,77.15
RUYTS,Yartsevo,55.0667,32.6667
RUZAO,"Zavyalova, O",40.65,29.2667
RUZAR,Zarubino,42.6167,131.0833
RUZCA,Balozhi,58.3667,31.8833
RUZDK,Zelenodol'sk,55.8333,48.5167
RUZEM,Zeleniy Mys,51.0667,4.0333
RWNSA,Nyagatare,-1.2833,30.3167
RWRW4,Rwamagana,1.95,30.4333
SAALK,Al Khobar,26.2833,50.2
SAAMU,Al Muajjiz,23.4667,38.3833
SAAQK,Al Khobar,26.2833,50.2
SABUR,Buraydah,26.3167,43.9667
SADHU,Port of NEOM,27.5667,34.55
SADMM,Ad Dammam,26.5,50.2
SAGIZ,Jizan,16.9,42.5
SAJBI,Al Jubayl Industrial City,27.0833,49.7
SAJEC,Jazan Economic City,17.2833,42.3333
SAJED,Jeddah,21.4667,39.1667
SAJUB,Jubail,27.0167,49.6667
SAJUT,Juaymah Terminal,26.9167,50.0167
SAJYC,Jeddah Yachts Club Port,21.65,39.1
SAKAC,King Abdullah City,22.4,39.0833
SAKHU,Al Khuraibah,28.05,35.1667
SALIT,Lith,51.8,5.4667
SANEO,Neom,27.5667,35.55
SAQAH,Al Qahmah,18.0167,41.6667
SAQUN,Al Qunfudah,19.1167,41.0667
SAQUR,Qurayyah,49.05,4.0
SARAB,Rabigh,44.75,14.75
SARAZ,Ras Al-Khair,27.55,49.2
SARTA,Ras Tanura,26.6333,50.15
SASHU,Shuaibah,20.6833,39.5167
SAVLA,Umm Lajj,25.0167,37.2667
SAYBI,Yanbu Industrial City,23.9333,38.25
SAYNB,Yanbu commercial city,24.0667,38.05
SAZUY,Zulayfayn,49.05,4.0
SBAKS,"Auki, Malaita Is",61.2167,17.15
SBAOB,Aola Bay,49.05,4.0
SBCHY,Choiseul Bay,-6.7,156.4333
SBGZO,Gizo,-8.1,156.85
SBIRA,"Kirakira, San Cristobal Is",9.35,-79.9
SBLAT,Lata,-10.7167,165.8
SBLEV,Lever Harbour,-8.0167,157.6
SBNEM,Nemba,-10.7667,165.7
SBRIN,"Ringgi Cove, Kolombangara",-8.1167,157.1167
SBSCZ,Santa Cruz Is,-50.0167,-68.4167
SBSHH,Shortland Harbour,-7.0833,155.8667
SBTLG,"Tulagi, Ngella",51.2167,5.8
SBXYA,"Yandina, Russell Island",-9.1167,159.2167
SCMAW,Mahe,11.7,75.5333
SCPOV,Port Victoria,48.4333,-123.35
SCVIC,Victoria,-4.6167,55.45
SDMBH,Marsa Bashayer,19.3833,37.3
SEAAR,Ar,24.5833,53.3167
SEADG,Arildslage,43.2167,-9.0
SEAGB,Agnesberg,57.7833,11.9833
SEAGE,Ange,62.5167,15.6167
SEAGN,Alvangen,57.95,12.1167
SEAHU,Ahus,55.9167,14.2833
SEALA,Ala,61.2167,17.15
SEALF,Alfredshem,50.05,7.1167
SEALN,Alvenas,59.3833,13.1833
SEAMA,Amal,59.05,12.7
SEANN,Ann,63.3167,12.5333
SEARA,Arboga,59.3833,15.85
SEARV,Arvika,63.6833,8.8
SEASU,Arkosund,55.25,9.7167
SEBAA,Balsta,59.5833,17.5
SEBAC,Backviken,58.2667,-6.3167
SEBBH,Barsebackshamn,55.75,12.9
SEBDQ,Boda,55.9167,-5.1333
SEBEA,Bergkvara,56.3833,16.0833
SEBER,Bergs oljehamn,59.3167,18.1667
SEBGA,Berga Orlogsskolor,59.0833,18.15
SEBJR,Bjarred,55.7167,13.0167
SEBLA,Blankaholm,58.9,-2.9
SEBLD,Bovallstrand,57.8833,19.0167
SEBOG,Borensberg,59.4833,10.3667
SEBOH,Bohus,57.85,12.0
SEBOL,Bollstabruk,63.0,17.6833
SEBOM,Borgholm,58.9,-2.9
SEBRE,Bredviken,59.4833,10.3667
SEBRO,Brofjorden,58.35,11.3833
SEBRU,Brunflo,63.0833,14.8167
SEBUR,Burea,59.4833,10.3667
SEBVK,Braviken,58.6333,16.5333
SEDJN,Djuron,58.6333,16.35
SEDJP,Djupvik,69.75,20.5
SEDLA,Dalaro,55.2667,9.75
SEDON,Donso,59.4667,17.3833
SEDRT,Drottningholm,59.3167,17.8833
SEELL,Elleholm,56.1667,14.75
SEELO,Ellos,58.1833,11.4667
SEENK,Enkoping,59.6667,17.1
SEESS,Essvik,62.3,17.3833
SEFAG,Falkenberg,56.8833,12.5
SEFAR,Farjestaden,56.65,16.45
SEFBK,Fiskebackskil,58.2667,-6.3167
SEFIG,Figeholm,58.9,-2.9
SEFIS,Fiskeback,58.2667,-6.3167
SEFJA,Fjallbacka,58.2667,-6.3167
SEFKG,Falkoping,-7.3,144.1833
SEFLI,Flivik,57.55,16.5833
SEFOR,Forsmark,60.3667,18.15
SEFSD,Farosund,55.25,9.7167
SEGAM,Gamleby,57.9,16.4
SEGKS,Gustavsvik/Stockholm,59.3167,18.3
SEGKV,Grankullavik,57.3333,17.1
SEGLM,Glommen,56.9333,12.35
SEGNR,Grono,60.5167,17.7333
SEGOA,Gota,58.1167,12.1333
SEGOR,Gorsingeholm,59.35,17.05
SEGOT,Goteborg,57.7167,11.9667
SEGRE,Grebbestad,51.5,5.4
SEGRH,Grisslehamn,60.1,18.8333
SEGRU,Gruvon,59.3333,13.1167
SEGUS,Gustavsvik,62.8333,17.8833
SEGVX,Gavle,60.6667,17.1667
SEHAA,Haparanda,50.35,-4.7167
SEHAC,Hackas,62.9167,14.5167
SEHAD,Halmstad,56.6667,12.85
SEHAH,Haraholmen,65.2333,21.65
SEHAK,Hallstavik,60.05,18.6
SEHAN,Hargshamn,60.1667,18.4667
SEHAS,Hallstanas,36.1333,-88.1667
SEHBG,Hamburgsund,53.5167,9.9333
SEHBV,Hasselbyverket/Stockholm,59.35,17.4833
SEHEL,Helsingborg,54.6,18.8
SEHLD,Holmsund,58.9,-2.9
SEHLS,Hallekis,50.7333,4.2333
SEHMR,Hammar,58.8167,14.95
SEHND,Harnosand,62.6333,17.9333
SEHNF,Hornefors,63.6333,19.9
SEHOG,Hoganas,56.2,12.55
SEHON,Honsater,58.6333,13.4167
SEHST,Heestrand,58.5167,11.2833
SEHUN,Hunnebostrand,60.1667,5.4667
SEHUS,Husum,63.3333,19.1667
SEHUV,Hudiksvall,61.7333,17.1
SEIGG,Iggesund,61.6333,17.0667
SEJAR,Jarfalla,59.4,17.8667
SEJAT,Jatterson,51.5,5.5
SEJKG,Jonkoping,-7.3,144.1833
SEJNA,Jorlanda,57.9833,11.8167
SEJOH,Johannedal,63.3167,12.5333
SEKAA,Karlskrona,56.1667,15.5833
SEKAF,Stra,57.8833,19.0167
SEKAG,Kage,63.7167,8.5667
SEKAL,Kalmarsand,59.55,17.55
SEKAN,Karlshamn,56.1667,14.85
SEKAS,Karskar,60.6833,17.2667
SEKAT,Katthammarsvik,51.6833,7.8
SEKBK,Karlholmsbruk,60.5167,17.6167
SEKGG,Kagghamra,59.0833,17.7833
SEKGM,Klagshamn,55.5333,12.9167
SEKGR,Kungsor,59.4333,16.1
SEKHN,Kristinehamn,59.3333,14.1167
SEKID,Kristianstad,58.1333,7.9833
SEKKS,Kyrkesund,58.0167,11.5167
SEKLA,Klavrestrom,57.1333,15.1333
SEKLD,Kladesholmen,57.95,11.5333
SEKLI,Klintehamn,57.4,18.2
SEKLR,Kalmar,56.6667,16.3667
SEKMH,Kopmanholmen,63.1667,18.5667
SEKOG,Koping,59.5167,15.9833
SEKPH,Kappelshamn,57.85,18.7833
SEKPS,Kapellskar,59.7167,19.0667
SEKRF,Kramfors,62.9333,17.7833
SEKRH,Karehamn,56.95,16.9
SEKSD,Karlstad,59.3667,13.5
SEKUA,Kungsbacka,57.4833,12.0833
SEKUN,Kungshamn,58.35,11.25
SEKVA,Kvarnholmen,58.9,-2.9
SEKVH,Kopparverkshamnen,50.35,-4.7167
SEKVK,Kalvik,59.0667,11.1833
SEKXV,Karlsborg Axelvik,65.8,23.2833
SELAA,Landskrona,55.8667,12.8333
SELAV,Landvetter,57.6833,12.2
SELDK,Lidkoping,58.5,13.5
SELDO,Lodose,58.0333,12.1333
SELED,Lilla Edet,58.1333,12.1333
SELIM,Limhamn,55.5833,12.95
SELIS,Linanas,59.7667,19.1333
SELJP,Ljungsarp,57.5667,13.5833
SELJU,Ljusne,61.2167,17.1333
SELLA,Lulea,65.5833,22.15
SELOD,Loddekopinge,55.7667,13.0167
SELOM,Lomma,51.2,13.3
SELOT,Loten,59.4167,17.5833
SELOU,Loudden/Stockholm,58.9,-2.9
SELUG,Lugnvik,63.2833,18.7333
SELUN,Lovholmen,58.9,-2.9
SELVR,Lovanger,62.5167,15.6167
SELYS,Lysekil,58.2833,11.4333
SEMAD,Mariestad,58.7,13.8167
SEMAN,Marsviken,58.55,16.8333
SEMAV,Marviken,58.55,16.8333
SEMEM,Mem,53.6333,6.9
SEMLE,Molle,56.2833,12.5
SEMLO,Mollosund,51.1833,5.1
SEMMA,Malmo,55.6,13.0
SEMON,Monsteras,57.0333,16.4333
SEMOO,Mo,17.0167,-61.7833
SEMOR,Morbylanga,56.5167,16.3833
SEMRF,Mariefred,59.4833,10.3667
SEMSD,Marstrand,57.8833,13.5833
SEMSK,Musko,58.9667,18.1167
SENAS,Nas,25.0833,-77.35
SENHN,Nyhamn,62.85,6.95
SENOE,Norrtalje,59.75,18.7167
SENOG,Nordmaling,63.6667,19.4167
SENOL,Nol (ports),57.9167,12.0667
SENOT,Norrsundet,60.95,17.1333
SENRK,Norrkoping,58.6,16.1833
SENRR,Norvik,58.9333,17.9667
SENST,Norastrom,62.8667,18.0333
SENYN,Nynashamn,58.9,17.95
SENYO,Nykoping,58.9167,17.1667
SEOBB,Obbola,43.2667,16.65
SEOEN,On,59.4667,17.3833
SEOER,Ornskoldsvik,63.3,18.7167
SEOGR,Oregrund,59.4833,10.3667
SEORT,Ortviken,62.3833,17.35
SEORV,Orviken,62.3833,17.35
SEOSK,Oskarshamn,57.2667,16.4333
SEOST,Ostrand,62.4667,17.3167
SEOTT,Otterbacken,58.95,14.0333
SEOXE,Oxelosund,58.6667,17.1
SEPHM,Pataholm,56.9167,16.4167
SEPIT,Pitea,65.3333,21.5
SERAA,Raa,50.7667,3.8667
SERBY,Ronnebyhamn,56.1833,15.3
SERIN,Ringhals,57.25,12.0833
SERNB,Ronneby,56.2,15.3
SERNG,Ronnang,57.9333,11.5833
SERNH,Ronehamn,57.1667,18.4833
SEROR,Ronnskar,59.4667,17.3833
SEROV,Ronnskarsverken,59.4667,17.3833
SERUV,Rundvik,63.5333,19.4333
SESAE,Sandarne,60.2167,-1.3833
SESAF,Saffle,59.1333,12.9167
SESAK,Sandvik,59.8833,10.5167
SESBN,Saltsjobaden,47.6167,-2.9167
SESDK,Sundsbruk,62.45,17.35
SESDL,Sundsvall,62.3833,17.3
SESDS,Studsvik,58.7667,17.3833
SESEA,Svedala,61.2167,17.15
SESES,Seskaro,55.2667,9.75
SESFT,Skelleftea,64.7667,20.95
SESGM,Skagshamn,63.2167,19.0167
SESGT,Sigtuna,59.6167,17.7167
SESIM,Simrishamn,55.55,14.3333
SESKE,Skelleftehamn,64.6833,21.2333
SESKM,Skarhamn,57.9833,11.55
SESKO,Skoghall,59.3333,13.4333
SESKR,Skredsvik,59.4833,10.3667
SESKT,Skattkarr,59.4167,13.6333
SESLI,Slite,57.7167,18.8
SESMD,Stromstad,58.9333,11.1833
SESMN,Storuman,65.1,17.1
SESMS,Salmis,37.9667,23.4833
SESND,Svanesund,58.1333,11.8333
SESNR,Skanor,55.4167,12.85
SESOE,Sodertalje,59.2,17.6167
SESOG,Soderkoping,-7.3,144.1833
SESOL,Solvesborg,56.05,14.55
SESOR,Soraker,62.5,17.5
SESPP,Simpevarp,57.4167,16.6667
SESPR,Sprangsviken,51.6667,5.05
SESSR,Skutskar,60.6333,17.4167
SESTA,Stocka,61.8833,17.3333
SESTE,Stenungsund,58.75,11.8167
SESTG,Stigtomta,58.8,16.7833
SESTJ,Stavsjo,56.8333,13.8
SESTK,Stockviksverken,62.3333,17.35
SESTO,Stockholm,59.3333,18.05
SESTQ,Strangnas,59.3833,17.0333
SESTR,"Sandvik, Styrso",57.6167,11.7667
SESTU,Stugsund,61.3,17.05
SESTV,Stora Vika,58.9333,17.8
SESUD,Stocksund,69.0167,15.1333
SESUN,Sund,-20.25,149.0167
SESUR,Surte,57.8167,12.0167
SESUS,Storugns,57.75,18.8167
SETHN,Trollhattan,58.2667,12.3
SETOA,Torshalla,59.4167,16.45
SETOE,Tore,65.9,22.65
SETOV,Torekov,59.4833,10.3667
SETRG,Trelleborg,55.3667,13.1667
SETSL,Traslovslage,57.05,12.2667
SETTD,Tomtbod,57.1833,18.5333
SETUN,Tunadal,62.4,17.3667
SEUDD,Uddevalla,58.3667,11.9333
SEULF,Ulfvik,60.5667,6.9167
SEUME,Umea,63.8333,20.25
SEUND,Underas,59.2667,17.5333
SEUPP,Uppsala,59.8667,17.6333
SEVAA,Valberg,59.4,13.1667
SEVAL,Vallvik,61.1833,17.1833
SEVAN,Vanersborg,58.3667,12.3167
SEVBY,Visby,57.6333,18.3
SEVER,Verkeback,58.2667,-6.3167
SEVGN,Vargon,58.3667,12.3667
SEVGO,Vrango,57.5667,11.7833
SEVRB,Varby,59.25,17.8667
SEVST,Vasteras,59.6167,16.55
SEVVK,Vastervik,57.75,16.6333
SEVXH,Vaxholm,59.4,18.3333
SEWAL,Wallhamn,58.0167,11.7
SEYST,Ystad,55.4167,13.8167
SGAYC,Pulau Ayer Chawan,1.2667,103.7
SGCHG,Changi,1.35,103.9833
SGJUR,Jurong,1.3333,103.7
SGKEP,Keppel,1.2667,103.8333
SGPAP,Pasir Panjang,1.2667,103.7833
SGPPT,PASIR PANJANG Terminal,1.2833,103.7667
SGPUB,Pulau Bukom,1.2333,103.7667
SGSCT,Singapore Container Terminal,1.2833,103.85
SGSEB,Pulau Sebarok,1.2,103.8
SGSEM,Sembawang,1.45,103.8167
SGSIN,Singapore,1.2833,103.85
SGSLT,Seletar,1.4,103.8667
SGTPG,Tanjong Pagar,1.2667,103.85
SGTPN,Tanjong Penjuru,1.3167,103.7333
SGTUA,Tuas,1.3167,103.65
SHASC,Ascension,-7.95,-14.35
SHASI,Georgetown,13.2667,-61.1167
SHRPT,Rupert's Bay,-15.9167,-5.7
SHSHN,Jamestown,69.0167,15.1333
SHTDC,Tristan da Cunha,44.2667,14.7667
SIDBO,Dobrovo,45.9833,133.25
SIJAR,Jarenina,59.4833,10.3667
SIJCE,Jesenice,46.4167,14.0667
SIKOP,Koper,59.2833,5.3
SILU6,Trojane,46.1833,14.8667
SIPIR,Piran,-2.7333,-58.0333
SIPOW,Portoroz,41.15,-8.6167
SIROG,Rogasovci,46.8,16.0333
SIS8L,Selca,46.2167,14.2
SISEC,Secovlje,45.4667,13.6167
SISLV,Lukovica pri Domzalah,46.1667,-144.3333
SISML,Mala Nedelja,46.5167,16.05
SITOL,Tolmin,46.1667,13.7167
SIVB9,Vremski Britof,45.65,14.0167
SIVOJ,Vojnik,46.2833,15.3
SIVRA,Vransko,46.2333,14.95
SIVUH,Vuhred,46.5833,15.2333
SIXZA,Zgornji Jakobski Dol,46.6333,15.75
SIZ35,Zgornji Leskovec,46.3167,15.9333
SIZ42,Zagorje ob Savi,46.1333,15.0
SIZ95,Zgornje Jezersko,46.3833,14.4667
SIZAB,Zabnica,46.1833,14.3167
SIZAG,Zagradec,45.85,14.8333
SIZAV,Zavrc,46.3833,16.0333
SIZBU,Zabukovje nad Sevnico,46.05,15.3667
SIZDO,Zdole,45.9667,15.5333
SIZET,Zetale,46.2667,15.7833
SIZGB,Zgornja Besnica,46.2667,14.2833
SIZGK,Zgornja Korena,46.5167,15.75
SIZGL,Zgornja Loznica,46.3333,15.65
SIZGP,Zgornja Polskava,46.4167,15.6
SIZGV,Zgornja Velka,46.6667,15.7667
SIZID,Zidani Most,46.0833,15.1667
SIZIR,Zirovnica,46.4,14.1333
SIZUZ,Zuzemberk,45.8333,14.9167
SJBAR,Barentsburg,78.0667,14.2
SJLYR,Longyearbyen,78.2167,15.6333
SJNYA,Ny-Alesund,78.9333,11.95
SJSVE,Sveagruva,77.85,16.65
SKDF4,Spissky Stiavnik,49.0,20.3667
SKDVO,Dvorniky,48.6,20.8333
SKDXZ,Valaska,48.8167,19.5833
SKFD3,Krasno,48.6,18.3167
SKGLT,Galanta,48.2,17.7167
SKHIL,Mojmirovce,48.2167,18.0667
SKK87,Sady nad Torysou,48.7,21.3333
SKKAO,Kolarovo,47.9,17.9833
SKKVE,Kvetoslavov,48.05,17.35
SKMAT,Martovce,47.85,18.1167
SKMOD,Modra,48.3333,17.3167
SKPLB,Praha,48.3667,19.5167
SKPOP,Poprad,49.05,20.3
SKSLK,Siladice,48.3667,17.75
SKTBE,Trencianske Bohuslavice,57.85,12.0
SKTEP,Teplicka nad Vahom,49.2333,18.8
SKTLM,Tlmace,48.2833,18.5333
SKTNA,Trnava,48.3667,17.5833
SKTUT,Turcianske Teplice,48.8667,18.8667
SKVZK,Vel'ke Zlievce,48.2,19.45
SKXCV,Mala Trna,48.45,21.6833
SKXXX,RIS Inland waterways,-38.0,145.1167
SKZIA,Ziar nad Hronom,48.5833,18.8667
SLBTE,Bonthe,59.4667,17.3833
SLFNA,Freetown,59.4833,10.3667
SLKSY,Kissy,8.4667,-13.1833
SMAQ8,Gualdicciolo,43.95,12.4
SNDKR,Dakar,8.9333,76.5333
SNXLS,Saint Louis,16.0333,-16.5
SOELM,El Maan,2.1667,45.6
SOGHR,Giohar,2.7667,45.5167
SOGRC,Garacad,6.9333,49.3167
SOKMU,Kismayu,49.05,4.0
SRAGI,Wageningen,44.2,0.6167
SRICK,Nieuw Nickerie,40.05,-105.05
SRLLW,Lelydorp,5.7,-55.2333
SRMOJ,Moengo,50.7667,3.4
SRPBM,Paramaribo,50.35,-4.7167
SRPRM,Paranam,-31.7333,-60.5333
STSAA,Santo Antonio,-33.6,-71.6
STTMS,Sao Tome Island,-36.6,-72.95
SVAPO,Apopa,13.8,-89.1667
SVBEL,Belfast,54.9833,-5.9167
SVLLD,La Libertad,13.4833,-89.3167
SVLUN,La Union,59.4667,17.3833
SVMAN,El Manzanillo,19.7,-71.75
SVMIR,Miramar,38.95,-0.0
SVNCU,Nuevo Cuscatlan,13.6333,-89.25
SVSAL,San Salvador,-24.1833,-65.3
SVSSO,Armenia,13.7333,89.4833
SVTUE,Moncagua,59.4667,17.3833
SXGES,Gallis Bay,18.0167,-63.0667
SXMAR,Marigot,18.0667,-63.0667
SXPHI,Philipsburg,18.0167,-63.0333
SXSXM,Sint-Maarten Apt,18.05,-63.1167
SYALD,Al Ladhiqiyah,35.5167,35.7833
SYARW,Arwad,34.85,35.85
SYBAN,Baniyas,35.1833,35.95
SYBEN,Banghazi,32.1167,20.0667
SYDAM,Damascus (Damas),35.3667,-92.4
SYLTK,Latakia,35.5167,35.7833
SYTAO,Tartus Oil Terminal,34.9667,35.8833
SYTTS,Tartus,34.9,35.9
SZ7DS,Sidvokodvo,-26.6167,31.45
SZMAL,Malkerns,-26.5667,31.1833
SZNHL,Nhlangano,-27.1167,31.2
TC9CB,Cockburn Harbour,21.4833,-71.5333
TCNCA,North Caicos,60.1667,5.4667
TCSLX,Salt Cay,49.05,4.0
TCXSC,South Caicos,60.1667,5.4667
TFPFR,Port-aux-Francais,-49.3333,70.2167
TGANE,Aneho,6.2333,1.6
TGLFW,Lome,-0.2833,-90.55
THBAI,Bangpoomai,13.5333,100.6667
THBEN,Benchamas,10.5167,101.3167
THBKK,Bangkok,13.75,100.5167
THBMT,Bangkok Modern Terminals/Bangkok,13.6,100.5833
THBND,Ban Don,9.1833,99.3667
THBNG,Bangnara,6.4333,101.8333
THBNK,Ban Kantang,7.4167,99.5
THBNL,Ban Laem,13.1167,100.1167
THBPG,Ban Pong,13.8,99.8667
THBPK,Ban Prakop Customs House,6.4667,100.7167
THBSP,Bang Saphan,11.2,99.5167
THBTC,Bangpakong Terminal,13.4667,100.9833
THBTP,Ban Talat Takua Pa,8.8333,98.3667
THCHA,Chanthaburi,12.3,102.2333
THCHS,Chiang Saen Customs House,20.3167,100.0667
THCHU,Chumphon,10.4333,99.2667
THECT,Ekachai Container Terminal,13.5833,100.3167
THERA,Erawan,9.0667,101.4
THHOP,Hoping,24.2667,121.7333
THI6C,T S Transport and Logistics,13.65,100.5667
THKAN,Kantang,7.4,99.5167
THKHA,Khanom,9.2,99.8833
THKLA,Ko Lanta,8.05,98.9
THKLY,Khlong Yai,11.7667,102.9
THKPT,Kamphaeng Phet,16.4667,99.5167
THKRU,Phra Khanong,13.7,100.6
THKRV,Krabi,8.0667,98.7333
THKSI,Ko Sichang,13.1333,100.8167
THKSM,Ko Samui,9.5333,99.9333
THKYO,Ko Yao,7.9,98.6
THLAS,Lang Suan,9.95,99.15
THLCH,Laem Chabang,13.0833,100.8833
THMAT,Map Ta Phut,12.65,101.3
THMEK,Mae Klong,13.3667,99.9833
THNHP,NH Prosperity,13.1833,100.8
THNIM,Nim Port,13.6,100.5667
THNKT,Nakhon Si Thammarat,9.2333,99.8667
THNRW,Narathiwat,6.4167,101.8167
THPHA,Phang-Nga,8.4,98.5167
THPKB,Pakbara,6.8667,99.7167
THPKN,Pak Nam,13.6,100.5667
THPKP,Pak Phanang,9.2,99.8833
THPKT,Phuket Port,7.8167,98.4
THPLA,Platong,9.65,101.4667
THPPA,Phra Pradaeng,13.6167,100.55
THPPC,Prachuap Port,11.2,99.5833
THPTN,Pattani,6.8833,101.2667
THPTR,Photharam,13.6833,99.85
THPYT,Phahon Yothin Customs House,13.8,100.5333
THRNN,Ranong,9.9667,98.6333
THSAP,Samut Prakan,13.6,100.6
THSAT,Sattahip,12.6333,100.9167
THSCS,Sahathai Coastal Seaport,13.65,100.5333
THSGK,Songkhla,7.2333,100.5667
THSHT,Actu-lum,13.65,100.55
THSIC,Sichon,9.0167,99.9167
THSNT,Satun,6.6167,100.0667
THSRI,Si Racha,13.1667,100.8833
THSSW,Siamgas and Petrochemicals,13.6333,100.55
THTAB,Tak Bai Customs House,6.25,102.05
THTAC,Tha Chaleap,12.5833,101.8833
THTHA,Tha Sala,8.6667,99.95
THTPP,Tungprong Pt,12.7,100.8333
THTRG,Trang,7.55,99.6
THUCT,Unithai Container Terminal,13.5833,100.5833
THURT,Surat Thani,9.1333,99.1333
TKAFU,Atafu,-8.5333,-172.5167
TKFKO,Fakaofo,-9.3667,-171.25
TKNKU,Nukunonu,-9.1667,-171.85
TLDIL,Dili,-8.55,125.5667
TMALT,Altyn Asyr,37.8833,58.3667
TMCHE,Cheleken,39.4,53.1333
TMHAL,Halach,38.0667,64.8833
TMKRA,Krasnovodsk,40.0167,52.9667
TMKRW,Turkmenbashi,40.0167,52.9667
TNARI,Ariana,36.85,10.1833
TNBJC,Borj Cedria,36.7,10.4
TNCHB,Chebba,35.2333,11.1
TNDID,Didon,33.7667,11.9
TNGAE,Gabes,33.8833,10.1167
TNHMM,Al Hammamat,36.4,10.6167
TNJAR,Jarjis,33.5,-11.1
TNKEB,Kebili,33.7,8.9667
TNKEM,Ksibet el Mediouni,35.6667,10.8333
TNMAD,Mahdia,35.5,11.05
TNOUD,Oudna,36.2667,11.65
TNRDS,Rades,36.7667,10.2667
TNSLN,Soliman,36.6833,10.4833
TNTAT,Tazerka Terminal,36.6,11.6833
TNTZE,Al Marsa,36.8833,10.3333
TNZRZ,Zarzis,33.5,11.1167
TOTBU,Nuku'alofa,-21.1333,-175.2
TR9AK,Pasakoy,41.0167,29.2667
TRADY,Yumurtalik,36.7667,35.7833
TRAKB,Akcaabat,41.0167,39.5667
TRAKC,Akcansa,40.1,26.3833
TRAKD,Akdeniz,36.8667,34.7
TRAKY,Akcay,39.5833,26.9333
TRALA,Alanya,36.5333,31.9833
TRAMR,Ambarli,40.9667,28.7
TRANA,Anamur,36.0667,32.85
TRAUT,Yenikoy-Autoport,40.7167,29.8667
TRAYA,Ayancik,41.9333,34.5833
TRAYT,Antalya,36.8333,30.6
TRAYV,Ayvalik,39.3167,26.6833
TRBBI,Beylerbeyi,41.05,29.05
TRBBP,Baba Point,39.4667,26.0667
TRBDM,Bandirma,40.35,27.9667
TRBOL,Bolu,66.1333,-23.25
TRBOT,Botas,36.8167,36.1667
TRBTS,Besiktas,41.05,29.0167
TRBUY,Buyukcukur,41.0667,35.9667
TRBXN,Bodrum,37.0333,27.4167
TRBZC,Bozcaada,39.8333,26.0667
TRBZI,Balikesir,25.15,121.4
TRCAM,Camalti,41.65,32.3833
TRCES,Cesme,38.3167,26.3
TRCID,Cide,41.9,32.9833
TRCKZ,Canakkale,40.15,26.4
TRDAR,Darica,-18.4833,-70.3167
TRDAT,Datca,36.75,27.6667
TRDIK,Dikili,39.0667,26.8833
TRDIL,Diliskelesi,-8.55,125.5667
TRDYL,Dortyol,36.8667,36.2
TREDO,Edremit,39.5833,27.0167
TRENE,Enez,40.7167,26.0667
TRERE,Eregli,41.2833,31.4
TRERK,Erdek,40.3833,27.7833
TREYP,Evyap Port /Kocaeli,40.7667,29.7
TRFAS,Fatsa,41.0333,37.4833
TRFET,Fethiye,36.6167,29.1
TRFIN,Finike,36.2833,30.1333
TRFOC,Foca,38.6667,26.75
TRFRZ,Firuzkoy,41.0,28.7
TRGCA,Gokceada,40.1833,25.9167
TRGCK,Gocek,36.75,28.9333
TRGEB,Gebze,40.7833,29.4167
TRGEL,Gelibolu,43.2667,16.65
TRGEM,Gemlik,40.4167,29.15
TRGIR,Giresun,40.9167,38.3833
TRGKV,Akcapinar,37.0167,28.3667
TRGOR,Gorele,41.0333,39.0
TRGTA,Galata,48.2,17.7167
TRGUL,Gulluk,37.2333,27.6
TRGZE,Gerze,41.6333,36.1833
TRHAR,Haramidere,59.4833,10.3667
TRHAS,Haskoy,41.0333,28.9667
TRHAY,Haydarpasa,49.05,4.0
TRHER,Hereke,50.95,3.6333
TRHIS,Hisaronu,36.7833,28.1333
TRHOP,Hopa,41.4,41.4167
TRIDM,Isdemir,36.7167,36.1833
TRIDS,Icdas Jetty,40.45,27.3
TRIGN,Igneada,41.8833,28.0167
TRINE,Inebolu,41.9667,33.7667
TRISK,Iskenderun,36.5833,36.1667
TRIST,Istanbul,41.0167,28.9667
TRIZM,Izmir,38.4167,27.15
TRIZT,Izmit,40.7833,29.95
TRKAS,Kas,36.1833,29.6333
TRKBS,Kabatas,41.0333,29.0
TRKFK,Kefken,41.2,30.25
TRKFZ,Korfez,40.7833,29.7333
TRKKY,Karakoy/Istambul,41.0333,28.9833
TRKMR,Kemer,36.5833,30.55
TRKMX,Kumport,40.95,28.8167
TRKN2,Konak,38.4,27.1
TRKPE,Kartepe,40.7333,29.9667
TRKRB,Karabiga,40.4,27.3
TRKRS,Karasu,41.0667,30.7833
TRKRT,Karatas,36.55,35.3833
TRKSP,Port of Karasu,41.1167,30.6667
TRKUS,Kusadasi,37.85,27.25
TRLMA,Limas,40.7167,29.8833
TRM47,Nusaybin,37.0667,41.2167
TRMAD,Mardas,41.0167,28.95
TRMER,Mersin,36.7167,34.6333
TRMFZ,Mersin-Free Zone,36.8,34.6333
TRMIM,Mimarsinan,41.0167,28.55
TRMRA,Marmara Adasi,40.5833,27.55
TRMRM,Marmaris,36.85,28.2667
TRMUD,Mudanya,40.3667,28.8833
TRMVG,Manavgat,36.7667,31.45
TRNEM,Nemrut Bay,49.05,4.0
TRORD,Ordu,40.9833,37.8667
TRPLP,Poliport,37.9833,42.05
TRPZR,Pazar,41.1667,40.8833
TRRIZ,Rize,41.0333,40.4833
TRRZY,Rota-Izmit Bay,29.7167,40.7667
TRSIC,Sinop,42.0167,35.1333
TRSIL,Silivri,41.0667,28.25
TRSLE,Sile,41.1667,29.6
TRSRL,Saraylar,40.6667,27.6667
TRSRS,Sariseki,36.6667,36.2167
TRSSX,Samsun,41.2833,36.3333
TRSUR,Surmene,40.9,40.1167
TRTAS,Tasucu,36.3167,33.8667
TRTEK,Tekirdag,40.9667,27.5167
TRTGT,"Toros Gubre Terminal, Gubre",36.9167,35.9833
TRTIR,Tirebolu,41.0,38.8
TRTUR,Turan,43.9667,15.4
TRTUZ,Tuzla,40.8333,29.25
TRTZX,Trabzon,41.0,39.7333
TRUNY,Unye,41.1333,37.2833
TRURL,Urla,48.2833,9.1167
TRUSK,Uskudar,41.0167,29.05
TRVAK,Vakfikebir,41.0333,39.2667
TRYAL,Yalova,40.65,29.2667
TRYIK,Yesilovacik,36.2,33.6667
TRYPO,Yilport,40.7667,29.5333
TRZON,Zonguldak,41.45,31.7833
TTCHA,Chaguaramas,12.15,-84.2167
TTCHV,Charlotteville,11.3167,-60.55
TTCLA,Claxton Bay,10.35,-61.4667
TTCRN,Carenage,10.6833,-61.6
TTCVA,Couva,10.4167,-61.45
TTFPT,Saint Mary's,10.2167,-61.5333
TTFRE,Freeport,10.45,-61.4167
TTGUA,Guayaguayare,10.1333,-61.0333
TTLAB,La Brea (Brighton),59.4833,10.3667
TTPLY,Plymouth,50.4,-4.1167
TTPOS,Port-of-Spain,10.65,-61.5167
TTPTG,Point Galeota,42.2667,8.75
TTPTP,Pointe a Pierre,59.4833,10.3667
TTSFE,San Fernando,36.4667,-6.2
TTTEM,Tembladora,33.9167,35.5667
TWBAL,Bali,25.15,121.4
TWBDA,Budai,23.3667,120.1
TWHOP,Hoping,24.2667,121.7333
TWHUK,Hukou,24.9,121.05
TWLGM,Lung-men,23.5667,119.6667
TWMAL,Mai-Liai,23.75,120.25
TWMLI,Mai-liao,23.1,120.1333
TWNAN,Nantou,23.9,120.6833
TWSHL,Sha-lun,25.1,121.2167
TWTPE,Taipei,25.0333,121.5167
TWWTU,Wu-tu,25.0833,121.6667
TZDAR,Dar es Salaam,-6.8,39.2833
TZIKW,Ikwiriri,-7.9833,39.0167
TZKAG,Kagera,-4.65,30.6667
TZLDI,Lindi,58.3333,24.2833
TZMKO,"Mkokotoni, Zanzibar",42.0833,19.0833
TZMWZ,Mwanza,-2.5167,32.9
TZTGT,Tanga,13.8,121.0
TZZNZ,Zanzibar,42.0833,19.0833
UABGD,Bilhorod-Dnistrovskyi,46.1833,30.3667
UADSK,Svitlovodsk,49.05,33.2333
UAERD,Berdiansk,46.75,36.7667
UAILK,Chornomorsk,46.3167,30.6667
UAIZM,Izmail,45.3167,28.85
UAKHE,Kherson,46.6167,32.6167
UAKIA,Kiliia,45.4333,29.2667
UAMPW,Mariupol,47.05,37.5
UANLV,Mykolaiv,46.9333,32.0
UAOCH,Ochakiv,46.6,31.5667
UAOCT,Olviia,46.8333,31.95
UAODS,Odesa,46.5,30.75
UARNI,Reni,45.4167,28.2833
UASKD,Skadovsk,46.1,32.9
UAUDY,Ust-Dunaisk/Vylkove,45.4667,29.7
UAVYL,Vylkove,45.4,29.5833
UAYUZ,Pivdennyi,46.6,31.0167
UAZPR,Zaporizhzhia,47.8167,35.1667
UGMKN,Galiraya,1.3,32.8667
UMJON,Johnston Atoll,42.8333,17.7
UMMDY,Midway Islands,49.05,4.0
US2BY,Ballston Lake,42.9,-73.8667
US2OG,South Ogden,41.1833,-111.9667
US2PA,Clearville,39.9167,-78.3833
US2SI,Sinton,28.0333,-97.5
US2TO,Clifford Township,41.6667,-75.55
US2TT,Cottrellville,42.6833,-82.5333
US3BR,Berry Creek,39.6333,-121.4
US3DC,Westwood,34.05,-118.4167
US3DU,Victor,38.1333,-121.2
US3DV,Ulupalakua,20.65,-156.3833
US3OL,Wellfleet,41.9333,-70.0333
US3SD,Mabscott,37.7667,-81.2
US3TR,Vineburg,38.2667,-122.4333
US3TU,West Newton,42.35,-71.2333
US3VC,Outlook,46.3167,-120.0833
US3WA,Lyle,45.6833,-121.2833
US4CP,Captiva,26.5167,-82.1833
US4HE,East Fairfield,40.8167,-80.6333
US4NJ,New Era,43.55,-86.3333
US4NM,Ponce de Leon,30.7167,-85.9333
US4TP,Ulm,34.5667,-91.45
US4WR,West Glocester,41.9167,-71.7833
US5BL,Laurence Harbor,40.45,-74.2333
US5MN,Hardwick,43.7667,-96.1833
US6ER,Lake Saint Louis,38.7833,-90.7833
US6TT,Saint Pete Beach,27.7167,-82.7333
US7AL,Detroit,34.0167,-88.1667
US7BA,Speedwell,36.45,-83.8667
US7CA,Penn Valley,39.1833,-121.1833
US7OL,Sea Cliff,40.8333,-73.6333
US7SD,Lowden,46.05,-118.5833
US7YT,Lynnfield,42.5333,-71.0333
US8DC,Woodacre,38.0,-122.6333
US8DD,Ranchos de Taos,36.35,-105.6
US8MN,Orcutt,34.85,-120.4333
US8PR,Zamora,38.7833,-121.8667
US8QA,Vallecito,38.0833,-120.4667
US8TT,Woodbury,41.35,-74.1
US8UY,Waldo,40.45,-83.0667
US8XC,Woodmere,40.6167,-73.7
US8XD,Woodmere,41.45,-81.4667
US8YI,Tres Pinos,36.7833,-121.3167
US999,Waterville,41.2167,-76.3667
US99W,East Windsor,41.9167,-72.55
US9AI,Waianae,21.4333,-158.1833
US9CP,Chapman,38.9667,-97.0167
US9DK,Penngrove,38.2833,-122.65
US9IU,Point Reyes Station,38.0667,-122.8
US9OH,Moreland Hills,41.4333,-81.4167
US9QA,Umpqua,43.35,-123.4667
US9WA,Hoodsport,47.4,-123.1333
USA22,Ashville,40.55,-78.5333
USA8C,Accord,42.1667,-70.8833
USAA2,Alabama Pt.,30.35,-88.1
USAA9,South Mills,36.4333,-76.3167
USAAF,Apalachicola,61.2167,17.15
USAB3,Aberdeen,40.3833,-74.25
USABC,Port Hadlock,48.0167,-122.75
USACC,Raymond,46.6833,-123.7167
USACQ,Ancram,42.05,-73.6333
USADQ,Kodiak,57.8,-152.3833
USAEK,Aberdeen,33.8167,-88.55
USAEO,Calverton,38.6167,-77.6667
USAEZ,Armstrong,43.3833,-94.4667
USAF5,Afton,41.0167,-94.1833
USAFA,Alstead,43.15,-72.3667
USAFH,Bath,35.4667,-76.8
USAFK,Afognak,58.0,-152.7667
USAFM,Bingham,45.0667,-69.8833
USAFV,Battenville,43.1,-73.4333
USAFW,"Webster, Harris",29.5333,-95.1167
USAGQ,Algonquin,42.1667,-88.3
USAGV,Autaugaville,32.4333,-86.65
USAHU,Alachua,29.7833,-82.4833
USAHZ,Atlantic Highlands,40.4,-74.0333
USAKJ,Oak Grove,38.9833,-77.4
USAL3,Alliance,31.5167,-93.65
USAL5,Delta,33.4333,-85.6833
USAL7,Aldie,38.9667,-77.6333
USALC,Amelia City,30.5833,-81.45
USAMF,Amagansett,40.9667,-72.15
USAMG,Cambridge,43.0,-89.0
USANC,Anchorage,-4.1833,115.1
USANP,Annapolis,40.8333,14.25
USANW,Avon,39.6333,-106.5167
USAOU,Avalon,33.3333,-118.3167
USAPY,Alpine,40.95,-73.9333
USAQJ,Maltby,47.8,-122.1
USAQQ,Camden,44.2,-69.05
USAQW,Abbottstown,39.8833,-76.9833
USAR5,Damascus,35.3667,-92.4
USARB,Ann Arbor,63.3167,12.5333
USASF,Ashtabula,6.1167,105.2833
USASS,Ware Shoals,34.3833,-82.2333
USAST,Astoria,69.0167,15.1333
USASZ,Sumiton,33.75,-87.05
USATR,Atreco,29.9667,-93.8667
USATW,Appleton,59.4667,17.3833
USATX,Allenstown,43.1333,-71.45
USAV9,Averill Park,42.6333,-73.55
USAVD,Avondale,47.4167,-53.2
USAWS,Newcastle,44.0333,-69.5333
USAWY,Gallaway,35.3167,-89.6
USAXR,Alexandria,38.8,-77.0333
USAXZ,Andover,37.7,-97.1333
USAY5,Laytonville,39.6833,-123.4667
USAY7,Mayville,42.25,-79.5
USAZL,Azle,32.8833,-97.5333
USB27,Bolinas,37.9,-122.6833
USB2N,Brinnon,47.6667,-122.8833
USB2V,Buena Vista,32.3167,-84.5167
USB44,Bellbrook,39.6333,-84.0667
USB7S,Bridgewater,43.55,-97.5
USBA3,Belfair,47.6833,-123.4
USBA7,Balmorhea,30.9833,-103.7333
USBAL,Baltimore,39.2833,-76.6167
USBAY,Bayonne,43.5,-1.4833
USBB8,Broad Brook,41.9,-72.5333
USBBA,Bethany Beach,38.5333,-75.05
USBCG,Boca Grande,26.7333,-82.25
USBCH,Brushvale,46.3667,-96.65
USBCI,Berlin,38.3167,-75.2167
USBCL,Beulaville,34.9167,-77.7667
USBCM,Bruceton Mills,39.6667,-79.6333
USBCW,Brewster,41.7667,-70.0833
USBD3,Beaver Dam,37.4,-84.8833
USBDB,Bridgeport,43.15,-75.9667
USBDR,Bridgeport,43.15,-75.9667
USBDS,Biscoe,35.3667,-79.7833
USBE8,Belle Harbor,40.5667,-73.8333
USBEL,Belfast,54.9833,-5.9167
USBEX,Bethlehem,40.6167,-75.3667
USBF6,Bonners Ferry,48.6833,-116.3167
USBFJ,Briarcliff Manor,41.15,-73.8167
USBFO,Beaufort,5.3333,115.75
USBFY,Buckeye Lake,39.9333,-82.4667
USBG7,Barnegat,39.75,-74.2167
USBGR,Bangor,54.65,-5.6667
USBHB,Bar Harbor,42.0833,19.0833
USBHC,Bridgehampton,40.9333,-72.3
USBHF,Brandon,32.2667,-89.9833
USBHI,Bruce,45.45,-91.2667
USBHJ,Burlington,39.0333,-84.7167
USBI2,Beaver Island,45.65,-85.55
USBI8,Blount Island,30.4,-81.5167
USBKO,Becker,45.3833,-93.8667
USBKQ,Brooksville,39.4167,-85.0
USBLI,Bellingham,54.6,-1.3
USBM3,Bromley,38.6333,-84.8333
USBM4,Brevort,46.0167,-85.0333
USBMH,Sandoval,38.6167,-89.1167
USBN9,Battle Ground,40.5,-86.8333
USBNA,Nashville,42.6,-85.0833
USBNB,Burns Harbor,41.6167,-87.1333
USBNC,Benicia,38.05,-122.15
USBNH,Burnham,44.6833,-69.4333
USBNI,Burnsville,35.9167,-82.3
USBNP,Brayton Point,41.7,-71.1833
USBOC,Brooklyn,41.7833,-71.95
USBOS,Boston,52.9667,-0.0333
USBOY,Brooklyn/New York,40.7333,-73.9333
USBPT,Beaumont,43.7333,5.7
USBPV,Belhaven,35.5333,-76.6167
USBRA,Bradwood,46.1833,-123.4333
USBRO,Brownsville,25.9,-97.4833
USBS9,Bushkill,41.0833,-75.0
USBSM,Big Sandy,48.1833,-110.1167
USBTH,Bath,43.9,-69.8167
USBTR,Baton Rouge,30.45,-91.1333
USBTV,Burlington,39.0333,-84.7167
USBU2,Butte Meadows,40.0667,-121.55
USBUF,Buffalo,38.6167,-81.9833
USBUI,Butler,41.4167,-84.8667
USBUJ,Butler,38.7833,-84.3667
USBV6,Blairesville,34.85,-83.9333
USBV8,Brownsville,40.0167,-79.8833
USBVV,Berryville,36.3667,-93.5667
USBW5,New Brockton,31.3833,-85.9167
USBWB,Brownsburg,39.8333,-86.3833
USBWH,Bigelow,35.0,-92.6167
USBYZ,Boyne City,45.2167,-85.0
USBZJ,Bethel,49.5833,5.5833
USBZZ,Blacklick,39.9833,-82.8
USC25,Connelly Springs,35.7333,-81.5
USC35,Cornville,34.7167,-111.9167
USC3A,Kensington,37.9,-122.2667
USC3B,Cedar Bluffs,41.3833,-96.6
USC4H,Castle Hills,29.5167,-98.5
USC4N,Clinton,30.85,-91.0
USC55,Cochise,32.1,-109.9167
USC74,Crimora,38.15,-78.85
USC8T,Creston,35.5167,-120.5167
USCA3,Chatham,41.6667,-69.9333
USCAP,Capitan,34.45,-120.0333
USCBD,Cambridge,45.5667,-93.2167
USCBS,Centerburg,40.3,-82.7
USCBT,Clinton,38.3667,-93.7833
USCC2,Cape Coral,26.5667,-81.95
USCC8,Chesapeake City,39.5167,-75.8
USCCS,Cave City,37.1333,-85.9667
USCD4,Coronado,32.6833,-117.1667
USCDD,Camden,31.9833,-87.2833
USCDE,Camden,44.2,-69.05
USCDF,Candler,35.5333,-82.7
USCDU,Cedar Lake,43.4,-84.9667
USCDY,Conneaut,4.7167,7.15
USCDZ,Caledonia,42.7833,-85.5167
USCEC,Crescent City,44.95,14.4
USCFF,Cherryfield,44.6,-67.9167
USCFG,Chesterfield,42.8833,-72.4667
USCG4,Clarksburg,40.8333,-74.9833
USCGE,Cambridge,-42.8333,147.45
USCGF,Cape May,38.9333,-74.9167
USCGJ,Cerro Gordo,39.8833,-88.7333
USCGP,Capitola,36.9667,-121.95
USCGW,Chickasaw,30.7667,-88.0667
USCGX,Carthage,36.25,-85.95
USCHI,Chicago,38.05,-122.0167
USCHS,Charleston,56.5833,-3.0
USCHT,Chester,40.6167,-80.5667
USCI6,Chimayo,36.0,-105.9333
USCIB,Casselberry,28.6833,-81.3333
USCJ8,Cortland,38.9667,-85.95
USCJC,Chinook,46.2667,-123.9333
USCJO,Caro,43.4833,-83.4
USCK2,Cobbs Creek,37.5,-76.3833
USCK9,Cockrell Hill,32.7333,-96.8833
USCKG,Cherokee,34.75,-87.9667
USCKI,Catalina Island,33.3833,-118.4167
USCLA,Claymont,49.05,4.0
USCLE,Cleveland,41.5,-81.6667
USCLM,Port Angeles,62.5167,15.6167
USCLY,Clayton,34.8667,-83.4
USCM9,Carrier Mills,37.6833,-88.6167
USCMU,Cameron,35.3333,-79.25
USCN3,Clayton,34.8667,-83.4
USCNM,Carlsbad,32.4167,-104.2167
USCO3,Claremont,37.2667,-76.9667
USCO9,Copper Canyon,33.1667,-97.15
USCOB,Coos Bay,49.05,4.0
USCOJ,Cochranton,41.5167,-80.05
USCP6,Cove Point,38.3667,-76.3833
USCR5,Chester,40.6167,-80.5667
USCRB,Carrabelle,44.75,14.75
USCRM,Crockett,50.5333,-4.9
USCRP,Corpus Christi,44.2667,14.7667
USCRW,Charleston,56.5833,-3.0
USCS4,Saint Clair Shores,42.4833,-82.8833
USCS6,"Coxsackie, Greene",42.35,-73.8
USCSF,Carteret,59.4833,10.3667
USCSJ,Carlisle,42.5333,-71.35
USCU2,Clute,29.0167,-95.4
USCU6,Colesburg,42.6333,-91.2
USCUM,Canaan,42.0167,-73.3333
USCUQ,Caney,37.0167,-95.9333
USCUU,Cannelton,37.9167,-86.75
USCUZ,Carlisle,34.7833,-91.75
USCWF,Centerville,45.15,-93.05
USCWQ,Center Valley,40.5333,-75.4
USCWU,Carroll,39.8,-82.7
USCWW,Clarkesville,34.6167,-83.5333
USCWX,Cleveland,38.6833,-94.6
USCWZ,Clinton,42.55,-88.8667
USCXV,Clover,35.1167,-81.2333
USCY2,The Colony,33.0833,-96.8833
USCYI,Cloverdale,38.8,-123.0167
USCZI,Cassopolis,41.9,-86.0
USD5W,Dagsboro,38.5333,-75.2333
USDA8,Dauphin,40.3667,-76.9167
USDBQ,Dubuque,42.4833,-90.6333
USDC6,Dallas Center,41.6833,-93.95
USDCB,DeKalb,41.9167,-88.75
USDCI,Delaware City,39.5667,-75.5833
USDCY,Dill City,35.2833,-99.1333
USDD6,Linden Hill,40.7,-73.9167
USDDR,Darien,42.6,-88.7
USDE5,Depue,41.3167,-89.3
USDET,Detroit,42.3167,-83.0333
USDFU,Dunnellon,29.0333,-82.45
USDGE,Chenango Bridge,42.1667,-75.8667
USDHA,Daphne,30.6,-87.9
USDHB,Bodega Bay,38.3333,-123.05
USDIA,Adrian,43.9333,-90.6
USDIJ,Delhi,39.1,-84.6
USDIV,Cedar River,45.4,-87.35
USDKH,Old Rock Hill,31.0,-83.5667
USDKK,Dunkirk,42.4833,-79.2667
USDM4,Diamondville,41.7667,-110.5333
USDN2,Del Norte,37.6833,-106.35
USDNE,Dane,43.25,-89.5
USDOG,"Douglas, Allegan",42.6333,-86.2
USDP5,Deer Park,38.5167,-122.4667
USDPH,Doniphan,36.6167,-90.8167
USDR3,Drytown,38.4333,-120.85
USDRW,De Pere,44.45,-88.05
USDSH,Deshler,41.2,-83.8833
USDSL,Donalsonville,31.0333,-84.8667
USDSM,Des Moines,10.0,-83.0833
USDSR,Deshler,40.1333,-97.7167
USDST,Adamston,39.2833,-80.35
USDT4,De Tour Village,45.9833,-83.9
USDTC,Delta,38.75,-108.0667
USDTP,Portland,27.8667,-97.3167
USDTT,Detroit,34.0167,-88.1667
USDU3,Dunmore,38.35,-79.8667
USDU5,De Funiak Springs,30.7167,-86.1
USDUH,Duxbury,42.05,-70.6667
USDUP,Dupo,38.5,-90.2
USDVA,Delevan,42.4833,-78.4833
USDVQ,Delmont,40.4,-79.5667
USDVV,Davisville,43.05,16.1667
USDWD,Deerwood,46.4667,-93.8833
USDWQ,Downsville,42.0667,-74.9833
USDWX,De Witt,40.3833,-96.9167
USDXX,Old Brookville,40.8167,-73.6
USDY2,Dayton,39.1167,-84.4667
USDZM,Dorchester,42.2833,-71.0667
USE2D,Eddington,44.8167,-68.6833
USE2L,East Lake,41.65,-81.45
USE2T,Etna,28.3,103.8333
USE3K,Elk Horn,37.3,-85.2833
USE5P,Deep Gap,36.2333,-81.5
USEAZ,Mechanic Falls,44.1,-70.3833
USEB4,Elbert,39.2167,-104.5333
USEBZ,Ellabell,32.1167,-81.4833
USECP,El Campo,29.1833,-96.2667
USECR,Spencer,35.6833,-80.4333
USEDL,Allendale,33.0,-81.3
USEDV,Eddyville,37.0833,-88.0667
USEE8,Freeport,40.6667,-79.6833
USEFN,East Freetown,41.7667,-70.95
USEFS,Etiwanda,34.1167,-117.5167
USEGH,Effingham,34.05,-79.75
USEHI,El Dorado Hills,38.6667,-121.0667
USEHL,Bethlehem,33.9333,-83.7167
USEIE,Bernie,36.6667,-89.9667
USEIF,Madeira Beach,27.7833,-82.7833
USEJK,Macks Creek,37.95,-92.9667
USEKA,Eureka,59.4833,10.3667
USEKB,East Keansburg,40.4333,-74.1167
USEKT,Elkton,36.8,-87.15
USEKZ,Elkton,44.2333,-96.4833
USEL3,Ellwood,34.4167,-119.8833
USEL4,Elmer,39.5833,-75.1667
USEM4,Emigrant Gap,39.2833,-120.6667
USEM7,East Machias,44.7333,-67.3833
USEMG,Emmetsburg,43.1167,-94.6833
USEMY,Emery,43.6,-97.6167
USEN5,Ennice,36.8667,-81.6
USENW,Kenosha,60.1667,5.4667
USEOG,East Orange,40.7667,-74.2
USEOM,Welcome,30.05,-90.8667
USEOW,Edmonds,59.4667,17.3833
USEOY,Eloy,32.75,-111.55
USEPA,Earl Park,40.6667,-87.4
USEPE,Empire,29.3833,-89.6
USEPM,Eastport,44.9,-66.9833
USEPY,East Point,37.75,-82.7833
USEQ4,East Lansing,42.7333,-84.4833
USEQE,East Dubuque,42.4833,-90.6333
USEQW,Elwood,34.4333,-119.8833
USEQZ,Ellport,40.85,-80.25
USER2,Elk River,45.3,-93.5667
USERE,Earl,35.1833,-81.5333
USERI,Erie,40.05,-105.05
USERN,Clermont,43.0,-91.65
USERY,Elroy,43.7333,-90.2667
USESG,Estero,26.4333,-81.8167
USETI,Centerville,40.9167,-111.8667
USETT,Etter,36.0167,-101.9833
USETW,Edgartown,41.3833,-70.5167
USEU3,Leucadia,33.0667,-117.3
USEUD,Eudora,33.1,-91.25
USEUU,Placida,26.8333,-82.2667
USEV6,Eden,44.7,-72.5333
USEV7,Evendale,39.25,-84.4167
USEVV,Evansville,37.9667,-87.55
USEWB,Fall River-New Bedford Apt,44.7167,-63.6833
USEWB,New Bedford-Fall River Apt,44.7167,-63.6833
USEWG,Clearwater,45.4167,-94.05
USEWO,Bellwood,40.6,-78.3333
USEWR,Newark,40.7333,-74.1667
USF2S,Fawnskin,34.2667,-116.9333
USFA2,Felda,26.5333,-81.4333
USFA3,Farmington,36.6667,-88.5167
USFAU,Franklin Furnace,38.6333,-82.8333
USFAV,Fall River,41.7,-71.1667
USFBF,Flagler Beach,29.4667,-81.1167
USFCC,Forest City,40.3667,-89.8333
USFCV,Francesville,40.9833,-86.8667
USFDE,Fredericksburg,40.6667,-52.2333
USFDF,Fairfield,35.5333,-76.2167
USFEB,Fernandina Beach,30.6667,-81.45
USFEL,Fellsmere,27.7667,-80.6
USFFO,Buffalo,38.6167,-81.9833
USFGQ,Farmingville,40.8167,-73.0167
USFGX,Fairfield,33.5833,-83.8167
USFH2,Fair Haven,40.3667,-74.0333
USFI3,Fiddletown,38.5,-120.75
USFI7,Fleming Island,30.0833,-81.7167
USFIK,Fishkill,41.5333,-73.9
USFJY,Deer Park,42.15,-88.0833
USFL8,Bal Harbour,25.8833,-80.1167
USFLL,Fort Lauderdale,26.1167,-80.1333
USFLZ,Florence,38.3833,-105.1333
USFMU,Fairmount,34.4333,-84.7
USFMW,"Fairmont, Will",41.55,-88.05
USFNB,Freeland,48.0,-122.5333
USFNE,Florence,34.7833,-87.6667
USFNF,Frankfort,44.6333,-86.2333
USFO9,Forestville,38.4667,-122.8833
USFOC,Port Fourchon,29.1,-90.1833
USFPL,Fair Play,38.5833,-120.65
USFPO,Freeport,10.45,-61.4167
USFPT,Fairport Harbor Village,41.75,-81.2667
USFR6,Four Oaks,35.4333,-78.4167
USFSP,Friendship,43.9833,-69.3333
USFSQ,Forest Dale,43.8167,-73.05
USFSY,Falls City,40.05,-95.6
USFTA,Forest Park,34.4333,-92.3833
USFTC,Fort Calhoun,41.45,-96.0167
USFTM,Fort Monmouth,40.3167,-74.0333
USFU7,Sanford,43.6667,-84.3667
USFVP,Fairview Park,41.4333,-81.85
USFVR,Fort Recovery,40.4,-84.7667
USFW2,Floodwood,46.9333,-92.9
USFWZ,Green Town,41.3167,-75.3
USFZZ,Freedom,40.6833,-80.25
USG2H,Glendale Heights,41.9,-88.0667
USG44,Garden Valley,38.85,-120.85
USG77,Griswold,41.5833,-71.9167
USG8Y,Guy,35.3167,-92.3333
USGA7,Garrison,41.3833,-73.9333
USGAJ,Bagley,47.5167,-95.4
USGBC,Gibson City,40.45,-88.3667
USGBV,Garberville,40.1,123.8
USGCA,Golconda,40.95,-117.4833
USGCL,Coolidge,31.0,-83.8667
USGDJ,Guildhall,44.5667,-71.5667
USGDR,Gardiner,41.6667,-74.15
USGEB,Greenboro,43.6333,-75.8833
USGEZ,Gilbertville,42.3167,-72.2
USGG2,Gallatin Gateway,45.6,-111.2167
USGGE,Georgetown,13.2667,-61.1167
USGHC,Grays Harbor City,46.9833,-123.95
USGHE,Ghent,38.7333,-85.05
USGID,Gideon,36.45,-89.9167
USGJQ,Glen Ridge,40.8,-74.2
USGKX,Glenwood,34.1333,-85.1667
USGLA,Goldendale,45.8167,-120.8167
USGLH,Greenville,59.4833,10.3667
USGLS,Galveston,42.8333,17.7
USGM2,Gypsum,39.65,-106.95
USGME,Edgemere,39.2333,-76.45
USGNC,Garner,35.7,-78.6
USGNR,Garner,43.1,-93.6
USGNS,"Greenwood, Guernsey",39.9167,-81.4667
USGOH,Goshen,41.85,-73.2333
USGON,Groton-New London Apt,41.0833,-82.4
USGON,New London-Groton Apt,41.0833,-82.4
USGOP,Good Hope,29.9833,-90.4
USGP2,Gosport,39.35,-86.6667
USGP4,Greenport,41.1,-72.3667
USGPW,Grosse Point Woods,42.4333,-82.9
USGQJ,Big Stone City,45.2833,-96.45
USGQQ,Galion,40.7333,-82.7833
USGRA,Grand Portage,41.5833,-87.2
USGRB,Green Bay,44.5167,-88.0167
USGSF,Gales Ferry,41.4167,-72.0833
USGSQ,Gasport,43.1833,-78.5667
USGT4,Gary,32.0167,-94.3667
USGT9,Gardendale,32.0167,-102.3667
USGTG,Grovetown,33.45,-82.15
USGUG,Guttenberg,40.7833,-74.0
USGUM,Gulfmex Lightering Area,27.75,-90.8333
USGVA,Gore,39.25,-78.3167
USGVB,Grover Beach,35.1167,-120.6167
USGVR,Gansevoort,43.1833,-73.65
USGVZ,Gordonville,40.0167,-76.1333
USGXH,Sag Harbor,41.0167,-72.3
USGXR,Gold River,38.6,-121.2667
USGYY,Gary,32.0167,-94.3667
USGZB,Grabill,41.2,-84.9667
USGZI,Granite City,38.7167,-90.1167
USH2N,Hancock,39.7,-78.1833
USH4H,Howland Hook,40.6333,-74.1833
USH8N,Hudson,41.5167,-85.0667
USH99,Henderson,44.5167,-93.9
USH9R,Harris,43.4333,-95.4167
USH9S,Walnut Shade,36.7167,-93.1833
USHA7,Haleiwa,21.5833,-158.1
USHB3,Harrisburg,44.2667,-123.1667
USHB4,Harbor Beach,43.85,-82.65
USHBK,Hoboken,51.1667,4.35
USHCO,Hickory Creek,33.1167,-97.0333
USHG2,Hastings,42.6333,-85.2833
USHGU,Huguenot,41.4167,-74.6333
USHGW,Huntington Woods,42.4667,-83.1667
USHH7,Southhaven,34.9833,-90.1167
USHHK,Ho-Ho-Kus,41.0,-74.1
USHHT,Harwood Heights,41.9667,-87.8
USHID,Hidalgo,26.1,-98.2667
USHIF,Hill Air Force Base,41.1167,-111.9833
USHJD,Sugar City,43.8667,-111.7333
USHJS,Harbor Island,27.8667,-97.0667
USHKG,"Hickory Grove, York",34.9833,-81.4167
USHL5,Havelock,34.8833,-76.9167
USHLJ,Halls,36.1333,-88.1667
USHLM,Holland,42.7833,-86.1
USHM3,Hickman,36.5667,-89.1833
USHM4,Herculaneum,38.2667,-90.3833
USHM7,Hamilton,35.9333,-77.2
USHMR,Hamer,43.9167,-112.2
USHN9,Huron,37.7167,-93.35
USHNL,Honolulu,21.3,-157.85
USHNS,Haines,50.5167,2.8
USHO7,Hooper,41.15,-112.1167
USHOM,Homer,42.6333,-76.1667
USHOR,Homer,42.6333,-76.1667
USHOU,Houston,29.75,-95.35
USHPY,Baytown,49.05,4.0
USHQ2,Cold Spring Harbor,40.8667,-73.45
USHQJ,Washington,41.65,-73.3167
USHR3,Hampton Roads Pt,36.9667,-76.35
USHR4,Hector,42.5,-76.8667
USHR5,Hilger,47.25,-109.35
USHRM,Hollister,36.6167,-93.2
USHRQ,High Ridge,38.45,-90.5333
USHS2,Hackensack,46.9333,-94.5167
USHS3,Harbor Springs,45.4333,-84.9833
USHS6,Hallstead,41.9667,-75.75
USHSF,Hudson,28.35,-82.7
USHU8,House Springs,38.4,-90.5667
USHV2,Hughesville,41.2833,-76.7167
USHVG,Highland Village,43.2167,-9.0
USHVN,New Haven,38.6,-91.2167
USHWJ,Black Hawk,39.7833,-105.4833
USHWN,Hagerstown,39.9,-85.1667
USHWX,Hewlett,40.65,-73.6833
USHXD,Cumberland,36.9667,-82.9833
USHXF,Hungerford,29.4,-96.0833
USHXK,Haiku,20.9167,-156.3167
USHXU,Hercules,38.0167,-122.2833
USHZA,Saint Henry,40.4167,-84.6333
USHZZ,Hawesville,37.9,-86.75
USIA2,Manning,41.9,-95.05
USIA3,Onawa,42.0167,-96.0833
USIAB,Addison,44.6167,-67.75
USIAM,Miamisburg,39.6333,-84.2833
USICH,Nicholls,31.5167,-82.6333
USIEG,Ingleside,42.3667,-88.1333
USIFL,Island Falls,46.0,-68.2667
USIFT,Clifton,35.3833,-87.9833
USIGS,Big Stone,38.9833,-75.3167
USIIM,Williamston,42.6833,-84.2833
USIIW,Williams,39.15,-122.15
USIJM,Benton City,46.25,-119.4833
USILG,Wilmington,34.2167,-77.9333
USILM,Wilmington,34.2167,-77.9333
USILW,Eleanor,38.5333,-81.9333
USINL,International Falls,50.8667,4.1833
USINV,Madisonville,30.4,-90.1667
USINX,Mosinee,44.7833,-89.7
USIO2,Indian Orchard,42.1667,-73.3333
USIOA,Arion,41.95,-95.4667
USIOH,South Willamsport,41.2333,-77.0
USIOR,Samoa,40.7833,-124.2
USIPR,Millport,33.55,-88.0667
USIPX,Ship Island,30.2,-88.95
USIR2,Indian River City,28.5667,-80.8
USIS3,City Island,40.8333,-73.7833
USITN,Smithton,40.15,-79.7333
USITO,Hilo,23.0167,113.5
USITV,Pittsville,44.4333,-90.1167
USIUH,Clendenin,38.4833,-81.3333
USIUK,Iuka,34.8,-88.1833
USIVA,Isle,46.1333,-93.4833
USIVG,Incline Village,39.25,-119.9833
USIVK,Irvine,37.6833,-83.9667
USIWO,Birchwood,45.6667,-91.55
USIYH,Miami Beach,25.7833,-80.1333
USIZK,Renick,37.4667,-80.3167
USJ3C,Jacksonville,42.3,-122.95
USJA2,Jamaica,37.7,-76.6833
USJAM,Jackman,45.6167,-70.2333
USJAX,Jacksonville,42.3,-122.95
USJAY,Jay,44.5,-70.2167
USJBG,Johnsburg,42.3833,-88.25
USJBK,Berkeley,-33.35,151.4333
USJCQ,Warrensburg,39.9167,-89.05
USJCX,Jacinto City,29.7667,-95.2333
USJDT,Port Laudania,26.05,-80.1167
USJE2,Jefferson Hills,40.2833,-79.9167
USJE7,Renville,44.7833,-95.2
USJFZ,Jefferson,36.4167,-81.4667
USJHO,District Heights,38.85,-76.8833
USJJQ,Meadows of Dan,36.7333,-80.3833
USJKF,Jakolof Bay,59.45,-151.5167
USJMB,Jamesburg,40.35,-74.4333
USJMC,Sausalito,43.9333,15.1667
USJMX,Climax,39.3667,-106.1667
USJNP,Newport Beach,33.6167,-117.9167
USJO4,Saint Johns,30.0833,-81.5833
USJOA,Johnson,36.1333,-94.1667
USJON,Jonesport,44.5167,-67.6167
USJPY,Jamesport,40.95,-72.5833
USJQJ,Santa Rosa Beach,30.4,-86.2333
USJQK,Jacksboro,36.3167,-84.1833
USJQQ,Concord,32.1333,-84.3667
USJS3,Jackson,37.55,-83.3667
USJSA,Judsonia,35.2667,-91.6333
USJSY,Saint James City,26.4833,-82.0833
USJUK,Jenks,36.0167,-95.9667
USJUY,Pembroke,43.1333,-71.45
USJVL,Janesville,42.6667,-89.0167
USJWQ,West Milton,39.95,-84.3167
USJWY,Frenchtown,40.5167,-75.05
USJYR,Argyle,43.7333,-65.8333
USK99,Knob Noster,38.7667,-93.55
USKA7,Kailua,21.4,-157.7333
USKAB,Kiska Harbour,51.9667,177.5667
USKAG,Kaguyak,56.8667,-153.7833
USKAJ,Land O'Lakes,28.2167,-82.45
USKAY,Kaysville,41.0333,-111.9333
USKCK,Kansas City,39.1,-94.5667
USKDC,John F Kennedy Space Center/Cape Canaveral,28.6667,-80.7
USKE7,Kenwood,38.4,-122.5333
USKGM,Kings Mills,39.35,-84.25
USKHB,Keego Harbor,42.6,-83.3333
USKHW,Eleele,21.9167,-159.5833
USKIH,Kihei,20.7833,-156.45
USKIS,Kiska Island,51.95,177.55
USKJH,Washington,41.65,-73.3167
USKKV,Miami River,25.7667,-80.1833
USKL9,Kahuku,21.6667,-157.95
USKMR,Kenmore,42.95,-78.8667
USKPP,Koppel,40.8333,-80.3167
USKQC,Cheshire,38.95,-82.1167
USKSH,Hooksett,43.1,-71.4667
USKTT,Kitty Hawk,36.0667,-75.7
USKTZ,Keota,35.1667,-94.9167
USKU4,Kendall Park,40.4167,-74.55
USKUB,Kuluk Bay,51.8667,-176.5667
USKW2,Konawa,34.9667,-96.75
USKW7,Kawkawlin,43.65,-83.9333
USKWM,King William,37.6833,-77.0
USKWU,Kewaunee,44.45,-87.5
USKXK,Kittery,43.0833,-70.7333
USKYP,Keyport,47.7,-122.6167
USL2D,Little Deer Isle,44.2833,-68.6833
USL2P,Lighthouse Point,26.2667,-80.0833
USL3Y,West Grove,39.8167,-75.8167
USL54,Lanesville,38.2333,-85.9833
USL55,Collegeville,37.9,-121.1333
USL5A,Lagunitas,38.0,-122.7
USL99,Centerville,39.8,-84.9833
USL9G,LaGrange,33.0333,-85.0167
USL9K,Longboat Key,27.4,-82.65
USLA2,Lake Arrowhead,34.25,-117.1833
USLAT,Los Alamitos,33.8,-118.0667
USLAX,Los Angeles,34.05,-118.25
USLB2,Lubec,44.85,-66.9833
USLB9,Lansdowne-Baltimore,39.2333,-76.65
USLBQ,Calabash,33.8833,-78.5667
USLC2,Loup City,41.2833,-98.9667
USLCF,Leitchfield,37.4667,-86.2833
USLCJ,Long Branch,40.3,-74.0
USLDK,Baldwin,29.8333,-91.55
USLDM,Ludington,59.4667,17.3833
USLE3,Lake Elsinore,33.6667,-117.3333
USLEQ,Lewis Center,40.1833,-83.0
USLG2,Lake George,43.4333,-73.7167
USLGB,Long Beach,33.7667,-118.1833
USLGK,La Grange,40.05,-91.5
USLGZ,La Grange Highlands,62.5167,15.6167
USLH7,Lenard Harbour,55.1167,-162.4167
USLHK,Little Hocking,39.25,-81.7
USLIB,Liberty,39.2333,-94.4167
USLIZ,Limestone,46.9,-67.8167
USLLB,Lino Lakes,45.15,-93.1333
USLLC,Leland,34.25,-78.0333
USLLJ,Gordonville,36.8333,-87.0167
USLLM,Stillmore,32.4333,-82.2
USLLU,Los Lunas,34.8,-106.7167
USLMY,Lemay,38.5333,-90.2667
USLN5,Linnton,45.6,-122.7833
USLO7,Lodi,42.6,-76.8167
USLO8,Louisiana Offshore Oil Port (Loop),28.8833,-90.0167
USLO9,Loop Terminal,28.8833,-90.0167
USLOG,Longview,59.4667,17.3833
USLP2,Lupton,44.4167,-84.0167
USLPQ,Lake Park,26.8,-80.0667
USLR3,Little River,33.8667,-78.6167
USLRC,Long Reach,39.4833,-81.0833
USLRP,Lake Orion,42.7833,-83.2333
USLS4,Lakeshore,40.8833,-122.3833
USLTG,Little Genesee,42.0167,-78.2
USLTZ,Lutz,28.15,-82.45
USLU7,Lake Huntington,41.6833,-74.9833
USLU8,Port Of South Louisiana,30.05,-90.5
USLUF,Blue Earth,43.6333,-94.1
USLUI,Louisville,38.2333,-85.7667
USLUU,Le Sueur,44.45,-93.9
USLVU,Lawrenceburg,59.4833,10.3667
USLW5,Lawton,42.1667,-85.8333
USLWD,Lewisport,37.9333,-86.9
USLWE,Lawrence,40.6167,-73.7167
USLWM,Lawrence,40.6167,-73.7167
USLWY,Lowell,36.25,-94.1167
USLX8,Spillville,43.2,-91.95
USLXQ,Llano,34.5,-117.8167
USLXW,Blawnox,40.5,-79.8667
USLYM,Lynn Haven,30.2333,-85.65
USLYR,Lyerly,34.4,-85.4
USLZC,Lancaster,48.85,-96.8167
USLZV,Landing,40.9,-74.65
USM2B,Milburn,34.2333,-96.5333
USM2P,Midway Park,34.7167,-77.3333
USM2S,Osceola,38.05,-93.7
USM44,Middletown,39.4333,-77.5333
USM47,Molena,33.0167,-84.5
USM4I,Miami Shores,25.85,-80.1833
USM4U,Turners Falls,42.5833,-72.55
USM4X,Monroe,44.25,-72.05
USM5V,Morrisonville,39.4167,-89.45
USM8N,Mendon,42.9833,-77.5
USM9O,Monmouth Beach,40.3167,-73.9667
USMAH,Marcus Hook,39.8167,-75.4167
USMCR,Manchester,47.55,-122.5333
USMD5,Meredith,43.6667,-71.5
USMF6,McFarland,43.0167,-89.3
USMG5,Malaga,47.35,-120.1833
USMGF,Melvindale,42.2667,-83.1667
USMGQ,Mount Gilead,35.2,-80.0
USMH2,Marblehead,42.5,-70.85
USMH8,Manhasset,40.8,-73.7
USMI3,Calcite,45.4,-83.7833
USMIA,Miami,39.6333,-84.2833
USMKC,Kansas City,39.1,-94.5667
USMKG,Muskegon,43.2167,-86.2333
USMKI,Mukilteo,47.95,-122.3
USMKJ,McKees Rocks,40.45,-80.05
USMKW,Mill Creek,47.85,-122.2
USMKZ,Mukwonago,42.8667,-88.3333
USMN5,Menemsha,41.35,-70.7667
USMNH,Manhattan/New York,40.7833,-73.9667
USMP2,Mauckport,38.0167,-86.2
USMP5,Machesney Park,42.3333,-89.05
USMP7,Mediapolis,41.0,-91.15
USMR2,Marseilles,41.3167,-88.7
USMRH,Morehead City,59.4833,10.3667
USMRQ,Milford,39.1667,-84.2833
USMRT,Morristown,44.2667,14.7667
USMS6,Mims,28.6667,-80.85
USMSY,New Orleans,45.45,-75.5333
USMT5,Milton,44.6333,-73.1167
USMT6,Mentone,34.5667,-85.5833
USMTK,Mount Carmel,40.7833,-76.4
USMTM,Metlakatla,58.3,21.9
USMTW,Manitowoc,30.8833,-98.4667
USMU4,Mountain,45.1833,-88.4667
USMW3,Moscow,41.55,-91.1
USMW4,Millwood,38.8833,-81.8667
USMXP,Meraux,29.9167,-89.9333
USMY3,Monterey,36.6,-121.9
USMY6,Mayo,35.0833,-81.85
USMYC,Mystic,41.35,-71.95
USMYG,Myrtle Grove,42.5,-8.8667
USN2R,North Houston,29.9167,-95.5
USN3E,Goehner,40.8167,-97.2167
USN4B,North Beach,38.7,-76.5167
USN5B,Niobrara,42.75,-98.0167
USN5T,New Tripoli,40.6667,-75.75
USN8P,Neponset,41.2833,-89.7833
USN99,North Bay Village,25.8333,-80.15
USNAK,Natick,42.2833,-71.35
USNAU,North Augusta,33.4667,-81.9833
USNB4,Neets Bay,55.7833,-131.6
USNBD,New Bedford,41.6333,-70.9333
USNBL,New Bloomfield,38.7167,-92.0833
USNCX,Norcross,37.35,-80.7
USNCY,New Caney,30.15,-95.2
USNDA,Neodesha,37.4167,-95.6667
USNDB,North Dartmouth,41.6333,-70.9667
USNE5,Shelby,41.1833,-97.4167
USNED,New London,41.0833,-82.4
USNEJ,Necedah,44.0333,-90.0667
USNEW,Destrehan,59.4833,10.3667
USNFE,Newfane,43.2833,-78.7167
USNFR,New Freedom,39.7333,-76.7
USNGZ,Alameda,51.6667,0.9
USNH2,New Haven,38.6,-91.2167
USNHM,Northampton,42.3333,-72.6333
USNHN,New Hudson,42.5,-83.6
USNHQ,North Hartland,43.5833,-72.35
USNI2,Norman,38.95,-86.2667
USNIJ,Nawiliwili,21.9667,-159.3667
USNIX,Nixon,41.9333,-76.1333
USNJF,Fairton,39.3667,-75.2167
USNJQ,Terrebonne,44.35,-121.1667
USNK3,Noank,41.3167,-52.3167
USNKO,Anadarko,35.0667,-98.2333
USNLI,New Lisbon,43.8667,-90.15
USNM2,New Martinsville,39.6333,-80.8667
USNMA,Marshall,35.7833,-82.6833
USNMH,Champlin,45.1833,-93.3833
USNNS,Newport News,36.9667,-76.4167
USNOQ,Nelsonia,37.8167,-75.5833
USNOW,Norwell,42.15,-70.7833
USNOZ,Newport,44.8333,-69.2833
USNP7,New Enterprise,40.1667,-78.4
USNPC,Neptune City,40.2,-74.0167
USNPO,Newport,44.6333,-124.05
USNPT,Newport,50.7,-1.2833
USNPX,New Providence,40.6833,-74.4
USNQH,Annisquam Harbour,42.6667,-70.6833
USNQV,New London,39.5833,-91.4
USNQZ,North Rose,43.1833,-76.8833
USNRP,"Newport, Perry",40.4667,-77.1167
USNSB,New Smyrna Beach,29.0333,-80.9333
USNSC,North Sioux City,42.5167,-96.4667
USNSV,Mannsville,43.7167,-76.0667
USNSX,New Castle,39.3667,-107.15
USNTD,Port Hueneme,34.1333,-119.1833
USNTR,Norton Shores,43.15,-86.25
USNTS,North Charleston,56.5833,-3.0
USNVA,Navarre,30.4,-86.85
USNVV,Coconut Grove,25.7167,-80.25
USNW2,North Wildwood,38.9833,-74.8167
USNWZ,Newington,43.1,-70.8167
USNXL,Norwood,39.8833,-75.3
USNXR,Gardiner,41.6667,-74.15
USNXZ,Nesbit,34.8667,-90.0
USNY5,North Salem,41.3333,-73.5667
USNYC,New York,40.7,-74.0
USNYI,"Stony Point, Rockland",41.2333,-73.9833
USNYU,Nassau,42.5,-73.6
USNYX,Nyack,41.0833,-73.9167
USNZQ,Needmore,39.8333,-78.1333
USO82,Odessa,45.25,-96.3167
USOAM,Ocean Gate,39.9167,-74.1333
USOAX,Asotin,46.3333,-117.05
USOB2,Oak Bluffs,41.45,-70.5667
USOBC,Orange Beach,30.2833,-87.5667
USOBI,Obion,36.25,-89.1833
USOC7,Ocoee,35.1167,-84.7167
USOCP,Oceanport,40.3167,-74.0167
USOCX,Ocean View,38.9,-75.1667
USODT,South Dartmouth,41.5833,-70.9333
USOEG,Oregon,41.6333,-83.4833
USOEN,Goshen,41.4,-74.3167
USOFX,Colfax,36.1,-80.0
USOGG,Kahului,20.8833,-156.4667
USOGY,Oglesby,41.2833,-89.05
USOI7,Three Oaks,41.7833,-86.6
USOIS,Meredosia,39.8333,-90.5667
USOIT,Lolita,28.8333,-96.5333
USOJL,Thenard,33.7833,-118.2333
USOK9,Saint Louis,35.0667,-96.85
USOKV,Oakville,41.5833,-73.0833
USOKX,Okemos,42.7167,-84.4167
USOL2,Oleum,38.0333,-122.2333
USOMD,Romoland,33.7333,-117.1667
USOMM,Commerce Township,42.5667,-83.4833
USOMU,Solomons,38.3167,-76.45
USOMW,Castile,42.6167,-78.05
USONA,Winona,44.05,-91.6333
USONG,Ontonagon,46.8667,-89.2833
USOO9,Monmouth,44.8333,-123.2167
USOOM,Bloomer,45.1,-91.4833
USOPB,Copan,36.9,-95.9333
USOR8,Glendale,42.7333,-123.4167
USORF,Norfolk,-42.7833,147.0667
USOS3,Oskaloosa,39.2,-95.3
USOSM,Selma,42.2667,-123.6
USOSV,Ottsville,40.4667,-75.1667
USOSW,Oswego,43.45,-76.5
USOSZ,Orca,60.5667,-145.7
USOT5,Ontario,40.75,-82.5833
USOTH,North Bend,49.8833,-121.4667
USOTL,Ottawa Lake,41.75,-83.7333
USOV3,Osterville,41.6333,-70.3833
USOW4,Point Wells,47.7833,-122.4
USOXR,Oxnard-Ventura Apt,34.2667,-119.2833
USOXR,Ventura-Oxnard Apt,34.2667,-119.2833
USOYH,Boothbay Harbor,43.85,-69.6333
USOYY,Troy,38.0,-86.8
USOZN,South Ozone Park,40.6667,-73.8167
USP2L,Pleasant Lake,41.5667,-85.0
USP3N,Chappaqua,41.15,-73.75
USP43,Priceville,34.9,-87.4667
USP64,Palmetto Bay,25.6167,-80.3167
USP77,Panora,41.6833,-94.35
USP9O,Pinto Island,30.6667,-88.0167
USPA2,Point Arena,38.9,-123.6833
USPA9,Greentown,41.3167,-75.3
USPAA,Pine Apple,31.8667,-86.9833
USPAE,Everett,59.4833,10.3667
USPAH,Paducah,37.0833,-88.6167
USPAL,Port Allen,21.9,-159.5833
USPAS,Pasadena,29.6833,-95.2
USPAY,Perth Amboy,-31.95,115.85
USPB4,Pensacola Beach,30.3333,-87.1333
USPB7,Cape Blanco,42.8333,-124.5667
USPBE,Palatine Bridge,42.9167,-74.5667
USPBI,West Palm Beach,40.4167,-75.5333
USPCP,Patchogue,40.7667,-73.0167
USPCV,Port Canaveral,28.4,-80.6
USPDI,Port Madison,47.7,-122.5667
USPDX,Portland,-35.8,174.3167
USPE2,Port Ewen,41.9,-73.9833
USPEA,Pearl Harbor,35.1833,-81.5333
USPEB,Port Elizabeth,39.3,-74.9667
USPEF,Port Everglades,26.1,-80.1333
USPG8,Pound Ridge,41.2,-73.5667
USPGE,Pagedale,38.6833,-90.3
USPGH,Port Gamble,47.85,-122.5833
USPGQ,Puget Sound,47.8167,-122.4333
USPGX,Pillager,46.3333,-94.4667
USPGY,"Spring Valley, San Diego",32.7333,-116.9833
USPGZ,Palo Pinto,32.7667,-98.2833
USPHN,Port Huron,42.9667,-82.4167
USPI7,Pleasant Island,58.35,-135.6333
USPIE,Saint Petersburg,27.7667,-82.6833
USPIW,Pilottown,29.1833,-89.25
USPK3,Parks,35.2667,-111.95
USPKT,Parkton,34.9,-79.0
USPLL,Port Allen,30.45,-91.2
USPLP,Pleasant Prairie,42.55,-87.9333
USPLU,Port Ludlow,47.9167,-122.6833
USPLV,Port Lavaca,28.6,-96.6167
USPM3,Port Monmouth,40.4333,-74.1
USPM4,"Port Morris, Bronx",40.8,-73.9167
USPM8,Pilot Mountain,36.3833,-80.4667
USPME,Port Manatee,27.6333,-82.55
USPMV,Port MacKenzie,61.2667,-149.9167
USPMZ,Palmertown,40.4667,-79.1667
USPNJ,Port Newark,40.6833,-74.1167
USPNS,Pensacola,30.3333,-87.1333
USPO2,Port Orford,42.75,-124.5
USPO7,Ponsford,46.9667,-95.3833
USPO8,Pompton,40.9833,-74.2667
USPOA,Port Arthur,29.8833,-93.9167
USPOB,Port Bolivar,29.3667,-94.75
USPOD,Porterdale,33.5667,-83.8833
USPOJ,Portage,41.5833,-87.2
USPOW,Port Washington,40.8167,-73.6833
USPP3,Point Pleasant Beach,40.0833,-74.05
USPP4,Powells Point,36.15,-75.85
USPP5,Point Conception,34.45,-120.4667
USPP9,Prospect,37.3,-78.55
USPPS,Pennsauken,39.95,-75.05
USPQM,Palm,40.4167,-75.5333
USPQN,Pequannock,40.95,-74.2833
USPRS,Point Roberts,48.9833,-123.0667
USPRY,Port Blakely,47.6,-122.5
USPS3,Prairie du Sac,43.2833,-89.7167
USPS6,Pearson,45.35,-89.0
USPS9,Preston,42.0833,-111.8667
USPSJ,Port Saint Joe,29.8,-85.3
USPSL,Port San Luis,35.1667,-120.75
USPSM,Portsmouth,15.5667,-61.45
USPT7,Prichard,38.2333,-82.5833
USPTJ,Port Jefferson,40.9333,-73.0667
USPTM,Portsmouth,36.8333,-76.3
USPVC,Provincetown,30.8833,-98.4667
USPVD,Providence,40.6833,-74.4
USPWG,Paterson,45.9333,-119.6
USPWM,Portland,-35.8,174.3167
USPWQ,Portland,-35.8,174.3167
USPWT,Bremerton,59.4833,10.3667
USPXD,South Padre Island,26.1,-97.15
USPY6,Paisley,28.9833,-81.5333
USPYB,Perryman,39.4667,-76.2
USPZH,Port Chicago,38.05,-122.0167
USQAC,Cato,43.1667,-76.5667
USQAI,Clare,42.0167,-88.8333
USQAP,Creekside,40.6667,-79.1833
USQCB,Claysburg,40.3,-78.45
USQCC,Chevy Chase,38.9667,-77.0833
USQCH,Carthage,43.9833,-75.6167
USQCN,Coal Center,40.0667,-79.9
USQCQ,Chautauqua,42.2,-79.4667
USQCZ,Cozad,40.85,-99.9833
USQDM,Elmont,40.7,-73.7
USQDQ,DeQuincy,30.45,-93.4167
USQDU,Lexington,39.0167,-92.4833
USQDV,Devenscrest,42.55,-71.5667
USQDY,Dolgeville,43.1,-74.7667
USQEB,Edinboro,41.8667,-80.1167
USQEI,Ewing,40.2667,-74.8
USQEO,Earlington,37.2667,-87.5
USQET,East Setauket,40.9333,-73.1
USQEV,Earlville,42.4667,-91.2667
USQEW,Erwins,42.1,-77.1333
USQEY,Eakly,35.3,-98.55
USQFA,Fort Davis,30.5833,-103.8833
USQFC,Fairmont City,41.0167,-79.3167
USQFI,Ferriday,31.6167,-91.55
USQFM,Farmington Hill,41.9167,-77.2333
USQFU,Fort Lupton,40.0833,-104.8
USQFY,Fairmont City,38.6333,-90.0833
USQGB,Grand Blanc,42.9167,-83.6167
USQGT,Garrett,41.3333,-85.1333
USQGX,Goldthwaite,31.4333,-98.5667
USQHA,Hatton,47.6333,-97.45
USQHE,Hooker,36.85,-101.2
USQHG,Huger,33.0833,-79.8
USQHH,Ambrose Channel Light,40.45,-73.8333
USQHK,Hopkinton,42.3333,-91.2333
USQHS,Mount Holly Springs,40.1167,-77.1833
USQHT,Huber Heights,39.8333,-84.1167
USQIL,Idabel,33.8833,-94.8167
USQIM,Coldwater,32.7,-89.2
USQIS,Inverness,38.1,-122.85
USQJB,Jobstown,40.0333,-74.6833
USQJC,Lake Park,43.45,-95.3167
USQJZ,Scales Mound,42.4667,-90.25
USQKC,Kimberling City,36.6333,-93.4167
USQKK,Keswick,41.45,-92.2333
USQKM,Ketchum,43.6667,-114.35
USQLF,Linn Creek,38.0333,-92.7
USQLH,Laurelville,39.4667,-82.7333
USQLI,Loves Park,42.3167,-89.05
USQLO,Leonia,40.85,-73.9833
USQLR,Laureldale,40.3833,-75.9167
USQLT,Loretto,40.5,-78.6167
USQLY,Lyles,35.9167,-87.3333
USQMC,McLeansville,36.1,-79.65
USQMK,Markleville,39.9667,-85.6
USQMM,Marne,43.0333,-85.8167
USQMU,Mantua,39.7833,-75.1667
USQMW,McCleary,47.05,-123.25
USQNE,Newportville,40.1167,-74.9
USQNM,North Miami,25.8833,-80.1833
USQNN,New Ipswich,42.7333,-71.85
USQNV,Nokesville,38.6833,-77.5667
USQOA,Olyphant,41.4667,-75.6
USQOC,Port Orchard,47.5333,-122.6333
USQOP,Oak Park,41.8833,-87.7833
USQOR,Moravia,40.8833,-92.8
USQOT,Olton,34.1833,-102.1333
USQPD,Poland,41.0167,-80.6
USQPH,Pocahontas,35.6333,-86.0333
USQPM,Pamplin,37.25,-78.6667
USQPN,Peconic,41.0333,-72.45
USQPR,Port Eads,29.0,-89.1667
USQPS,Pine Bluffs,41.1667,-104.0667
USQPX,Prosper,33.2333,-96.8
USQPY,Pine Plains,41.9667,-73.65
USQQN,River Ridge,29.95,-90.2
USQQX,Steelton,40.2333,-76.8333
USQR5,Grimes,39.0667,-121.8833
USQRI,Burlison,35.55,-89.7833
USQRL,Erial,39.7667,-75.0
USQSG,Spring Green,43.1667,-90.0667
USQSK,Saco,43.5,-70.45
USQST,Stoystown,40.1,-78.9333
USQSW,South Walpole,42.1,-71.25
USQTB,Tabor City,34.1333,-78.8667
USQTF,Three Forks Junction,45.8833,-111.5833
USQTH,Tomah,43.9667,-90.5
USQTI,Trinity,33.5833,-85.8667
USQTN,Tornillo,31.4333,-106.0833
USQTO,Tonica,41.2,-89.0667
USQTY,Terry,32.0833,-90.2833
USQUI,Quincy,39.9167,-120.9167
USQUS,Upper Saint Regis,44.4,-74.2667
USQWD,Waelder,29.6833,-97.2833
USQWL,Willimantic,41.7,-72.2
USQWW,Wynnewood,40.0,-75.2667
USQXY,Browns Mills,39.9667,-74.5833
USQYL,Loudonville,42.7,-73.75
USQZJ,Windsor,44.3,-69.5667
USQZN,New Point,37.35,-76.2833
USR2V,Rockville,37.7167,-77.6667
USR34,Rootstown,41.0833,-81.2333
USR3O,Rollinsford,43.2333,-70.8167
USR55,Rochelle,38.2833,-78.2667
USR5W,Rowena,43.5167,-96.55
USR63,Rockport,39.5333,-91.0
USR88,Rio,43.45,-89.2333
USRA3,Forest Ranch,39.8667,-121.6667
USRAF,Ringle,44.8833,-89.4167
USRAJ,Rotterdam,42.7833,-73.9667
USRBO,Rancho Bernardo,33.0167,-117.05
USRC6,Rock Creek,41.65,-80.85
USRCH,Richmond,37.55,-77.45
USRCY,Rogers City,41.8333,-71.9
USRD4,Rodeo,38.0167,-122.25
USRDK,Red Oak,41.0,-95.2167
USRF5,Red Feather Lakes,40.8,-105.5833
USRG6,River Grove,41.9167,-87.8333
USRGA,Baraga,46.7833,-88.5
USRGJ,Rivergate,45.6167,-122.7667
USRGS,Rogers,41.8333,-71.9
USRH2,Rogers Haven,38.5667,-75.1
USRHG,Rancho Mirage,33.7333,-116.4167
USRHY,Red Hill,40.3667,-75.4833
USRI4,Port Richmond,39.9833,-75.1
USRIC,Richmond,37.55,-77.45
USRIM,Rimer,40.8833,-84.2
USRJQ,Roggen,40.1667,-104.3667
USRJT,Roseton,41.5667,-74.0
USRKD,Rockland,50.5333,-4.9
USRKY,Rocky River,41.4667,-81.8333
USRL5,Starlight,38.4,-85.8833
USRLT,Roosevelt,45.7333,-120.2
USRMA,Hermann,38.7,-91.4333
USRNN,Clarendon,34.6833,-91.3
USRO2,Santa Rosa Island,33.95,-120.1
USROJ,Ronks,40.0167,-76.1667
USRP3,Rockport,44.1833,-69.0833
USRR6,Redwood Valley,39.25,-123.2
USRSG,Rosenberg,29.55,-95.8
USRSK,Rosiclare,37.4167,-88.35
USRUX,Barboursville,38.1667,-78.2667
USRV4,Saddle River,41.0167,-74.1
USRV5,Riverdale,43.2,-75.4167
USRV9,Roseville,60.1667,5.4667
USRWC,Redwood City,59.4833,10.3667
USRWK,Berwick,29.6833,-91.2167
USRWQ,Spencer,39.2833,-86.75
USRWX,Casselton,46.9,-12.65
USRXF,Rexford,48.9,-115.1667
USRXO,Clearlake Oaks,39.0333,-122.6667
USRXR,Fruitland,38.3167,-75.6167
USRYF,Rocky Face,34.8,-85.0167
USRYK,Rockaway Parks,40.5667,-73.8333
USRYN,Roslyn Heights,40.7833,-73.6333
USS2B,Salemburg,35.9333,-78.1833
USS3G,Spring Grove,37.2667,-79.85
USS44,Scio,44.7,-122.8333
USS4Y,Sarita,27.2167,-97.7833
USS67,Saint Paul Park,44.8333,-92.9833
USS7I,Sidney,37.6167,-82.35
USS7K,South Kingstown,41.4333,-71.5167
USS7T,Saint Charles,38.7833,-90.5
USS7Y,Smyrna,34.75,-76.5167
USS8K,South Salt Lake,40.7167,-111.8833
USS8T,Stony Point,41.2167,-73.9833
USSA3,Saint Albans,38.3833,-81.8167
USSA6,Santee,33.4667,-80.4833
USSAC,Sacramento,38.5667,-121.4833
USSAN,San Diego,32.7,-117.15
USSAV,Savannah,35.2167,-88.2333
USSBA,Santa Barbara,42.0833,19.0833
USSBB,Sabina,39.4833,-83.6333
USSBQ,Ship Bottom,39.65,-74.1833
USSCK,Stockton,37.95,-121.2833
USSE3,Soap Lake,47.3833,-119.4833
USSE4,Sedan,37.1167,-96.1833
USSFO,San Francisco,19.3,-70.25
USSG3,Spring Grove,42.4333,-88.1833
USSGI,Sterling,41.7833,-89.6833
USSGN,Stonington,41.3333,-71.9
USSGY,Skagway,49.05,4.0
USSI2,Sledge Island,64.4833,-166.2
USSI7,Sierra Vista,37.15,-120.2833
USSIB,Silver Bay,49.05,4.0
USSJC,San Jose,9.9333,-84.0833
USSK3,Summerland Key,24.65,-81.45
USSK4,Smackover,33.35,-92.7167
USSKT,Stickney,41.8167,-87.7667
USSKY,"Sandusky, Erie",41.4333,-82.7
USSKZ,Saint Clair,40.7167,-76.1833
USSLM,Salem,39.6833,2.8333
USSO9,Stookey,38.5,-90.0833
USSOH,South Haven,34.9833,-90.1167
USSP2,Sagaponack,40.9167,-72.2833
USSPQ,San Pedro,-33.6833,-59.1667
USSPT,South Saint Paul,44.8833,-93.05
USSR4,Shalimar,30.45,-86.5833
USSR9,Stansbury park,40.6333,-112.2833
USSRE,Saint Rose,29.95,-90.3167
USSRN,Saranac,42.9167,-85.2
USSRU,Santa Cruz,-50.0167,-68.4167
USSS3,Somerset,41.7333,-71.1667
USST9,Saint George,44.0167,-69.1833
USSTG,Saint George Island,32.3833,-64.6833
USSTH,Saint Helens,53.45,-2.7333
USSTL,Saint Louis,38.6167,-90.1833
USSTP,Saint Paul,44.5167,6.75
USSTZ,Scottsdale,33.5,-111.8833
USSUL,Port Sulphur,29.4667,-89.6833
USSUT,Sunny Point,33.9833,-77.95
USSUW,Superior,43.45,-89.2333
USSUX,Sioux City,42.5167,-96.4667
USSYP,Sandy Point,40.85,-73.7167
UST2R,Trempealeau,44.3333,-91.5167
UST5W,Tow,30.8833,-98.4667
UST9X,Millican,30.4667,-96.2
USTA2,Talihina,34.75,-95.0333
USTA3,Tahuya,47.3667,-123.05
USTAJ,Alta Loma,34.1167,-117.5833
USTAW,Matawan,40.4,-74.2167
USTB3,Tabor,42.9333,-97.65
USTBH,Atlantic Beach,34.7,-76.7333
USTBJ,Tanaga Bay,51.7333,-178.0333
USTBW,Point Barrow,71.2833,-156.6667
USTBZ,Tubac,31.6167,-111.05
USTC4,Town and Country,38.6,-90.45
USTCH,Taconite Harbor,47.5167,-90.9167
USTDI,Tatoosh Island,48.3833,-124.7333
USTE8,Tyee,57.05,-134.55
USTEP,Stephentown,42.5333,-73.3667
USTFG,Trafalgar,39.4,-86.15
USTFO,Stratford,44.8,-90.0667
USTFR,Transfer,41.3167,-80.4167
USTFT,Taft,29.9833,-90.4333
USTGB,Indian Mills,39.7833,-74.7333
USTHF,Thompson Falls,47.6,-115.35
USTHN,Athena,45.8,-118.4833
USTHU,Croton-on-Hudson,41.2,-73.8833
USTIE,Wolcottville,41.5167,-85.3667
USTIS,Stillwater,45.05,-92.8
USTIW,Tacoma,47.0833,18.4
USTJB,Brilliant,40.25,-81.2167
USTJJ,Platte,39.35,-94.7667
USTK9,Stockett,47.35,-111.1667
USTKN,Tomkins Cove,41.25,-73.9833
USTL8,Tillson,41.8167,-74.0667
USTLQ,Hilton,43.2833,-77.6167
USTMM,Tamms,37.2333,-89.2667
USTMN,Trumann,35.6667,-90.5
USTMZ,Tecumseh,36.5833,-92.3
USTNE,Tavernier,25.0,-80.5167
USTNI,Tunica,34.6833,-90.3667
USTNV,Triangle,38.55,-77.3333
USTO3,Corralitos,36.9833,-121.8
USTOU,Saint Johnsville,43.0,-74.6833
USTOZ,Low Moor,37.7833,-79.8833
USTP2,Tupper Lake,44.2167,-74.4667
USTPC,Cape Carteret,34.6833,-77.0667
USTPS,Thompson,41.6833,-81.05
USTPW,Thompsontown,40.8167,-78.6167
USTQT,Tionesta,41.4833,-79.45
USTRK,Tamarac,26.2,-80.25
USTRY,Troy,42.7167,-73.6833
USTS4,Chatsworth,40.75,-88.2833
USTSA,Savannah,35.2167,-88.2333
USTSI,Tishomingo,34.25,-96.6833
USTSL,Ten Sleep,44.0333,-107.45
USTSN,Fort Snelling,44.9,-93.1667
USTSO,Lost Hills,35.6167,-119.6833
USTSX,Mauston,43.8333,-90.6333
USTSZ,Bronston,36.9833,-84.6167
USTT9,Tuscan,42.5833,-74.7667
USTTS,Scottsville,37.7833,-78.4833
USTTV,"Tottenville, Staten Island",40.5167,-74.25
USTUB,Boutte,29.9,-90.3833
USTUV,Gertrude Cove,51.9333,177.45
USTW2,Twin Lake,43.35,-86.15
USTWD,Port Townsend,30.8833,-98.4667
USTWM,"Stewart, McLeod",44.7167,-94.35
USTWZ,Tarrytown,41.0667,-73.8667
USTX3,Fairview,32.5,-97.8
USTXQ,Noti,44.05,-123.4333
USTXU,Garden City,44.5,-114.2167
USTXX,Powderly,33.8,-95.5167
USTYY,East Troy,42.7833,-88.4
USU3V,Weybridge,44.05,-73.2
USUA7,Laurelton,40.6667,-73.75
USUCR,Urbancrest,39.9,-83.0833
USUDC,Cumberland City,36.3833,-87.6167
USUFG,Chesapeake,-8.5667,118.9833
USUGE,Council Grove,38.6667,-96.5
USUGN,Waukegan,42.35,-87.8333
USUHI,Unity,44.6,-69.3333
USUHO,North Monmouth,44.2667,-70.0167
USUIT,Susitna,61.5333,-150.5
USUKK,University Park,32.85,-96.8
USULO,Bunola,40.2333,-79.95
USUMO,Cataumet,41.6667,-70.6167
USUMQ,Mecosta,43.6167,-85.2167
USUO4,Woodfin,35.6333,-82.5833
USUQQ,Tulalip,48.0667,-122.2833
USURE,Laurel,38.55,-75.5667
USURR,Port Murray,40.7833,-74.9
USUSA,Bourbonnais,41.15,-87.8833
USUSB,"Curtis Bay, Baltimore",39.2167,-76.5833
USUT2,Uniontown,37.7667,-87.9333
USUTA,Tchula,33.1833,-90.2167
USUTS,Saint Louis,30.25,-91.2333
USUWC,Uwchland,40.0667,-75.6833
USUWH,South Windham,41.6833,-72.1667
USUXX,Uxbridge,42.0667,-71.6167
USUXZ,Port Chester,40.6167,-80.5667
USUYU,Staten Island,40.5833,-74.15
USV7X,Croxton,40.7333,-74.05
USVAN,Vancouver,49.3333,-123.15
USVAU,Augusta Springs,38.1,-79.3167
USVBE,Van Buren,42.6667,-90.7167
USVDZ,Valdez,61.1,-146.2
USVE9,Vermilion,41.4167,-82.35
USVED,Vineyard,40.3167,-111.75
USVFR,Ansonville,35.1,-80.1
USVGS,Vanceburg,38.6,-83.3167
USVIR,Viroqua,43.55,-90.8833
USVIX,Viola,30.45,-40.2167
USVJ2,Villard Junction,46.1667,-119.0
USVKB,Vicksburg,42.1167,-85.5167
USVKS,Vicksburg,42.1167,-85.5167
USVKY,Silver Grove,39.0333,-84.3833
USVLS,Van Alstyne,33.4167,-96.5667
USVMD,Vienna,38.4833,-75.8167
USVN3,Venice,29.2667,-89.35
USVNT,Ventura,34.2667,-119.2833
USVOT,Violet,29.8833,-89.8833
USVOW,Stow,42.15,-79.4
USVQV,Nashville,42.6,-85.0833
USVR9,Augusta,38.5667,-90.8667
USVRD,Riverside,41.3833,-73.1667
USVSE,Riverside,41.7667,-71.35
USVTD,Wilder,43.6667,-72.3167
USVTP,Portville,42.0333,-78.3333
USVTT,Lovettsville,39.2667,-77.6333
USVVC,Terra Bella,35.95,-119.0333
USVVZ,Centre Hall,40.8333,-77.6833
USVWR,Warren,45.8167,-122.85
USVXJ,Claves,40.5333,-84.7333
USVZZ,Goochland,37.6833,-77.8833
USW26,Willow Park,32.75,-97.65
USW6T,Ceredo,38.3833,-82.55
USW9A,Washington Terrace,41.1667,-111.9667
USWA4,Walsh,37.3833,-102.2667
USWA7,Wakeman,41.25,-82.3833
USWAB,Washington,33.7333,-82.7333
USWBM,West Boylston,42.3667,-71.7833
USWC4,Wicomico Church,37.8167,-76.4
USWCO,Welcome,35.9,-80.25
USWCP,Wicker Park,41.9,-87.6667
USWCW,Lake Waccamaw,34.3167,-78.5
USWDZ,Woodside,37.4333,-122.2667
USWE2,Westerlo,42.5,-74.0333
USWEP,Westampton,40.0167,-74.8333
USWEQ,West Allis,43.0167,-88.0
USWFB,Wolfeboro,43.5833,-71.2
USWG2,Waggaman,29.9167,-90.2
USWGB,"Winnebago, Faribault",43.7667,-94.1833
USWGX,Wingate,32.05,-100.1167
USWH7,Waianae,21.4333,-158.1833
USWKT,Whitakers,36.1,-77.7
USWLQ,West Long Branch,40.2833,-74.0167
USWMA,Wilma,46.6667,-117.1333
USWMJ,Windham,41.7,-72.15
USWMP,Whitmore Lake,43.4167,-75.9
USWMU,West Yarmouth,41.65,-70.25
USWNF,Wisconsin Dells,43.6167,-89.7667
USWNH,Wentworth,43.8667,-71.9167
USWNK,Winooski,44.4833,-73.2
USWNS,Winsted,41.9167,-73.05
USWO4,Birnamwood,44.9333,-89.2
USWO7,Woodgate,43.5167,-75.15
USWOT,West Point,41.3833,-73.95
USWOV,Woodsville,44.1333,-72.0167
USWPB,Wills Point,29.75,-90.0
USWPF,Waterproof,31.8,-91.3667
USWPT,Westport,39.6333,-123.7667
USWQA,Whitman,42.0833,-70.9333
USWQU,Wauna Range,46.15,-123.4
USWQZ,Wintersville,40.3667,-80.7
USWR3,West Portsmouth,38.75,-83.0167
USWR4,Wading River,40.95,-72.8333
USWRP,Winterthur,39.8,-75.6167
USWTN,Wilmington,33.7667,-118.2667
USWTU,Wartburg,36.1,-84.5833
USWU7,Walnut,41.4667,-95.2167
USWUP,Waupaca,44.35,-89.0833
USWUR,Wurtland,38.55,-82.7667
USWUS,Williamsburg,41.6667,-92.0167
USWVA,Water Valley,34.15,-89.6167
USWW9,Wadmalaw Island,32.6667,-80.1667
USWWI,Weyauwega,44.3167,-88.9167
USWXB,White Oak,40.3333,-79.8
USWXS,Wrightstown,44.3167,-88.1667
USWY2,Wadley,33.1167,-85.5667
USWY7,Weston,44.6333,-105.3333
USWZS,Warsaw,38.7833,-84.9
USXAE,Camden,39.1167,-75.5333
USXAK,Alva,36.8,-98.65
USXAM,Alma,44.3167,-91.9167
USXAR,Starr,34.3667,-82.6833
USXAS,Freeport,30.4833,-86.1333
USXBW,Webb City,37.1333,-94.45
USXEH,Erie,40.05,-105.05
USXFO,Fort Atkinson,42.9333,-88.8333
USXKW,Kirkwood,38.5833,-90.4
USXLT,Locust,40.3833,-74.0333
USXMY,Clallam Bay,48.2667,-124.2667
USXNA,Sayreville,40.45,-74.35
USXNW,New Madrid,36.5833,-89.5167
USXOR,Oberlin,41.2833,-82.2167
USXOT,Scott,33.5833,-91.0667
USXPE,Perdue Hill,31.5,-87.4833
USXPG,"Springville, Suffolk",40.8667,-72.5333
USXPT,Portola Valley,37.3833,-122.2333
USXPY,Cape Henry,36.9167,-76.0167
USXRA,Ravena,42.4667,-73.8167
USXRC,Rainbow City,33.95,-86.0333
USXRT,Rock Tavern,41.45,-74.1833
USXSD,Castle Island,57.0833,-178.1333
USXSG,Sagola,46.0833,-88.0667
USXSH,Shingle Springs,38.65,-120.9167
USXSI,Shelter Island,41.0667,-72.3333
USXSJ,South Jordan,40.55,-111.9167
USXSK,Shaker Heights,41.4667,-81.5333
USXSS,Cassville,36.6833,-93.8667
USXSY,Short Hills,40.7333,-74.3167
USXTE,Timmonsville,34.1333,-79.9333
USXTK,Chetek,45.3167,-91.65
USXTM,Saint Thomas,39.9167,-77.7833
USXTN,Tiburon,37.8667,-122.45
USXTR,West Rutland,43.5833,-73.0333
USXTS,Tams,37.65,-81.3
USXTY,Tuckahoe,40.8833,-72.4
USXUY,Mapleton,43.9167,-93.95
USXVB,Hawthorne,28.75,-81.8667
USXVN,Silverton,45.0,-122.7667
USXVR,Clover,44.0333,-87.7
USXWE,White Lake,45.15,-88.75
USXWO,Wolcott,41.6,-72.9833
USXWT,Whitestown,39.9833,-86.3333
USXXL,Ladera Ranch,34.25,-117.6333
USXXO,Spotsylvania,38.2,-77.5833
USXXX,Mexico,44.65,-70.5333
USXXY,East Leroy,42.9667,-85.2167
USXY2,Birmingham,41.3167,-82.35
USXYB,Byron,42.1167,-89.25
USXYS,Murrysville,40.4167,-79.6833
USXYT,Wyatt,41.5167,-86.1667
USXZA,Cedar Grove,39.2167,-81.5
USXZD,Frederick,40.3,-75.5167
USXZS,Mound House,39.2,-119.6667
USXZW,Willianstown,43.4167,-75.8833
USYAN,Alanson,45.4333,-84.7833
USYAO,Aurora,39.05,-84.9
USYAS,Aransas Pass,27.9,-97.15
USYAZ,Yazoo City,32.85,-90.4
USYBD,Belden,34.3,-88.7833
USYBG,Bongards,44.75,-93.8333
USYBN,Boylston,42.3833,-71.7
USYBY,Bonifay,30.7833,-85.6667
USYBZ,Bay City,44.6,-92.45
USYCD,Cathedral City,33.7833,-116.4667
USYCE,Carver,41.8833,-70.7667
USYCG,Cedar Grove,36.1667,-79.1667
USYCK,Clatskanie,46.1,-123.2
USYCP,Central Point,42.3833,-122.9167
USYCU,Columbia Falls,48.3667,-114.1667
USYCZ,Cadiz,36.8667,-87.8167
USYDE,Dale,44.2667,-88.6667
USYDO,Orondo,47.6167,-120.2167
USYDP,Delhi,42.2833,-74.9333
USYEB,Ellenboro,35.3167,-81.75
USYEC,Winneconne,44.1167,-88.7333
USYEJ,Keyes,37.55,-120.9
USYEM,Emory,32.8667,-95.75
USYEP,East Palestine,40.8333,-80.5333
USYER,Sisters,44.2833,-121.5333
USYFA,Florida City,25.45,-80.4833
USYFQ,Lafayette,45.2333,-123.1
USYFX,Fox Lake,43.55,-88.9
USYFZ,Frazeysburg,40.1167,-82.1167
USYGL,Glennville,31.9333,-81.9167
USYGS,Groves,29.9333,-93.9167
USYHB,Heyburn,42.55,-113.75
USYHE,Cowiche,46.6667,-120.7
USYHM,Holmes,41.5167,-73.6333
USYHR,Hebron,40.1667,-97.6
USYIG,Ingleside,27.8667,-97.2
USYIL,Indialantic,28.0833,-80.5667
USYKB,York Beach,43.1667,-70.6
USYKL,Hoyt Lakes,47.5167,-92.1167
USYL2,Peach Bottom,39.75,-76.2667
USYL9,Sylvania,41.7167,-83.7
USYLB,Lebec,34.8333,-118.85
USYLD,Lind,46.9667,-118.6
USYLO,Logan Township,39.7833,-75.35
USYLP,Lake Providence,32.8,-91.1667
USYLR,Littlerock,34.5167,-117.9667
USYLT,Lanett,32.85,-85.1833
USYLU,Lula,34.3833,-83.65
USYLY,West Sayville,40.7333,-73.1
USYMD,Madison Park,47.6333,-122.2667
USYMK,Murdock,40.9167,-96.2667
USYMR,Mosier,45.6833,-121.3833
USYMV,Mount Vernon,42.75,-78.8833
USYNA,Naches,46.7167,-120.6833
USYNJ,Columbia,40.9333,-75.1
USYNN,Glenndale,38.9667,-76.8
USYNO,North Woodstock,44.0167,-71.6833
USYOB,Oakboro,35.2167,-80.3167
USYOC,Lincoln City,44.9667,-124.0167
USYOK,Yoke Bay,52.0167,-176.0333
USYOQ,Ogunquit,43.25,-70.6
USYP5,Purchase,41.0333,-73.4
USYPB,Peterborough,42.8667,-71.95
USYPF,Pigeon Forge,35.7833,-83.55
USYPH,Philomath,44.5333,-123.35
USYPN,Pine Bush,41.6,-74.2833
USYPR,Port Republic,38.3,-78.8167
USYRD,Runnemede,39.85,-75.0667
USYRE,Morehouse,36.8333,-89.6833
USYRF,Ruffin,33.0,-80.8
USYRG,Ragland,33.7333,-86.15
USYRO,Raytown,39.0,-94.45
USYRP,Rapidan,38.3,-78.05
USYRX,Star,35.4,-79.7833
USYRY,Reynoldsville,41.0833,-78.8833
USYSB,Sebree,37.6,-87.5167
USYSC,Chelsea,33.3333,-86.6167
USYSD,Shedd,44.45,-123.1
USYSG,Sandy Springs,33.9167,-84.3667
USYSH,Shamokin,40.7833,-76.55
USYSJ,Saint Joseph,31.9167,-91.2333
USYSK,Smokey Point,48.15,-122.1667
USYSP,Sproul,40.2667,-78.45
USYSS,Soda Springs,42.65,-111.6
USYST,Winchester,47.25,-119.7167
USYSV,Smelterville,47.5333,-116.1667
USYSY,South Glastonbury,41.6833,-72.5833
USYTA,"Tallassee, Elmore",32.5333,-85.8833
USYTC,Tri-Cities,46.25,-119.1167
USYTH,Bothell,47.75,-122.2
USYTJ,Bartow,38.5333,-79.7833
USYTL,Talent,42.2333,-122.7833
USYTO,Tomhicken,40.9667,-76.0833
USYTW,Youngstown,43.2333,-79.05
USYU5,Cayucos,35.4333,-120.8833
USYUD,Naples,43.9667,-70.6
USYUG,Union Gap,46.55,-120.4667
USYUP,Upper Brookville,40.8333,-73.55
USYVI,Vashon Island,47.4167,-122.4667
USYVO,Lynnhaven Roads,36.9333,-76.1
USYVR,Varnell,34.9,-84.9667
USYWA,Willacoochee,31.3333,-83.0333
USYWD,Ward,33.85,-81.7167
USYWE,West Homestead,40.3833,-79.9
USYWH,Whately,42.4333,-72.6333
USYWI,Wilcox,41.5667,-78.6833
USYWR,Woolrich,41.1833,-77.3667
USYWW,Cokeville,42.0667,-110.2667
USYWZ,Wayzata,44.9667,-93.5
USYXB,Cypress Bend,33.6,-91.2
USYYG,Grayson,33.8833,-83.95
USYYX,Bel Ridge,38.7,-90.3167
USZ4X,Sheldon,45.3,-90.95
USZAD,Alvarado,32.4,-97.2
USZAL,Waverly Hall,32.6833,-84.7333
USZAN,Mabton,46.2,-119.9833
USZAO,Taintor,41.5,-92.7333
USZAY,Marcy,43.1667,-75.2833
USZBA,Bunker Hill,39.0333,-89.95
USZBI,Bolton Landing,43.55,-73.65
USZBK,Rhinebeck,41.9167,-73.9
USZBP,Bastrop,30.1167,-97.3167
USZCB,Cibolo,29.5667,-98.2333
USZCC,Clara City,44.95,-95.3667
USZCE,Creedmoor,36.1167,-78.6833
USZCG,Childersburg,33.2833,-86.35
USZCS,Clawson,42.5333,-83.1333
USZCT,Centralia,39.2167,-92.1333
USZCV,Coal Valley,41.4167,-90.45
USZCW,Cromwell,41.6,-72.65
USZCY,Clancy,46.4667,-111.9833
USZCZ,Cazenovia,42.9333,-75.85
USZDC,Clarendon Heights,41.7833,-79.1
USZDE,Dolores,37.4667,-108.5
USZDG,West Reading,40.3333,-75.9333
USZDQ,Duquesne,40.3667,-79.85
USZDS,Sands Point,40.85,-73.7167
USZDZ,Dutzow,38.6,-90.9833
USZEC,Commerce,34.2,-83.45
USZEF,East Falmouth,41.5667,-70.55
USZEH,Helen,34.7,-83.7167
USZEM,Elkmont,34.9167,-86.9667
USZEN,Ellettsville,39.2333,-86.6167
USZEO,Excelsior Springs,39.3333,-94.2167
USZEP,East Walpole,42.15,-71.2
USZET,Ellington,41.9,-72.4667
USZEV,Ellaville,32.2333,-84.3
USZEW,Ellenwood,33.6,-84.2833
USZFI,"Fisher Island, Miami",25.7667,-80.1333
USZFM,Fruitland,38.3167,-75.6167
USZGE,Glidden,46.1333,-90.6
USZGG,Beggs,35.75,-96.0667
USZGN,North Grosvenor Dale,41.9833,-71.8833
USZGP,Grosse Ile,51.7667,5.5333
USZGQ,Galeton,41.7167,-77.6333
USZGT,Charleston Heights,32.85,-79.9667
USZGU,Ferguson,38.7333,-90.3
USZGZ,Geneseo,41.4333,-90.15
USZHB,Sabetha,39.9,-95.8
USZHE,Okarche,35.7167,-97.9667
USZHM,Hilmar,37.4,-120.8333
USZHT,Hoisington,38.5167,-98.7667
USZHU,Hasbrouck Heights,40.85,-74.0667
USZHW,Harwood,38.85,-76.6167
USZIC,Rickreall,44.9167,-123.2167
USZIK,Inkom,42.7833,-112.25
USZIW,Winter Springs,28.6833,-81.3
USZIX,Middle Island,40.8833,-72.9333
USZJ9,Jeffersonville,37.9667,-83.8333
USZKL,Tarpon Springs,28.75,-28.75
USZKN,Dickson,36.0667,-87.3833
USZLG,Lake Garfield,27.8833,-81.75
USZLO,Glen Flora,45.4833,-90.5833
USZLP,Circle Pines,45.15,-93.15
USZLT,League City,29.5,-95.0833
USZLW,Longmeadow,42.05,-72.5833
USZMG,Miami Gardens,25.9667,-80.2
USZMP,Newburyport,42.8,-70.8667
USZMQ,Manasquan,40.1167,-74.0333
USZMU,Murphy,35.0833,-84.0333
USZMW,Muldrow,35.4,-94.5833
USZMY,Manheim Center,43.0333,-74.7833
USZNH,Tenants Harbour,43.95,-69.2167
USZNR,North Royalton,41.3,-81.7167
USZNT,Tryon,35.2,-82.2333
USZOD,Oviedo,28.6667,-81.2
USZOH,Mohnton,40.2833,-75.9833
USZOI,Charleroi,40.1333,-79.9
USZOP,Satsop,47.0,-123.4667
USZOR,Sarasota,27.3333,-82.5333
USZOT,Olivette,38.65,-90.3667
USZOW,Ooltewah,35.0667,-85.05
USZPB,Pembroke Park,25.9833,-80.1667
USZPP,Hollsopple,40.2,-78.9167
USZPT,Portageville,42.5667,-78.0333
USZPU,Maple Bluff,43.1167,-89.3667
USZPW,Powhatan,37.5333,-77.9167
USZQC,Clinchfield,32.4167,-83.6333
USZQE,Quarryville,39.8833,-76.15
USZQU,Queen City,33.1333,-94.15
USZQZ,Coalfield,36.0167,-84.4167
USZR9,Zirconia,35.2333,-82.4
USZRB,Riverbank,37.7333,-120.9333
USZRC,Cramerton,35.2333,-81.0667
USZRE,Rowlett,32.9,-96.55
USZRH,Center Hill,28.65,-82.0
USZRR,Carrboro,35.9167,-79.0833
USZRY,Rye,40.9667,-73.6833
USZS2,Swoope,38.15,-79.2
USZSB,Stevensburg,38.4333,-77.9
USZSD,Sutherland,37.1833,-77.55
USZSG,Spring Grove,39.8667,-76.85
USZSI,San Acacio,37.2,-105.55
USZSO,Sherborn,42.2333,-71.3667
USZSP,Stephen,48.45,-96.8667
USZST,Stormville,41.5667,-73.7333
USZSU,Sugarcreek,40.5,-81.6333
USZTB,East Bloomfield,42.8833,-77.4333
USZTG,Tangent,44.5333,-123.1
USZTK,Winnetka,42.1,-87.7333
USZTP,White Pine,46.75,-89.5833
USZTR,Tillar,33.7,-91.45
USZTU,Toughkenamon,39.8167,-75.75
USZUC,Union Center,43.6833,-90.2667
USZUM,Zumbrota,44.2833,-92.6667
USZVA,Silva,37.1667,-90.4667
USZVB,Brownsville,43.6167,-88.4833
USZVY,Eden Valley,45.3167,-94.5333
USZWB,Breezewood,57.65,-78.2333
USZWC,New Columbia,41.0333,-76.8667
USZWK,Wyckoff,41.0,-74.1667
USZWM,McEwen,36.1,-87.6167
USZWZ,Premont,27.35,-98.1167
USZXE,Mer Rouge,32.7667,-91.7833
USZXQ,Westover,38.1167,-75.7
USZXZ,San Lucas,36.1167,-121.0167
USZYF,Forsyth,33.0333,-83.9333
USZYH,York Harbor,43.1333,-70.6333
USZYI,Tybee Island,32.0,-80.8333
USZYK,Keysville,39.6333,-77.25
USZYL,Edson,39.3333,-101.5333
USZYN,Cheyenne Wells,38.8167,-102.35
USZYT,Ladysmith,45.45,-91.1
USZYX,South Hamilton,42.6,-70.8667
USZYY,Suttons Bay,44.9667,-85.65
USZZB,Bogart,33.9333,-83.5333
USZZC,Corolla,36.3833,-75.8333
USZZH,Northport,45.1167,-85.6167
USZZX,Emerald Isle,46.1333,-93.4833
UYCPP,Cuenca del Plata,-14.6167,-44.1167
UYCYR,Colonia,-25.1667,-57.55
UYFZB,Fray Bentos,49.05,4.0
UYJLC,Juan L. Lacaze,-34.4333,-57.45
UYMVD,Montevideo,59.4667,17.3833
UYNVP,Nueva Palmira,38.35,15.85
UYPDU,Paysandu,49.05,4.0
UYPIR,Piriapolis,-34.8667,-55.2667
UZAKT,Akaltyn,41.4333,61.0667
UZASA,Asaka,40.6333,72.2333
VCBQU,"Port Elizabeth, Bequia",13.0,-61.2167
VCCAN,Canouan Island,12.7167,-61.3167
VCCRP,Campden Park,13.1667,-61.2333
VCGRG,Georgetown,13.2667,-61.1167
VCKTN,Kingstown,13.1333,-61.2167
VCMQS,Mustique Island,43.7333,4.2
VCUNI,Union Island,59.4667,17.3833
VEAMY,Amuay,49.05,4.0
VEARA,Araya,49.05,4.0
VECAR,Caripito,10.1333,-63.0333
VECBL,Ciudad Bolivar,8.1167,-63.55
VECBS,Cabimas/Maracaibo L,4.2167,7.3833
VECGU,Ciudad Guayana,49.05,4.0
VECHQ,Chiquinquira,10.4333,-71.6333
VECMR,Puerto Cumarebo,11.4833,-69.35
VECZE,Coro,-35.05,138.6167
VEELC,El Chaure,10.25,-64.6167
VEGUA,Guaranao,11.7,-70.15
VEGUB,Guaranao Bay,49.05,4.0
VEGUT,Guanta,9.45,8.4667
VEJOT,Jose Terminal,10.1,-64.85
VELAG,La Guaira,-24.0833,-54.2333
VELEC,La Estacada,47.0833,18.4
VELSV,La Salina/Maracaibo L,43.9333,15.1667
VEMAR,Maracaibo,9.7833,-71.0667
VEMOR,Moron,10.4833,-68.2
VEMTV,Matanzas,30.45,-9.65
VEPAR,Paradero,50.35,-4.7167
VEPBL,Puerto Cabello,51.2167,5.8
VEPCN,Punta Cardon,11.65,-70.2167
VEPCO,Puerto Carenero,10.4833,-64.1667
VEPCT,Paracotos,10.2667,-66.95
VEPCZ,Puerto La Cruz,28.4167,-16.55
VEPFI,Punto Fijo,11.6833,-70.1833
VEPLA,Palua,8.35,-62.6667
VEPLV,Punta de Palmas,40.4167,-75.5333
VEPMR,Palmarejo/Maracaibo L.,-21.5,167.9833
VEPPZ,Puerto Paez,6.2167,-67.45
VEPRC,Paraguana Refinery Center,11.6167,-70.2333
VEPSU,Puerto Sucre,59.4833,10.3667
VEPTZ,Petrozuata,10.15,-64.85
VEPYH,Puerto Ayacucho,49.05,4.0
VESFD,San Fernando de Apure,36.4667,-6.2
VESLV,San Lorenzo/Maracaibo L,9.7833,-71.0667
VEYUR,Urena,7.9167,-72.45
VGJVD,Jost Van Dyke,18.45,-64.7333
VGNIS,Norman Island,18.3167,-64.6167
VGPUR,Port Purcell,18.4167,-64.6
VGRAD,"Road Town, Tortola",18.4167,-64.6167
VGSHO,Sopers Hole,18.3833,-64.7
VICHA,"Charlotte Amalie, Saint Thomas",59.05,12.7
VICTD,"Christiansted, Saint Croix",17.75,-64.75
VICZB,"Cruz Bay, Saint John",18.3333,-64.8
VIENP,Enighed Pond,59.4667,17.3833
VIHOC,Hovic,49.85,13.9833
VILIB,Limetree Bay,49.05,4.0
VIPAX,Port Alucroix,17.7,-64.7667
VISTT,Saint Thomas,18.35,-64.9333
VNBAN,Cam Lam,11.9,109.15
VNBCD,Ben Dam Con Dao Terminals,8.65,106.55
VNBDG,Binh Duong Terminal,10.9,106.8333
VNBDU,Binh Duong,59.4667,17.3833
VNBEN,Benthuy,50.5167,5.2333
VNBHO,Bach Ho,9.8333,108.0
VNBLG,Binh Long Port,10.5667,105.25
VNBMH,Binh Minh,10.3333,105.8167
VNBNG,Ben Nghe,10.75,106.7333
VNBNO,Ba Ngoi,11.9,109.15
VNBSE,Bong Sen,10.6833,106.7667
VNC8Q,Chu Lai,15.4667,108.6167
VNCCA,Cua Cam Terminal,20.8667,106.6833
VNCCU,Cai Cui Port,9.9833,106.5
VNCLI,Cat Lai,10.7667,106.7833
VNCLO,Culao,18.8,105.7
VNCMT,Cai Mep International Terminal,10.5167,107.0
VNCMY,Chan May Port,16.3333,108.0
VNCSG,Sai Gon Port,10.8333,106.75
VNCUA,Cua Lo,18.8167,105.7167
VNCUV,Cua Viet Port,16.9,107.1667
VNCVE,Chua Ve Terminal,20.8667,106.7
VNDAD,Da Nang,16.0667,108.2167
VNDMO,Dam Mon,12.6667,109.4
VNDN3,Dong Hai,18.1667,106.2833
VNDNA,Dong Nai,18.0833,106.3167
VNDOH,Dong Hoi,59.4667,17.3833
VNDQT,Dung Quat,15.3833,108.8
VNDTH,Dong Thap,10.4833,105.5667
VNDTS,Tien Sa Terminal,16.1167,108.2
VNDVU,Dinh Vu Terminal,20.9,106.7667
VNDXA,Doan Xa Terminal,20.8667,106.6833
VNDXN,Dong Xuyen Port,10.4,107.1
VNGDA,Go Dau A Terminal,10.65,107.0167
VNGDB,Go Dau B Terminal,10.6167,107.0167
VNHAN,Hanoi,21.0333,105.85
VNHCH,Hon Chong,59.4667,17.3833
VNHDG,Hai Duong,59.4667,17.3833
VNHLG,Ha Long,20.95,107.0667
VNHLP,Hon La Port,17.9333,106.5167
VNHNH,Bong Son,14.4333,109.0167
VNHON,Hongai,59.4667,17.3833
VNHPH,Haiphong,20.85,106.6833
VNHPP,Tan Cang Hiep Phuoc Port,10.6333,106.7167
VNHSN,Hai Son,16.1,108.2333
VNHUI,Hue,-43.0,-73.55
VNIPH,Phuoc Long ICD,10.7,106.95
VNITX,ICD TRANSIMEX THU DUC,10.8333,106.75
VNKHU,Khonh Hung,59.4667,17.3833
VNKYH,Ky Ha Terminal,15.4833,108.6833
VNKYQ,Ky Ha Quang Nam Terminal,15.4667,108.6833
VNLAP,Long An International Port,10.5333,106.7333
VNLBN,Long Binh,11.25,107.5
VNLBT,Long Binh Tan,10.9333,106.8333
VNLMP,Vietnam Lee & Man Port,28.3,103.8333
VNLPO,Lotus Port,10.7333,106.7333
VNLTH,Long Thanh,10.7833,106.95
VNMOC,Mong Cai,59.4667,17.3833
VNMTH,My Thoi,10.35,106.35
VNMUT,My Tho,10.35,106.35
VNNCN,Nam Can Port,8.8167,105.0167
VNNGH,Nghi Son,19.3333,105.8333
VNNGT,Nghe Tinh,20.4,106.15
VNNHA,Nha Trang,7.55,99.6
VNNHD,Nam Hai Dinh Vu Port,20.8167,106.85
VNNHT,Nhon Trach,10.7167,106.85
VNNIH,Ninh Hoa,12.4833,109.1333
VNNVT,Nguyen Van Troi Port,16.05,108.2167
VNOCL,Cat Lai Oil Port,10.7333,106.7667
VNONB,Nha Be Oil Port,10.7,106.7333
VNOSP,Saigon Petro Oil Terminal,10.75,106.7833
VNOTW,B12 Oil Terminal,20.95,103.05
VNPHB,Phu Bai,16.3667,107.7333
VNPHG,Phuoc Long,10.7167,106.95
VNPHU,Phu My,10.6,107.0167
VNPQC,Phu Quoc,10.2167,103.9667
VNQBH,Quang Binh,17.5,106.3333
VNQNH,Quang Ninh,17.4,106.6333
VNQNT,Tan Cang Qui Nhon,13.7667,109.8333
VNQUL,Quang Long,59.4667,17.3833
VNRDG,Rang Dong,10.0,108.3333
VNRQU,Rao Qua,18.45,105.3167
VNSAD,Sa Dec,10.3,105.7667
VNSDP,Son Duong Port,18.1,106.45
VNSGN,Ho Chi Minh City,10.7667,106.6667
VNSH9,Song Han 9,16.05,108.2167
VNSIT,Saigon ITV/Phu My,10.6,107.0167
VNSON,Song Doc,7.15,104.0833
VNSPC,Hiep Phuoc Port,10.6333,106.75
VNSTD,Su Tu Den,10.4167,108.4
VNSTR,ICD Sotrans,10.8167,106.75
VNTCG,Tan Cang,10.6333,106.7167
VNTCN,Tan Canh,14.65,107.8333
VNTHD,Thu Dau Mot,10.9667,106.65
VNTHU,Thuan An,15.5,108.6667
VNTMT,Tan Cang - Mien Trung Terminal,13.7667,109.2333
VNTNA,Thi Nai Port,13.7667,109.25
VNTNO,Tra Noc,10.1,105.7
VNTOT,Cai Mep,10.3833,107.0833
VNTPP,Thanh Phuoc Port,11.0667,106.8
VNTRE,Ben Tre,10.2333,106.3833
VNTTD,Tan Thuan Dong,10.7333,106.7167
VNTVN,Transvina Terminal,20.8667,106.6833
VNUIH,Quy Nhon,13.7667,109.2167
VNVAG,Vung Ang,18.0667,106.4333
VNVCA,Can Tho,10.0333,105.7833
VNVCH,Vat Cach,20.8833,106.6
VNVHG,Vinalines Hau Giang Port,9.15,105.1333
VNVLG,Vinh Long,10.2333,105.9667
VNVLO,Vinh Loi,18.7333,105.6667
VNVNH,Vinh,18.7333,105.6667
VNVPH,Van Phong,20.8,106.8667
VNVRO,Vung Ro,12.85,109.4167
VNVUT,Vung Tau,10.35,107.0667
VULUG,Luganville,-15.5333,167.1667
VUPSA,Port Sandwich,51.2667,1.35
VUSAN,Santo,-23.9333,-46.3167
WFHLO,Halalo,-13.3333,-176.2167
WFMAU,Mata'utu,-13.2833,-176.1833
WFSIG,Sigave,-14.2833,-178.1667
WSAPW,Apia,0.8833,134.3167
XZAAD,Aasgard,65.0833,6.7333
XZANT,Ardjuna,-5.9,105.95
XZANU,Anoa Natuna,5.2333,105.6
XZBUV,Buffalo Venture,59.4833,10.3667
XZCMT,Camar Marine Terminal,-6.3,113.0
XZDHS,Dai Hung (STS Load),8.8667,103.3
XZDHT,Dai Hung (Tandem Load),8.4667,108.6833
XZDRA,Draugen,64.3333,7.75
XZDTL,Dulang Marine Terminal,5.8,104.1667
XZHEI,Heidrun,65.3167,7.3333
XZKMT,Kakap Marine Terminal,5.0167,105.95
XZLAM,Laminaria Terminal,-11.0,126.0
XZNJO,Njord,64.25,7.2
XZNNE,Norne,66.0,7.9833
XZSBY,Sibuko Bay,3.85,118.1
XZSHA,Al Shaheen terminal,26.5833,52.0
XZSUU,Suursaq,80.8167,-66.6333
XZTGR,Tandjung Gerem,5.9667,105.9833
XZWRT,Widuri Marine Terminal,-4.6667,106.65
XZYET,Yetagun Field,13.05,96.85
YEADE,Aden,46.8,15.8667
YEHAU,Haura,35.7667,139.3
YEHOD,Hodeidah,14.8333,42.9
YELAD,Little Aden,12.7333,44.8667
YEMYN,Mareb,59.4833,10.3667
YEPRM,Perim Island,12.65,43.4167
YERAI,Ras Isa Terminal,15.2,42.6667
YERAK,Ras Al Kalib,44.0667,15.2
YESAL,Saleef Port,34.0333,-6.8
YESCT,Suqutra,12.5,54.0
YTDZA,Dzaoudzi-Pamandzi Apt,-12.8,45.2833
YTKNK,Kani-Keli,-12.95,45.1
YTLON,Longoni,-12.7167,45.1667
YTMAM,Mamoudzou,-12.7833,45.2333
ZA2WC,Klipheuwel,-33.7,18.7
ZA3WC,Goudiniweg,-34.6,19.3167
ZA7WC,Riviersonderend,-34.15,19.9
ZA8GT,Bottelary,-33.1333,18.1
ZAAOB,Algoa Bay,49.05,4.0
ZACPT,Cape Town,-33.9167,18.4167
ZACTP,Eastern Cape,-32.2833,26.4167
ZADRU,De Rust,-33.4833,22.5333
ZADUR,Durban,-29.85,31.0167
ZADWK,De Waterkant,-33.9,18.4167
ZAEBY,Elands Bay,-32.3,18.3167
ZAELS,East London,59.4667,17.3833
ZAGRH,Grahamstown,69.0167,15.1333
ZAGSF,Garsfontein,-25.7833,28.2833
ZAIVI,Island View,-29.8833,31.0333
ZAJOH,Port Saint John's,-31.6333,29.5333
ZAJTP,Jet Park,-26.1667,28.2333
ZAKKN,Komkans,-31.2167,18.05
ZAKOM,Kommetjie,-34.1333,18.3167
ZAKOS,Kenton-on-Sea,-33.6667,26.65
ZAKUU,Kasulu,-4.5667,30.1
ZAKYA,Kyalami,61.2167,17.15
ZALER,Lerato,-29.5667,21.5167
ZAMD3,Madantsane,-32.95,27.7667
ZAMDE,Meadowdale,61.3667,5.4167
ZAMWT,Maydon Whart,49.05,4.0
ZAMZY,Mossel Bay,49.05,4.0
ZANGG,New Germany,-29.8,30.8833
ZANNL,Nottingham Road,-29.35,30.0
ZANOL,Port Nolloth,50.7667,4.2667
ZAPED,Port Edward,-31.05,30.2167
ZAPEN,Pennington,-30.3833,30.7
ZAPIT,Point,-19.9,148.0833
ZAPLZ,Gqeberha,-33.95,25.6
ZAPNL,Paardeneiland,-33.9167,18.4667
ZARCB,Richards Bay,49.05,4.0
ZARSS,Izmit,40.7833,29.95
ZARWC,Riebeek West,-33.35,18.8667
ZASDB,Saldanha Bay,49.05,4.0
ZASHM,Robertsham,26.25,28.0167
ZASID,Sidwell,51.2167,5.8
ZASMN,Simon's Town,-34.1833,18.4333
ZASNL,Southbroom,-30.9167,30.3167
ZASTD,Strand,-34.1167,18.8333
ZASTR,Struandale,61.3667,5.4167
ZAVAC,Vaalcon,59.4667,17.3833
ZAWAT,Waterfront,59.4667,17.3833
ZAWTN,Winterton,59.4667,17.3833
ZAWWC,Wemmershoek,-33.8667,19.0333
ZAZBA,Coega,-33.7667,25.6667
ZAZE4,Sezela,-30.4167,30.6833
ZMSIA,Siavonga,-16.5333,28.7167
ZWCHE,Chegutu,-18.1333,30.15
ZWFLU,Filabusi,-20.5333,29.2833
ZWGWA,Gwanda,-20.9333,29.0
ZWRSP,Rusape,-18.5333,32.1167
ZWZMZ,Zimbabwe,-20.2667,30.9167
